"CASEID","POINT_X","POINT_Y","YEAR_","LOCATION","CHPTYPE","DAYWEEK","CRASHSEV","VIOLCAT","KILLED","INJURED","WEATHER1","PEDCOL","BICCOL","MCCOL","TRUCKCOL","ETOH","TIMECAT","MONTH_","CRASHTYP","INVOLVE","PED","PRIMARYRD","SECONDRD","DISTANCE","DIRECT","INTERSECT_","PROCDATE","JURIS","DATE_","TIME_","BADGE","JURIDIST","SHIFT","POP","SPECIAL","BEATTYPE","LAPDDIV","BEATCLAS","BEATNUMB","WEATHER2","STATEHW","CALTRANC","CALTRAND","STROUTE","ROUTESUF","POSTPRE","POSTMILE","LOCATYPE","RAMP","SIDEHW","TOWAWAY","PARTIES","PCF","VIOLCODE","VIOL","VIOLSUB","HITRUN","ROADSURF","RDCOND1","RDCOND2","LIGHTING","RIGHTWAY","CHPRDTYP","NOTPRIV","STFAULT","CHPFAULT","SEVINJ","OTHERINJ","COP","PEDKILL","PEDINJ","BICKILL","BICINJ","MCKILL","MCINJURE","RAMP1","RAMP2","CITY","COUNTY","STATE","X_CHP","Y_CHP"
"90270164",-121.555425,39.1254022,2016,"5800","5","2","3","18",0,1,"A","Y",,,"Y",,900,9,"E","I","F","GROVE AVENUE","ASH WAY",62,"N","N","2016-09-19",9285,"2016-09-13",835,"017534",,"1","9","0","3",,"1","004","-","N",,0,0,,,0,,,,"Y",2,"C","-",0,,"N","A","G","-","A","D","0","Y","-","-",0,1,0,0,1,0,0,0,0,"-","-","UNINCORPORATED","YUBA","CA",-121.33196,39.67314
"90270030",0,0,2016,"5800","4","7","3","08",0,1,"A",,,,,,1500,9,"E","I","A","HAMMONTON SMARTSVILLE RD","BROPHY RD",2640,"E","N","2016-09-19",9285,"2016-09-11",1203,"018986",,"1","9","0","2",,"1","042","-","N",,0,0,,,0,,,,"Y",1,"A","-",22107,,"N","A","H","-","A","D","0","Y","A","07",0,1,0,0,0,0,0,0,0,"-","-","UNINCORPORATED","YUBA","CA",-121.47696,39.1546
"90269793",-121.3661109,39.291968,2016,"5800","4","6","4","08",0,1,"A",,,"Y",,,900,9,"E","I","A","PEORIA RD","MAGALIA WAY",740,"S","N","2016-09-19",9285,"2016-09-10",740,"018986",,"1","9","0","2",,"1","061","-","N",,0,0,,,0,,,,"N",1,"A","-",22107,,"N","A","H","-","A","D","0","Y","C","02",0,0,1,0,0,0,0,0,1,"-","-","UNINCORPORATED","YUBA","CA",-121.36616,39.29209
"90269580",0,0,2016,"5800","3","4","4","04",0,1,"A",,,,,,1800,9,"C","C","A","SR-70 N/B"," FEATHER RIVER BLVD U/C",970,"N","N","2016-09-19",9285,"2016-09-15",1639,"014480",,"2","9","0","1",,"1","020","-","Y",,0,0,,,0,,,,"N",2,"A","-",21703,,"N","A","H","-","A","D","0","Y","A","01",0,0,1,0,0,0,0,0,0,"-","-","UNINCORPORATED","YUBA","CA",-121.57985,39.12625
"90269575",-121.5626453,39.1273995,2016,"5800","4","7","4","03",0,1,"A",,,,,,1200,9,"C","C","A","N. BEALE ROAD","SILVERWOOD ST",100,"E","N","2016-09-19",9285,"2016-09-11",1130,"017118",,"1","9","0","2",,"1","041","-","N",,0,0,,,0,,,,"N",2,"A","-",22350,,"N","A","H","-","A","D","0","Y","A","07",0,0,1,0,0,0,0,0,0,"-","-","UNINCORPORATED","YUBA","CA",-121.3346,39.07388
"90266976",-121.4513275,39.1292814,2016,"5800","4","6","4","08",0,1,"A",,,,,,900,9,"E","I","A","N BEALE ROAD","BLAIR WAY",169,"E","N","2016-09-13",9285,"2016-09-10",650,"017118",,"1","9","0","2",,"1","041","-","N",,0,0,,,0,,,,"Y",1,"A","-",22107,,"N","A","H","-","A","D","0","Y","A","01",0,0,1,0,0,0,0,0,0,"-","-","UNINCORPORATED","YUBA","CA",-121.45126,39.12932
"90266856",0,0,2016,"5800","4","4","3","09",0,3,"A",,,,,,1200,9,"D","C","A","SR-65 N/B","SOUTH BEALE ROAD",0,,"Y","2016-09-13",9285,"2016-09-08",1019,"017118",,"1","9","0","2",,"2","025","-","Y",,0,0,,,0,,,,"Y",2,"A","-",21801,"A","N","A","H","-","A","A","0","Y","A","07",0,2,1,0,0,0,0,0,0,"-","-","UNINCORPORATED","YUBA","CA",-121.28177,39.02267
"90266813",-121.5444232,39.0966851,2016,"5800","5","2","4","05",0,1,"A",,"Y",,,,1800,9,"D","G","A","POWERLINE RD","TURPEN ST",0,,"N","2016-09-13",9285,"2016-09-06",1513,"014401",,"2","9","0","3",,"1","002","-","N",,0,0,,,0,,,,"N",2,"A","-",21650,,"N","A","H","-","A","D","0","Y","L","04",0,0,1,0,0,0,1,0,0,"-","-","UNINCORPORATED","YUBA","CA",0,0
"90266801",-121.5510931,39.101405,2016,"5800","4","2","4","03",0,2,"A",,,,,,2100,9,"C","C","A","OLIVEHURST AVE","POWERLINE RD",0,,"Y","2016-09-13",9285,"2016-09-06",1805,"019760",,"2","9","0","2",,"1","022","-","N",,0,0,,,0,,,,"N",2,"A","-",22350,,"N","A","H","-","A","A","0","Y","A","01",0,0,2,0,0,0,0,0,0,"-","-","UNINCORPORATED","YUBA","CA",-121.55055,39.10126
"90266751",-121.5789828,39.1230811,2016,"5800","5","1","2","05",0,1,"A",,"Y",,,,1800,9,"D","G","A","GARDEN AVE","FEATHER RIVER BLVD",64,"N","N","2016-09-13",9285,"2016-09-05",1649,"017534",,"2","9","0","3",,"1","002","-","N",,0,0,,,0,,,,"N",2,"A","-",21650,,"N","A","H","-","A","D","0","Y","L","04",1,0,0,0,0,0,1,0,0,"-","-","UNINCORPORATED","YUBA","CA",-121.57895,39.12316
"90266072",0,0,2016,"5800","4","4","3","08",0,1,"A",,,"Y",,,1500,9,"E","I","A","LA PORTE RD","LEXINGTON HILL ROAD",42240,"S","N","2016-09-12",9285,"2016-09-01",1300,"018986",,"1","9","0","2",,"2","082","-","N",,0,0,,,0,,,,"N",1,"A","-",22107,,"N","A","H","-","A","D","0","Y","C","02",0,1,0,0,0,0,0,0,1,"-","-","UNINCORPORATED","YUBA","CA",-121.09653,39.57916
"90265668",-121.5788663,39.0302052,2016,"5800","4","6","2","01",0,6,"A",,,,,"Y",2400,8,"E","I","A","FEATHER RIVER BOULEVARD ","COUNTRY CLUB ROAD",1056,"S","N","2016-09-12",9285,"2016-08-27",2243,"017129",,"3","9","0","2",,"2","021","-","N",,0,0,,,0,,,,"Y",1,"A","-",23152,"A","F","A","H","-","D","D","0","Y","A","07",4,2,0,0,0,0,0,0,0,"-","-","UNINCORPORATED","YUBA","CA",-121.57887,39.03009
"90264373",-121.5758617,39.1255823,2016,"5800","4","3","4","03",0,1,"A",,,,,,1800,8,"C","C","A","FEATHER RIVER BLVD","NORTH BEALE ROAD",30,"W","N","2016-09-08",9285,"2016-08-31",1559,"018986",,"2","9","0","2",,"1","041","-","N",,0,0,,,0,,,,"N",2,"A","-",22350,,"N","A","H","-","A","A","0","Y","D","22",0,0,1,0,0,0,0,0,0,"-","-","UNINCORPORATED","YUBA","CA",-121.57451,39.12354
"90263261",0,0,2016,"5800","4","2","4","03",0,3,"A",,,,,,1200,8,"C","C","A","HAMMONTON SMARTVILLE RD","HAMMONTON RD",920,"W","N","2016-09-07",9285,"2016-08-23",1030,"019760",,"1","9","0","2",,"1","042","-","Y",,0,0,,,0,,,,"Y",2,"A","-",22350,,"N","A","H","-","A","D","0","Y","A","01",0,0,3,0,0,0,0,0,0,"-","-","UNINCORPORATED","YUBA","CA",-121.45409,39.16408
"90263164",-121.4392268,39.019081,2016,"5800","4","3","4","03",0,1,"A",,,,,,900,8,"C","C","A","SR-65","EVERGREEN DR",1584,"N","N","2016-09-07",9285,"2016-08-31",738,"017118",,"1","9","0","2",,"2","025","-","Y",,0,0,,,0,,,,"Y",3,"A","-",22350,,"N","A","H","-","A","D","0","Y","A","01",0,0,1,0,0,0,0,0,0,"-","-","UNINCORPORATED","YUBA","CA",-121.26206,39.01082
"90261531",0,0,2016,"5800","4","2","3","03",0,1,"A",,,"Y",,,1800,8,"H","A","A","HAMMONTON-SMARTSVILLE ROAD","SOUTH GOLDEN PKY",290,"W","N","2016-09-06",9285,"2016-08-30",1707,"017534",,"2","9","0","2",,"1","042","-","N",,0,0,,,0,,,,"N",1,"A","-",22350,,"N","A","B","D","A","D","0","Y","C","02",0,1,0,0,0,0,0,0,1,"-","-","UNINCORPORATED","YUBA","CA",-121.19026,39.11547
"90261351",0,0,2016,"5800","3","4","4","08",0,1,"A",,,,,,1500,8,"E","I","A","SR-70 N/B","3RD ST",2640,"S","N","2016-09-06",9285,"2016-08-18",1429,"015491",,"2","9","0","1",,"1","020","-","Y",,0,0,,,0,,,,"Y",1,"A","-",22107,,"N","A","H","-","A","D","0","Y","A","01",0,0,1,0,0,0,0,0,0,"-","-","UNINCORPORATED","YUBA","CA",-121.5888,39.13299
"90255751",-121.5469941,39.0923045,2016,"5800","5","2","2","08",0,1,"A",,"Y",,,,900,8,"C","G","A","FLEMING WAY","9TH AVE",273,"N","N","2016-08-29",9285,"2016-08-09",725,"019760",,"1","9","0","3",,"1","002","-","N",,0,0,,,0,,,,"N",3,"A","-",22107,,"F","A","H","-","A","D","0","Y","A","01",1,0,0,0,0,0,1,0,0,"-","-","UNINCORPORATED","YUBA","CA",-121.54702,39.09224
"90255745",0,0,2016,"5800","5","3","4","09",0,2,"A",,,,,,1800,8,"D","C","A","SB SR 70 TO PLUMAS LAKE BOULEVARD","PLUMAS LAKE BOULEVARD",0,,"Y","2016-08-29",9285,"2016-08-24",1622,"017534",,"2","9","0","3",,"1","002","-","Y",,0,0,,,0,,,,"Y",2,"A","-",21801,"A","N","A","H","-","A","A","0","Y","A","01",0,0,2,0,0,0,0,0,0,"-","-","UNINCORPORATED","YUBA","CA",-121.54814,39.02164
"90255566",-121.5434233,39.2184892,2016,"5800","5","4","3","03",0,1,"A",,,"Y",,,1800,8,"F","A","A","MATHEWS LANE","WOODRUFF LN",1500,"N","N","2016-08-29",9285,"2016-08-25",1744,"017118",,"2","9","0","3",,"1","006","-","N",,0,0,,,0,,,,"N",1,"A","-",22350,,"N","A","H","-","A","D","0","Y","C","02",0,1,0,0,0,0,0,0,1,"-","-","UNINCORPORATED","YUBA","CA",-121.54357,39.21803
"90255519",0,0,2016,"5800","4","5","4","07",0,1,"A",,"Y",,,,900,8,"B","G","A","SR-65 S/B OFF RAMP TO MCGOWAN PARKWAY","MCGOWAN PKWY",1320,"N","N","2016-08-29",9285,"2016-08-19",735,"016343",,"1","9","0","2",,"2","025","-","Y",,0,0,,,0,,,,"N",2,"A","-",21658,"A","N","A","H","-","A","D","0","Y","L","04",0,0,1,0,0,0,1,0,0,"-","-","UNINCORPORATED","YUBA","CA",-121.53071,39.08061
"90255491",-121.3683347,39.3142637,2016,"5800","4","7","3","08",0,1,"A",,,,,,1800,8,"F","I","A","MARYSVILLE RD","THERESE TRL",231,"N","N","2016-08-29",9285,"2016-08-21",1520,"019760",,"2","9","0","2",,"1","061","-","N",,0,0,,,0,,,,"Y",1,"A","-",22107,,"N","A","H","-","A","D","0","Y","A","01",0,1,0,0,0,0,0,0,0,"-","-","UNINCORPORATED","YUBA","CA",-121.36863,39.31372
"90255469",0,0,2016,"5800","3","6","4","09",0,1,"A",,,,,,2100,8,"D","C","A","STATE ROUTE 99 ","SMITH ROAD ",0,,"Y","2016-08-29",9285,"2016-08-13",1940,"017129",,"2","9","0","1",,"1","051","-","Y",,0,0,,,0,,,,"Y",2,"A","-",21802,"A","N","A","H","-","B","A","0","Y","A","01",0,0,1,0,0,0,0,0,0,"-","-","UNINCORPORATED","YUBA","CA",-121.63478,39.10195
"90251991",0,0,2016,"5800","4","2","4","03",0,1,"A",,,,,,1200,8,"C","C","A","NORTH BEALE RD E/B","HAMMONTON SMARTVILLE RD",330,"W","N","2016-08-24",9285,"2016-08-23",939,"014401",,"1","9","0","2",,"1","041","-","N",,0,0,,,0,,,,"Y",2,"A","-",22350,,"N","A","D","-","A","A","0","Y","A","01",0,0,1,0,0,0,0,0,0,"-","-","UNINCORPORATED","YUBA","CA",-121.4324,39.12746
"90251389",-121.5388791,39.2478467,2016,"5800","5","2","4","08",0,1,"A",,,,,,1500,8,"E","I","A","MATHEWS LN","RAMIREZ RD",6336,"S","N","2016-10-27",9285,"2016-08-16",1400,"019760",,"2","9","0","3",,"1","006","-","N",,0,0,,,0,,,,"Y",1,"A","-",22107,,"N","A","H","-","A","D","0","Y","D","22",0,0,1,0,0,0,0,0,0,"-","-","UNINCORPORATED","YUBA","CA",-121.53924,39.2471
"90251093",0,0,2016,"5800","4","7","3","08",0,1,"A",,,,,"Y",900,8,"D","C","A","HAMMNTON-SMARTSVILLE ROAD","BRYDEN RD",1584,"E","N","2016-08-23",9285,"2016-08-21",840,"017534",,"1","9","0","2",,"1","042","-","N",,0,0,,,0,,,,"Y",2,"A","-",22107,,"N","A","H","-","A","D","0","Y","E","22",0,1,0,0,0,0,0,0,0,"-","-","UNINCORPORATED","YUBA","CA",-121.30035,39.08476
"90251065",-121.5382805,39.0773693,2016,"5800","4","7","4","03",0,1,"A",,,,,,1200,8,"C","C","A","MCGOWAN PKY","EVELYN DR",198,"W","N","2016-08-23",9285,"2016-08-21",1120,"018153",,"1","9","0","2",,"1","022","-","N",,0,0,,,0,,,,"N",2,"A","-",22350,,"N","A","H","-","A","D","0","Y","A","01",0,0,1,0,0,0,0,0,0,"-","-","UNINCORPORATED","YUBA","CA",-121.53819,39.07734
"90250273",-121.4330399,39.225094,2016,"5800","3","1","4","06",0,3,"A",,,"Y",,,900,8,"C","C","A","SR-20","JOINES RD",5280,"E","N","2016-08-23",9285,"2016-08-15",730,"019760",,"1","9","0","1",,"1","062","-","Y",,0,0,,,0,,,,"Y",2,"A","-",21750,,"N","A","H","-","A","D","0","Y","C","02",0,0,3,0,0,0,0,0,1,"-","-","UNINCORPORATED","YUBA","CA",-121.43334,39.22485
"90250254",-121.5945092,39.1893224,2016,"5800","3","2","4","08",0,1,"A",,,,,,1200,8,"E","I","A","SR-70","MAYER RD",530,"N","N","2016-08-23",9285,"2016-08-16",1040,"019760",,"1","9","0","1",,"1","060","-","Y",,0,0,,,0,,,,"Y",1,"A","-",22107,,"N","A","H","-","A","D","0","Y","A","01",0,0,1,0,0,0,0,0,0,"-","-","UNINCORPORATED","YUBA","CA",-121.59437,39.18844
"90249720",-121.5951712,39.3024933,2016,"5800","3","2","3","03",0,4,"A",,,,,,1800,8,"C","C","A","SR-70","CHANDLER RD.",400,"N","N","2016-08-22",9285,"2016-08-09",1650,"019760",,"2","9","0","1",,"1","062","-","Y",,0,0,,,0,,,,"Y",3,"A","-",22350,,"N","A","H","-","A","D","0","Y","D","22",0,1,3,0,0,0,0,0,0,"-","-","UNINCORPORATED","YUBA","CA",-121.59491,39.29344
"90245242",-121.2980869,39.2036677,2016,"5800","3","4","4","18",0,1,"A",,,,,,1800,8,"E","H","A","SR-20","MCGANNEY LN",150,"W","N","2016-08-15",9285,"2016-08-11",1725,"014480",,"2","9","0","1",,"1","062","-","Y",,0,0,,,0,,,,"N",1,"C","-",0,,"N","A","H","-","A","D","0","Y","-","-",0,0,1,0,0,0,0,0,0,"-","-","UNINCORPORATED","YUBA","CA",-121.29852,39.20407
"90245237",-121.5587632,39.1281551,2016,"5800","5","3","4","05",0,1,"A",,"Y",,,,1800,8,"B","G","A","PARK AVE","SHASTA WAY",0,,"Y","2016-08-15",9285,"2016-08-10",1643,"014480",,"2","9","0","3",,"1","004","-","N",,0,0,,,0,,,,"N",2,"A","-",21202,"A","F","A","H","-","A","A","0","Y","L","04",0,0,1,0,0,0,1,0,0,"-","-","UNINCORPORATED","YUBA","CA",-121.55879,39.12817
"90245225",-121.3942545,39.2622758,2016,"5800","4","7","2","08",0,2,"A",,,,,,1500,8,"F","A","A","MARYSVILLE RD","BALD MOUNTAIN RD",134,"N","N","2016-08-15",9285,"2016-08-07",1255,"017534",,"1","9","0","2",,"1","061","-","N",,0,0,,,0,,,,"Y",1,"A","-",22107,,"N","A","H","-","A","D","0","Y","D","22",1,0,1,0,0,0,0,0,0,"-","-","UNINCORPORATED","YUBA","CA",-121.2339,39.15449
"90243223",-121.565764,39.1265661,2016,"5800","4","7","4","03",0,1,"A",,,,,,1500,8,"C","C","A","N. BEALE ROAD","AVONDALE AVE",444,"E","N","2016-08-11",9285,"2016-08-07",1215,"018153",,"1","9","0","2",,"1","041","-","N",,0,0,,,0,,,,"Y",2,"A","-",22350,,"N","A","H","-","A","D","0","Y","A","08",0,0,1,0,0,0,0,0,0,"-","-","UNINCORPORATED","YUBA","CA",-121.56576,39.12667
"90243222",-121.5782376,39.1263163,2016,"5800","4","7","4","08",0,1,"A",,"Y",,,,1800,7,"E","I","A","N BEALE ROAD ","FEATHER RIVER BLVD",739,"N","N","2016-08-11",9285,"2016-07-31",1700,"017129",,"2","9","0","2",,"1","042","-","N",,0,0,,,0,,,,"Y",2,"A","-",22107,,"N","A","H","-","A","D","0","Y","A","08",0,0,1,0,0,0,1,0,0,"-","-","UNINCORPORATED","YUBA","CA",-121.57743,39.12595
"90241740",0,0,2016,"5800","5","1","1","03",1,4,"A",,,,,,300,7,"E","I","A","LINDA AVENUE","NORTH BEALE ROAD",1584,"S","N","2016-08-10",9285,"2016-07-18",25,"018636",,"3","9","0","3",,"1","004","-","N",,0,0,,,0,,,,"Y",1,"A","-",22350,,"N","A","H","-","D","D","0","Y","A","01",0,3,1,0,0,0,0,0,0,"-","-","UNINCORPORATED","YUBA","CA",-121.5333,39.12358
"90241625",0,0,2016,"5800","5","7","4","01",0,1,"A",,,,,"Y",2400,8,"E","I","A","MARYSVILLE ROAD","MIDDLE BROOK WAY",6336,"W","N","2016-08-10",9285,"2016-08-07",2145,"018291",,"2","9","0","3",,"1","008","-","N",,0,0,,,0,,,,"Y",1,"A","-",23152,"A","N","A","H","-","D","D","0","Y","A","01",0,0,1,0,0,0,0,0,0,"-","-","UNINCORPORATED","YUBA","CA",-121.17181,39.36081
"90241611",0,0,2016,"5800","4","7","4","08",0,1,"A",,,,"Y",,900,8,"E","I","A","FEATHER RIVER BLVD","COUNTY ROAD 512",3696,"N","N","2016-08-10",9285,"2016-08-07",655,"018153",,"1","9","0","2",,"2","021","-","N",,0,0,,,0,,,,"Y",1,"A","-",22107,,"N","A","H","-","A","D","0","Y","G","25",0,0,1,0,0,0,0,0,0,"-","-","UNINCORPORATED","YUBA","CA",-121.56802,39.97236
"90241567",-121.5926798,39.1825137,2016,"5800","3","3","4","03",0,2,"A",,,,,,1800,8,"C","C","A","SR-70","SILVA AVE",480,"N","N","2016-08-10",9285,"2016-08-03",1703,"014480",,"2","9","0","1",,"1","060","-","Y",,0,0,,,0,,,,"N",2,"A","-",22350,,"N","A","H","-","A","D","0","Y","D","22",0,0,2,0,0,0,0,0,0,"-","-","UNINCORPORATED","YUBA","CA",-121.59252,39.18248
"90239474",0,0,2016,"5800","3","1","3","03",0,1,"A",,,"Y",,,1800,8,"F","A","A","SR-70 N/B TO FEATHER RIVER BLVD","FEATHER RIVER BLVD",242,"E","N","2016-08-08",9285,"2016-08-01",1550,"018153",,"2","9","0","1",,"1","020","-","Y",,0,0,,,0,,,,"Y",1,"A","-",22350,,"N","A","H","-","A","D","0","Y","C","02",0,1,0,0,0,0,0,0,1,"-","-","UNINCORPORATED","YUBA","CA",-121.57541,39.12502
"90239414",0,0,2016,"5800","3","2","4","03",0,2,"A",,,,,,1800,8,"C","C","A","SR-70 S/B","FEATHER RIVER BLVD",2640,"S","N","2016-08-08",9285,"2016-08-02",1602,"018153",,"2","9","0","1",,"1","020","-","Y",,0,0,,,0,,,,"Y",3,"A","-",22350,,"N","A","H","-","A","D","0","Y","A","01",0,0,2,0,0,0,0,0,0,"-","-","UNINCORPORATED","YUBA","CA",-121.5702,39.12014
"90239377",0,0,2016,"5800","3","5","4","03",0,1,"A",,,,,,1800,7,"C","C","A","SR-20","STACY ANN DR",0,,"Y","2016-08-08",9285,"2016-07-22",1607,"018986",,"2","9","0","1",,"1","062","-","Y",,0,0,,,0,,,,"Y",2,"A","-",22350,,"N","A","H","-","A","D","0","Y","D","22",0,0,1,0,0,0,0,0,0,"-","-","UNINCORPORATED","YUBA","CA",-121.3648,39.23326
"90237827",-121.3179797,39.211529,2016,"5800","3","1","1","08",1,1,"A",,,,,,1200,6,"F","A","A","STATE ROUTE 20 EASTBOUND ","RIVERVIEW TERRACE ",528,"E","N","2016-08-04",9285,"2016-06-27",1049,"017129",,"1","9","0","1",,"1","062","-","Y",,0,0,,,0,,,,"Y",1,"A","-",22107,,"N","A","H","-","A","D","0","Y","E","22",0,1,0,0,0,0,0,0,0,"-","-","UNINCORPORATED","YUBA","CA",-121.31726,39.21109
"90237769",-121.3198151,39.1978816,2016,"5800","4","3","4","08",0,1,"A",,,,,,900,8,"E","I","A","HAMMONTON SMARTVILLE RD","SOUTH GOLDEN PKY",1056,"W","N","2016-08-04",9285,"2016-08-03",855,"014480",,"1","9","0","2",,"1","042","-","N",,0,0,,,0,,,,"Y",1,"A","-",22107,,"N","A","H","-","A","D","0","Y","A","01",0,0,1,0,0,0,0,0,0,"-","-","UNINCORPORATED","YUBA","CA",-121.32037,39.19775
"90237761",-121.3418508,39.1931264,2016,"5800","4","7","2","03",0,1,"A",,,,,,1200,7,"F","A","A","HAMMONTON SMARTVILLE RD","DOWNEY GUNNING RD",158,"W","N","2016-08-04",9285,"2016-07-31",1100,"017129",,"1","9","0","2",,"1","042","-","N",,0,0,,,0,,,,"Y",1,"A","-",22350,,"N","A","H","-","A","D","0","Y","A","01",1,0,0,0,0,0,0,0,0,"-","-","UNINCORPORATED","YUBA","CA",-121.3468,39.19343
"90237757",0,0,2016,"5800","4","7","4","03",0,2,"A",,,,,,2100,7,"C","C","A","SR-65 N/B","STATE STREET",4224,"S","N","2016-08-04",9285,"2016-07-31",1955,"018522",,"2","9","0","2",,"2","025","-","Y",,0,0,,,0,,,,"N",2,"A","-",22350,,"N","A","H","-","A","D","0","Y","A","08",0,0,2,0,0,0,0,0,0,"-","-","UNINCORPORATED","YUBA","CA",-121.40721,39.00034
"90237512",-121.3203264,39.3802029,2016,"5800","4","5","3","08",0,1,"A",,,,,,1200,7,"E","I","A","WILLOW GLENN RD","SKY GLEN DR",528,"N","N","2016-08-04",9285,"2016-07-29",1138,"018986",,"1","9","0","2",,"2","081","-","N",,0,0,,,0,,,,"Y",1,"A","-",22107,,"N","A","H","-","A","D","0","Y","A","01",0,1,0,0,0,0,0,0,0,"-","-","UNINCORPORATED","YUBA","CA",-121.32031,39.38139
"90236967",-121.5562232,39.0958062,2016,"5800","5","5","4","21",0,1,"A",,,,,,1800,7,"B","C","A","WESTERN AVE","7TH AVENUE",157,"N","N","2016-08-03",9285,"2016-07-29",1500,"017118",,"2","9","0","3",,"1","002","-","N",,0,0,,,0,,,,"N",2,"A","-",22106,,"N","A","H","-","A","A","0","Y","A","01",0,0,1,0,0,0,0,0,0,"-","-","UNINCORPORATED","YUBA","CA",-121.5562,39.09584
"90236962",0,0,2016,"5800","3","4","4","09",0,1,"A",,,,,,2400,7,"D","C","A","SR-70","NORTH BEALE ROAD",0,,"Y","2016-08-03",9285,"2016-07-28",2200,"018636",,"3","9","0","1",,"1","020","-","Y",,0,0,,,0,,,,"Y",2,"A","-",21800,"A","N","A","H","-","C","D","0","Y","A","01",0,0,1,0,0,0,0,0,0,"-","-","UNINCORPORATED","YUBA","CA",-121.58393,39.12915
"90236783",-121.5374238,39.1353944,2016,"5800","4","1","4","03",0,1,"A",,,,,,1500,7,"C","C","A","HAMMONTON SMARTVILLE RD","TREVOR DR",20,"W","N","2016-08-03",9285,"2016-07-25",1244,"018340",,"1","9","0","2",,"1","042","-","N",,0,0,,,0,,,,"Y",2,"A","-",22350,,"N","A","H","-","A","D","0","Y","A","07",0,0,1,0,0,0,0,0,0,"-","-","UNINCORPORATED","YUBA","CA",-121.53751,39.1354
"90236780",-121.5542132,39.113335,2016,"5800","5","7","4","03",0,1,"A",,,,,,1800,7,"C","C","A","EDGEWATER CT","ERLE RD",0,,"Y","2016-08-03",9285,"2016-07-24",1605,"018153",,"2","9","0","3",,"1","004","-","N",,0,0,,,0,,,,"N",2,"A","-",22350,,"N","A","H","-","A","A","0","Y","A","08",0,0,1,0,0,0,0,0,0,"-","-","UNINCORPORATED","YUBA","CA",-121.55434,39.11335
"90236740",0,0,2016,"5800","3","5","4","03",0,4,"A",,,,,,1800,7,"C","C","A","SR-70 E/B","MAGNOLIA RD",2112,"S","N","2016-08-03",9285,"2016-07-22",1558,"015976",,"2","9","0","1",,"1","060","-","Y",,0,0,,,0,,,,"Y",2,"A","-",22350,,"N","A","H","-","A","D","0","Y","A","01",0,0,4,0,0,0,0,0,0,"-","-","UNINCORPORATED","YUBA","CA",-121.60061,39.23301
"90236736",0,0,2016,"5800","3","5","4","08",0,2,"A",,,,,,1800,7,"E","I","A","SR-70 N/B","MAGNOLIA RD",2112,"S","N","2016-08-03",9285,"2016-07-22",1537,"015976",,"2","9","0","1",,"1","060","-","Y",,0,0,,,0,,,,"Y",1,"A","-",22107,,"N","A","H","-","A","D","0","Y","A","01",0,0,2,0,0,0,0,0,0,"-","-","UNINCORPORATED","YUBA","CA",-121.60061,39.23013
"90236602",-121.3236313,39.3636647,2016,"5800","4","4","4","03",0,1,"A",,,"Y",,,1800,7,"C","C","A","WILLOW GLEN RD","NEPTUNE RD",20,"S","N","2016-08-03",9285,"2016-07-21",1717,"018986",,"2","9","0","2",,"2","081","-","N",,0,0,,,0,,,,"N",2,"A","-",22350,,"N","A","H","-","A","D","0","Y","C","02",0,0,1,0,0,0,0,0,1,"-","-","UNINCORPORATED","YUBA","CA",-121.32368,39.3636
"90235315",-121.5948801,39.1935081,2016,"5800","3","7","4","08",0,1,"A",,,,,,1200,7,"F","A","A","SR-70","SURREY WAY",130,"S","N","2016-08-02",9285,"2016-07-24",930,"018340",,"1","9","0","1",,"1","060","-","Y",,0,0,,,0,,,,"Y",1,"A","-",22107,,"N","A","H","-","A","D","0","Y","A","07",0,0,1,0,0,0,0,0,0,"-","-","UNINCORPORATED","YUBA","CA",-121.59482,39.19353
"5972600",-121.591717816,39.1373802832,2012,"5801","0","1","3","05",0,1,"A",,"Y",,,,1500,10,"D","G","A","F ST","3RD ST",170,"S","N","2013-12-16",5801,"2012-10-08",1443,"305","YUBAS","5","3","0","0",,"0",,"-","N",,0,0,,,0,,,,"N",2,"A","-",21650,,"N","A","H","-","A","D","0","Y","L","04",0,1,0,0,0,0,1,0,0,"-","-","MARYSVILLE","YUBA","CA",0,0
"5964936",-121.551874488,39.0952810153,2012,"5800","5","2","3","08",0,1,"A",,"Y",,,,2100,11,"H","G","A","7TH AV","OLIVEHURST AV",77,"W","N","2013-12-31",9285,"2012-11-27",1855,"016968",,"2","9","0","3",,"2","002","-","N",,0,0,,,0,,,,"N",2,"A","-",22107,,"N","A","H","-","C","D","0","Y","A","07",0,1,0,0,0,0,1,0,0,"-","-","UNINCORPORATED","YUBA","CA",-121.55269,39.09535