"CASEID","POINT_X","POINT_Y","YEAR_","LOCATION","CHPTYPE","DAYWEEK","CRASHSEV","VIOLCAT","KILLED","INJURED","WEATHER1","PEDCOL","BICCOL","MCCOL","TRUCKCOL","ETOH","TIMECAT","MONTH_","CRASHTYP","INVOLVE","PED","PRIMARYRD","SECONDRD","DISTANCE","DIRECT","INTERSECT_","PROCDATE","JURIS","DATE_","TIME_","BADGE","JURIDIST","SHIFT","POP","SPECIAL","BEATTYPE","LAPDDIV","BEATCLAS","BEATNUMB","WEATHER2","STATEHW","CALTRANC","CALTRAND","STROUTE","ROUTESUF","POSTPRE","POSTMILE","LOCATYPE","RAMP","SIDEHW","TOWAWAY","PARTIES","PCF","VIOLCODE","VIOL","VIOLSUB","HITRUN","ROADSURF","RDCOND1","RDCOND2","LIGHTING","RIGHTWAY","CHPRDTYP","NOTPRIV","STFAULT","CHPFAULT","SEVINJ","OTHERINJ","COP","PEDKILL","PEDINJ","BICKILL","BICINJ","MCKILL","MCINJURE","RAMP1","RAMP2","CITY","COUNTY","STATE","X_CHP","Y_CHP"
"5964932",0,0,2012,"5800","4","3","4","08",0,1,"A",,,,,,2100,11,"E","I","A","HAMMONTON SMARTVILLE RD","HAMMONTON RD",545,"W","N","2013-12-31",9285,"2012-11-07",1938,"018107",,"2","9","0","2",,"1","042","-","N",,0,0,,,0,,,,"Y",1,"A","-",22107,,"N","A","H","-","D","A","0","Y","A","01",0,0,1,0,0,0,0,0,0,"-","-","UNINCORPORATED","YUBA","CA",-121.45383,38.16429
"5964924",-121.578890536,39.0853328817,2012,"5800","4","5","3","01",0,1,"B",,,,,"Y",2400,11,"F","A","A","FEATHER RIVER BL","CURTIS ST",1190,"N","N","2013-12-31",9285,"2012-11-16",2130,"017889",,"2","9","0","2",,"1","021","C","N",,0,0,,,0,,,,"Y",1,"A","-",23152,"A","N","B","H","-","D","D","0","Y","A","07",0,1,0,0,0,0,0,0,0,"-","-","UNINCORPORATED","YUBA","CA",-121.34442,39.05075
"5964916",-121.225036217,39.4592679236,2012,"5800","5","6","4","08",0,1,"A",,,"Y",,"Y",1800,11,"F","A","A","CYPRESS WY","INDIANA RANCH RD",225,"W","N","2013-12-31",9285,"2012-11-24",1650,"018475",,"2","9","0","3",,"2","008","-","N",,0,0,,,0,,,,"N",1,"A","-",22107,,"N","B","H","-","A","A","0","Y","C","06",0,0,1,0,0,0,0,0,1,"-","-","UNINCORPORATED","YUBA","CA",-121.54396,38.81313
"5964912",-121.547157494,39.022573715,2012,"5800","3","6","4","03",0,1,"C",,,,,,2100,11,"E","I","A","RT 70","PLUMAS LAKE BL",1584,"N","N","2013-12-31",9285,"2012-11-17",2000,"016968",,"2","9","0","1",,"1","020","-","Y","YUB",3,70,"-","R",3.77,"H","-","W","Y",1,"A","-",22350,,"N","B","H","-","D","D","0","Y","A","01",0,0,1,0,0,0,0,0,0,"-","-","UNINCORPORATED","YUBA","CA",-121.5391,39.03303
"5964908",-121.573974906,39.1253349719,2012,"5800","4","3","4","03",0,1,"B",,,,,,1200,11,"C","C","A","NORTH BEALE RD","FEATHER RIVER BL",528,"E","N","2013-12-31",9285,"2012-11-21",950,"014825",,"1","9","0","2",,"1","041","-","N",,0,0,,,0,,,,"N",3,"A","-",22350,,"N","B","H","-","A","A","0","Y","A","01",0,0,1,0,0,0,0,0,0,"-","-","UNINCORPORATED","YUBA","CA",-121.57416,39.12541
"5956427",-121.585413868,39.1416003619,2012,"5801","0","3","4","03",0,1,"A","Y",,,,,1800,12,"G","B","F","CHESTNUT ST","6TH ST",53,"S","N","2014-01-11",5801,"2012-12-12",1558,"391",,"5","3","0","0",,"0",,"-","N",,0,0,,,0,,,,"N",2,"A","-",22350,,"N","D","G","-","A","D","0","Y","A","01",0,0,1,0,1,0,0,0,0,"-","-","MARYSVILLE","YUBA","CA",0,0
"5956426",-121.578893201,39.1547050045,2012,"5801","0","2","4","-",0,2,"B",,,,,,900,12,"D","C","A","EAST 17TH ST","BUCHANAN ST",0,,"Y","2014-03-28",5801,"2012-12-18",707,"352",,"5","3","0","0",,"0",,"F","N",,0,0,,,0,,,,"Y",3,"A","-",0,,"N","A","H","-","A","D","0","Y","A","01",0,0,2,0,0,0,0,0,0,"-","-","MARYSVILLE","YUBA","CA",0,0
"5955000",-121.403938603,39.0220296488,2012,"5800","5","3","4","03",0,1,"C",,,,,,600,12,"F","A","A","SPENCEVILLE RD","JASPER LN",52,"W","N","2014-01-14",9285,"2012-12-05",550,"015491",,"3","9","0","3",,"2","002","-","N",,0,0,,,0,,,,"Y",1,"A","-",22350,,"N","B","H","-","B","D","0","Y","A","01",0,0,1,0,0,0,0,0,0,"-","-","UNINCORPORATED","YUBA","CA",-121.40422,39.02193
"5947867",-121.558393246,39.1018083787,2012,"5800","5","1","4","01",0,1,"A",,,"Y",,"Y",2400,12,"B","C","A","CANAL ST","4TH AV",125,"N","N","2014-01-10",9285,"2012-12-10",2200,"18475",,"3","9","0","3",,"2","002","-","N",,0,0,,,0,,,,"N",2,"A","-",23152,"A","N","A","H","-","C","A","0","Y","A","08",0,0,1,0,0,0,0,0,1,"-","-","UNINCORPORATED","YUBA","CA",-121.33304,39.06066
"5947863",-121.261551782,39.4761182613,2012,"5800","4","6","3","08",0,1,"B",,,,,,1500,12,"E","I","A","LA PORTE RD","NEW YORK FLAT RD",588,"E","N","2014-01-10",9285,"2012-12-15",1200,"17393",,"1","9","0","2",,"2","082","-","N",,0,0,,,0,,,,"Y",1,"A","-",22107,,"N","B","H","-","A","D","0","Y","A","01",0,1,0,0,0,0,0,0,0,"-","-","UNINCORPORATED","YUBA","CA",-121.25535,39.47787
"5941398",-121.552291806,39.1340852284,2012,"5800","5","1","4","05",0,2,"A",,,,,,900,10,"A","C","A","SIMPSON LN","HAMMONTON SMARTVILLE RD",55,"N","N","2013-12-18",9285,"2012-10-29",643,"014401",,"1","9","0","3",,"2","006","-","N",,0,0,,,0,,,,"Y",2,"A","-",21650,,"N","A","H","-","C","D","0","Y","A","07",0,0,2,0,0,0,0,0,0,"-","-","UNINCORPORATED","YUBA","CA",-121.55233,39.13466
"5941394",0,0,2012,"5800","4","3","4","03",0,1,"A","Y",,,,,1200,10,"G","B","B","WALMART CENTER","NORTH BEALE RD",0,,"Y","2013-12-14",9285,"2012-10-31",1045,"018475",,"1","9","0","2",,"1","041","-","N",,0,0,,,0,,,,"N",2,"A","-",22350,,"F","A","H","-","A","A","0","Y","-","99",0,0,1,0,1,0,0,0,0,"-","-","UNINCORPORATED","YUBA","CA",-121.57317,39.12522
"5941390",-121.567223157,39.126125025,2012,"5800","4","7","3","05",0,1,"A",,"Y",,,,1800,10,"A","G","A","NORTH BEALE RD","AVONDALE AV",0,,"Y","2013-12-14",9285,"2012-10-28",1645,"014241",,"2","9","0","2",,"1","041","-","N",,0,0,,,0,,,,"Y",2,"A","-",21202,"A","N","A","H","-","A","D","0","Y","L","04",0,1,0,0,0,0,1,0,0,"-","-","UNINCORPORATED","YUBA","CA",-121.56752,39.12586
"5925735",-121.587004218,39.147820161,2012,"5801","0","1","4","-",0,2,"C",,,,,"Y",1800,12,"C","C","A","RT 20","EAST 12TH ST",0,"W","N","2014-01-13",5801,"2012-12-03",1742,"308","5801","5","3","0","0",,"0",,"-","Y","YUB",3,20,"-","-",1.43,"H","-","W","N",2,"A","-",0,,"N","B","H","-","C","A","0","Y","A","07",0,0,2,0,0,0,0,0,0,"-","-","MARYSVILLE","YUBA","CA",0,0
"5925617",-121.590565713,39.140809209,2012,"5801","0","1","4","12",0,1,"A",,,,,,1800,11,"D","C","A","E ST","5TH ST",0,,"Y","2014-03-12",5801,"2012-11-26",1538,"313","YUBAS","5","3","0","0",,"0","5801","-","Y","YUB",3,70,"-","-",14.4,"I","5","E","Y",2,"A","-",21453,"A","N","A","H","-","A","A","0","Y","A","01",0,0,1,0,0,0,0,0,0,"-","-","MARYSVILLE","YUBA","CA",0,0
"5921893",-121.581320664,39.1200732594,2012,"5800","5","4","4","03",0,2,"A",,,,,,1500,10,"C","C","A","FEATHER RIVER BL","ALICIA AV",60,"E","N","2013-12-24",9285,"2012-10-25",1335,"018475",,"1","9","0","3",,"2","002","-","N",,0,0,,,0,,,,"N",2,"A","-",22350,,"N","A","H","-","A","A","0","Y","A","07",0,0,2,0,0,0,0,0,0,"-","-","UNINCORPORATED","YUBA","CA",-121.58105,39.12026
"5910030",0,0,2012,"5800","4","3","1","03",1,2,"A",,,,,,2100,11,"E","I","A","RT 65","MPM 65 YUB R9.20",134,"N","N","2013-05-10",9285,"2012-11-21",2035,"16968",,"2","9","0","2",,"2","025","-","Y","YUB",3,65,"-","R",9.23,"H","-","S","Y",1,"A","-",22350,,"N","B","H","-","C","D","0","Y","A","01",1,1,0,0,0,0,0,0,0,"-","-","UNINCORPORATED","YUBA","CA",-121.54086,39.09138
"5910029",-121.416867688,39.006101893,2012,"5800","4","4","1","05",1,1,"A",,,"Y",,,900,9,"A","C","A","RT 65","YUBA/PLACER CO LINE",1465,"N","N","2013-06-03",9285,"2012-09-06",731,"15849",,"1","9","0","2",,"2","025","-","Y","YUB",3,65,"-","R",0.28,"H","-","N","Y",2,"A","-",21460,"A","N","A","H","-","A","D","0","Y","D","22",0,1,0,0,0,0,0,1,0,"-","-","UNINCORPORATED","YUBA","CA",-121.41635,39.0058
"5909953",-121.541748535,39.080845858,2012,"5800","3","4","4","21",0,1,"B","Y",,,,"Y",2100,12,"G","B","B","RT 70","MCGOWAN PKWY",20,"N","N","2014-01-15",9285,"2012-12-20",1955,"16968",,"2","9","0","1",,"1","020","-","Y","YUB",3,70,"-","R",7.592,"R","1","W","N",2,"A","-",22106,,"N","A","H","-","C","D","0","Y","A","01",0,0,1,0,1,0,0,0,0,"TO","-","UNINCORPORATED","YUBA","CA",-121.54239,39.07738
"5904699",-121.464390855,39.044486521,2012,"5800","5","3","4","08",0,1,"C",,,,,,900,11,"E","I","A","BEALE RD","BRADSHAW RD",4426,"N","N","2014-01-03",9285,"2012-11-28",855,"15976",,"1","9","0","3",,"2","004","-","N",,0,0,,,0,,,,"Y",1,"A","-",22107,,"N","B","H","-","A","D","0","Y","A","01",0,0,1,0,0,0,0,0,0,"-","-","UNINCORPORATED","YUBA","CA",-121.4568,39.04976
"5904687",-121.581567246,39.1248127618,2012,"5800","5","2","4","03",0,1,"A","Y",,,,,2100,11,"G","B","E","CEDAR LN","GARDEN AV",6,"W","N","2014-01-03",9285,"2012-11-27",1915,"17534",,"2","9","0","3",,"2","002","-","N",,0,0,,,0,,,,"N",2,"A","-",22350,,"F","A","H","-","D","D","0","Y","A","01",0,0,1,0,1,0,0,0,0,"-","-","UNINCORPORATED","YUBA","CA",-121.5817,39.12472
"5904618",-121.510840098,39.2212659374,2012,"5800","3","7","4","08",0,1,"B",,,,,,1800,12,"E","I","A","LOMA RICA RD","KIBBE RD",200,"S","N","2014-01-11",9285,"2012-12-23",1615,"014241",,"2","9","0","1",,"2","061","-","N",,0,0,,,0,,,,"Y",1,"A","-",22107,,"N","B","H","-","A","D","0","Y","A","07",0,0,1,0,0,0,0,0,0,"-","-","UNINCORPORATED","YUBA","CA",-121.51085,39.22108
"5904610",-121.303849884,39.206014372,2012,"5800","4","1","3","01",0,1,"A",,,,,"Y",2400,12,"E","I","A","RT 20","TIMBUCTOO RD",2112,"E","N","2014-01-11",9285,"2012-12-10",2125,"018340",,"2","9","0","2",,"2","062","-","Y","YUB",3,20,"-","-",20.22,"H","-","W","Y",1,"A","-",23152,"A","N","A","H","-","D","D","0","Y","A","01",0,1,0,0,0,0,0,0,0,"-","-","UNINCORPORATED","YUBA","CA",-121.32571,39.21499
"5904606",-121.571503212,39.1179920926,2012,"5800","5","5","4","08",0,1,"A",,,,,,1800,12,"E","I","A","ARBOGA RD","GRAND AV",15,"N","N","2014-01-11",9285,"2012-12-07",1620,"015976",,"2","9","0","3",,"2","002","-","N",,0,0,,,0,,,,"N",1,"A","-",22107,,"N","A","H","-","A","D","0","Y","A","01",0,0,1,0,0,0,0,0,0,"-","-","UNINCORPORATED","YUBA","CA",-121.57134,39.11803
"5904590",-121.541704275,39.08460744,2012,"5800","3","1","4","05",0,1,"B",,,,,,1800,12,"A","C","A","RT 70","MCGOWAN PKWY",2640,"N","N","2014-01-11",9285,"2012-12-24",1512,"018632",,"2","9","0","1",,"1","020","-","Y","YUB",3,70,"-","R",7.85,"H","-","E","Y",2,"A","-",21651,"B","N","A","H","-","A","D","0","Y","A","01",0,0,1,0,0,0,0,0,0,"-","-","UNINCORPORATED","YUBA","CA",-121.54177,39.08708
"5900442",-121.47162317,39.040675164,2012,"5800","4","5","4","09",0,2,"B",,,,,,1800,11,"D","C","A","RT 65","BEALE RD",0,,"Y","2014-04-07",9285,"2012-11-30",1715,"015976",,"2","9","0","2",,"2","025","-","Y","YUB",3,65,"-","-",4.099,"I","5","N","Y",2,"A","-",21802,"A","N","A","H","-","C","A","1","Y","A","01",0,0,2,0,0,0,0,0,0,"-","-","UNINCORPORATED","YUBA","CA",-121.47215,39.04121
"5900418",0,0,2012,"5800","5","4","4","02",0,1,"B",,,,"Y",,1200,12,"B","C","A","OSTROM RD","RANCHO RD",460,"E","N","2014-01-18",9285,"2012-12-20",1035,"15491",,"1","9","0","3",,"2","002","-","N",,0,0,,,0,,,,"N",2,"A","-",22400,"A","N","A","H","-","A","D","0","Y","A","08",0,0,1,0,0,0,0,0,0,"-","-","UNINCORPORATED","YUBA","CA",-121.51136,39.07012
"5899440",-121.486977381,39.0710817232,2012,"5800","5","6","4","12",0,1,"A",,,,,,2400,11,"E","I","A","VIRGINIA RD","OSTROM RD",21,"N","N","2013-12-28",9285,"2012-11-03",2246,"16968",,"3","9","0","3",,"2","002","-","N",,0,0,,,0,,,,"Y",1,"A","-",22450,"A","N","A","H","-","D","D","0","Y","A","01",0,0,1,0,0,0,0,0,0,"-","-","UNINCORPORATED","YUBA","CA",0,0
"5899436",0,0,2012,"5800","5","7","3","01",0,1,"A",,,,,"Y",2100,11,"E","I","A","NEW YORK FLAT RD","BUTTE CO LINE",898,"S","N","2013-12-28",9285,"2012-11-04",1930,"17393",,"2","9","0","3",,"2","008","-","N",,0,0,,,0,,,,"Y",1,"A","-",23152,"A","N","A","H","-","D","D","0","Y","A","01",0,1,0,0,0,0,0,0,0,"-","-","UNINCORPORATED","YUBA","CA",-121.27488,39.57088
"5899428",-121.545835007,39.1305228886,2012,"5800","5","1","4","05",0,1,"A",,,"Y",,,1200,11,"E","A","A","LINDA AV","HUTTON COURT",130,"E","N","2013-12-28",9285,"2012-11-05",1155,"14878",,"1","9","0","3",,"2","004","-","N",,0,0,,,0,,,,"N",1,"A","-",21650,,"N","A","H","-","A","D","0","Y","C","02",0,0,1,0,0,0,0,0,1,"-","-","UNINCORPORATED","YUBA","CA",-121.54574,39.13058
"5899408",-121.545471252,39.0291374198,2012,"5800","5","6","4","05",0,1,"A",,,,,,900,11,"B","C","A","PLUMAS ARBOGA RD","ALGODON RD",1056,"N","N","2013-12-28",9285,"2012-11-10",755,"15976",,"1","9","0","3",,"2","002","-","N",,0,0,,,0,,,,"Y",2,"A","-",21650,,"F","A","H","-","A","D","0","Y","A","01",0,0,1,0,0,0,0,0,0,"-","-","UNINCORPORATED","YUBA","CA",0,0
"5899404",-121.54409136,39.0914853498,2012,"5800","5","2","4","21",0,1,"A",,,,,,1500,11,"D","C","A","9TH AV","POWERLINE RD",465,"W","N","2013-12-28",9285,"2012-11-20",1420,"16868",,"2","9","0","3",,"2","002","-","N",,0,0,,,0,,,,"N",2,"A","-",22106,,"N","B","H","-","-","D","0","Y","A","01",0,0,1,0,0,0,0,0,0,"-","-","UNINCORPORATED","YUBA","CA",-121.5442,39.09153
"5898687",-121.510753199,39.214095176,2012,"5800","4","4","4","21",0,1,"A",,,,,,1500,11,"C","C","A","LOMA RICA RD","RT 20",104,"N","N","2014-01-03",9285,"2012-11-22",1239,"18658",,"1","9","0","2",,"2","062","-","Y","YUB",3,20,"-","R",7.89,"I","6","W","Y",2,"A","-",22106,,"N","A","H","-","A","D","0","Y","D","22",0,0,1,0,0,0,0,0,0,"-","-","UNINCORPORATED","YUBA","CA",-121.51084,39.21429
"5898685",-121.575465302,39.1147156667,2012,"5800","5","3","3","08",0,1,"B",,,,,,1800,11,"D","E","A","GRAND AV","ALICIA AV",319,"W","N","2013-12-27",9285,"2012-11-21",1530,"16868",,"2","9","0","3",,"2","002","-","N",,0,0,,,0,,,,"Y",2,"A","-",22107,,"N","B","H","-","A","D","0","Y","A","01",0,1,0,0,0,0,0,0,0,"-","-","UNINCORPORATED","YUBA","CA",0,0
"5898677",0,0,2012,"5800","5","7","4","01",0,1,"A",,,,,"Y",2100,11,"E","I","A","PLUMAS ARBOGA RD","ARBOGA RD",3432,"E","N","2014-01-03",9285,"2012-11-25",1820,"17889",,"2","9","0","3",,"2","002","-","N",,0,0,,,0,,,,"Y",1,"A","-",23152,"A","N","A","H","-","D","A","0","Y","D","22",0,0,1,0,0,0,0,0,0,"-","-","UNINCORPORATED","YUBA","CA",-121.5479,39.05548
"5895025",-121.551733213,39.0916450889,2012,"5800","4","3","4","12",0,1,"B",,,,,,1200,12,"B","C","A","OLIVEHURST AV","9TH AV",0,,"Y","2014-01-11",9285,"2012-12-12",1020,"18107",,"1","9","0","2",,"1","022","-","N",,0,0,,,0,,,,"N",2,"A","-",22450,"A","N","A","H","-","A","A","0","Y","A","01",0,0,1,0,0,0,0,0,0,"-","-","UNINCORPORATED","YUBA","CA",-121.55175,39.09163
"5894838",-121.575793217,39.1256450305,2012,"5800","4","2","4","09",0,1,"B",,,,,,2400,12,"A","C","A","NORTH BEALE RD","FEATHER RIVER BL",0,,"Y","2014-01-15",9285,"2012-12-11",2246,"017080",,"3","9","0","2",,"1","041","-","N",,0,0,,,0,,,,"Y",2,"A","-",21453,"C","N","B","H","-","C","A","0","Y","A","01",0,0,1,0,0,0,0,0,0,"-","-","UNINCORPORATED","YUBA","CA",-121.34332,39.7329
"5887978",-121.426144565,39.010141438,2012,"5802","0","6","4","04",0,1,"A",,,,,,1800,11,"C","-","A","RT 65","2ND ST",0,,"Y","2013-12-30",5802,"2012-11-24",1745,"606",,"5","1","0","0",,"0",,"-","Y","YUB",3,65,"-","-",0.86,"H","-","N","Y",2,"A","-",21703,,"N","A","H","-","C","A","0","Y","D","22",0,0,1,0,0,0,0,0,0,"-","-","WHEATLAND","YUBA","CA",0,0
"5870533",-121.604464024,39.144068788,2012,"5801","0","7","3","03",0,2,"A",,,"Y",,,1800,10,"C","C","A","RT 20","YUBA/SUTTER COUNTY LN",995,"E","N","2013-12-26",5801,"2012-10-07",1554,"P058","5801","5","3","0","0",,"0",,"-","Y","YUB",3,20,"-","-",0.19,"H","-","E","Y",2,"A","-",22350,,"N","A","H","-","A","A","0","Y","C","02",0,2,0,0,0,0,0,0,2,"-","-","MARYSVILLE","YUBA","CA",0,0
"5868699",-121.600200697,39.237379118,2012,"5800","3","5","2","18",0,1,"A",,,"Y",,,2400,9,"H","H","A","RT 70","MAGNOLIA RD",229,"S","N","2014-05-06",9285,"2012-09-14",2200,"017534",,"3","9","0","1",,"1","060","-","Y","YUB",3,70,"-","-",20.91,"H","-","E","Y",1,"C","-",0,,"N","A","H","-","D","D","0","Y","-","-",1,0,0,0,0,0,0,0,1,"-","-","UNINCORPORATED","YUBA","CA",-121.6001,39.2363
"5868691",-121.600167634,39.237817642,2012,"5800","3","5","3","08",0,2,"A",,,"Y",,"Y",2400,9,"B","C","A","RT 70","MAGNOLIA RD",72,"S","N","2014-05-07",9285,"2012-09-21",2140,"017534",,"2","9","0","1",,"1","060","-","Y","YUB",3,70,"-","-",20.94,"H","-","E","Y",2,"A","-",22107,,"N","A","H","-","D","D","0","Y","A","01",0,1,1,0,0,0,0,0,2,"-","-","UNINCORPORATED","YUBA","CA",-121.60013,39.23647
"5868687",-121.284647649,39.3574995236,2012,"5800","4","5","3","18",0,2,"A",,,,,,2100,9,"H","H","A","MARYSVILLE RD","FRENCHTOWN RD",1584,"W","N","2013-12-14",9285,"2012-09-28",2035,"010840",,"2","9","0","2",,"2","081","-","N",,0,0,,,0,,,,"N",1,"C","-",0,,"N","A","H","-","D","D","0","Y","-","-",0,1,1,0,0,0,0,0,0,"-","-","UNINCORPORATED","YUBA","CA",-121.28899,39.35895
"5868675",0,0,2012,"5800","5","3","2","17",0,2,"A",,,"Y",,"Y",1500,9,"B","C","A","NEW YORK FLAT RD","LA PORTE RD",1584,"W","N","2013-12-17",9285,"2012-09-26",1315,"017393",,"1","9","0","3",,"2","008","-","N",,0,0,,,0,,,,"Y",2,"A","-",21662,"A","F","A","E","H","A","D","0","Y","C","02",1,1,0,0,0,0,0,0,1,"-","-","UNINCORPORATED","YUBA","CA",-121.26058,39.51737
"5849641",-121.56340948,39.1284679009,2012,"5800","5","1","4","08",0,1,"A",,,,,,1800,11,"C","C","A","SILVERWOOD ST","STEPHENSON ST",115,"S","N","2014-01-04",9285,"2012-11-12",1535,"13966",,"2","9","0","3",,"2","004","-","N",,0,0,,,0,,,,"N",2,"A","-",22107,,"N","A","H","-","A","D","0","Y","A","01",0,0,1,0,0,0,0,0,0,"-","-","UNINCORPORATED","YUBA","CA",-121.56349,39.12006
"5849519",-121.578403621,39.1263830719,2012,"5800","4","6","4","05",0,2,"A","Y",,,,,1500,9,"G","-","E","NORTH BEALE RD","FEATHER RIVER BL",792,"N","N","2014-01-27",9285,"2012-09-15",1330,"15873",,"1","9","0","2",,"1","041","-","N",,0,0,,,0,,,,"N",3,"A","-",21650,,"N","A","H","-","A","D","0","Y","D","22",0,0,2,0,2,0,0,0,0,"-","-","UNINCORPORATED","YUBA","CA",0,0
"5849512",-121.554213154,39.1133350086,2012,"5800","5","7","4","10",0,1,"A",,"Y",,,,2400,11,"D","G","A","EDGEWATER CIR","ERLE RD",0,,"Y","2014-01-10",9285,"2012-11-04",2215,"017163",,"3","9","0","3",,"2","004","-","N",,0,0,,,0,,,,"N",2,"A","-",21950,"A","F","A","H","-","C","A","0","Y","D","22",0,0,1,0,0,0,1,0,0,"-","-","UNINCORPORATED","YUBA","CA",-121.55439,39.1136
"5849500",-121.409160265,39.229499491,2012,"5800","4","4","3","09",0,2,"A",,,,"Y",,900,11,"D","C","A","RT 20","BROWNS VALLEY SCHOOL RD",0,,"Y","2014-01-03",9285,"2012-11-01",640,"18658",,"1","9","0","2",,"2","062","-","Y","YUB",3,20,"-","-",13.575,"I","5","W","Y",2,"A","-",21802,"A","N","A","H","-","D","D","0","Y","D","22",0,1,1,0,0,0,0,0,0,"-","-","UNINCORPORATED","YUBA","CA",-121.40696,39.23024
"5849480",-121.555583221,39.1276150275,2012,"5800","4","3","4","11",0,1,"B","Y",,,,,2100,10,"G","B","B","HAMMONTON SMARTVILLE RD","NORTH BEALE RD",0,,"Y","2014-04-10",9285,"2012-10-31",1835,"018340",,"2","9","0","2",,"1","042","C","N",,0,0,,,0,,,,"N",2,"A","-",21950,"B","N","B","H","-","C","A","0","Y","N","60",0,0,1,0,1,0,0,0,0,"-","-","UNINCORPORATED","YUBA","CA",-121.55577,39.12757
"5849476",-121.334920092,39.3435541038,2012,"5800","4","4","4","18",0,1,"A",,,,"Y",,1500,10,"E","I","A","MARYSVILLE RD","COLLINS LAKE RD",252,"N","N","2013-12-20",9285,"2012-10-25",1420,"010840",,"2","9","0","2",,"2","081","-","N",,0,0,,,0,,,,"Y",1,"C","-",0,,"N","A","H","-","A","D","0","Y","-","-",0,0,1,0,0,0,0,0,0,"-","-","UNINCORPORATED","YUBA","CA",-121.33538,39.34321
"5847308",-121.282224465,39.4519559461,2012,"5800","4","6","3","09",0,1,"A",,,"Y",,,1200,10,"B","C","A","WILLOW GLENN RD","FRENCHTOWN RD",146,"N","N","2013-12-17",9285,"2012-10-06",1145,"017393",,"1","9","0","2",,"2","081","-","N",,0,0,,,0,,,,"N",2,"A","-",21801,"A","N","A","H","-","A","D","0","Y","A","01",0,1,0,0,0,0,0,0,1,"-","-","UNINCORPORATED","YUBA","CA",-121.28214,39.45208
"5847304",-121.247671609,39.492075375,2012,"5800","5","4","3","05",0,1,"A",,,,,,2100,10,"H","J","A","CHALLENGE CUTOFF RD","LA PORTE RD",3696,"N","N","2013-12-17",9285,"2012-10-04",1915,"010840",,"2","9","0","3",,"2","008","-","N",,0,0,,,0,,,,"Y",1,"A","-",21650,,"N","A","H","-","D","D","0","Y","A","07",0,1,0,0,0,0,0,0,0,"-","-","UNINCORPORATED","YUBA","CA",-121.25027,39.49276
"5843423",-121.591773212,39.1378450911,2012,"5801","0","7","3","11",0,1,"A","Y",,,,"Y",2100,9,"G","B","B","3RD ST","F ST",0,,"Y","2013-12-09",5801,"2012-09-16",2013,"301","MARYS","5","3","0","0",,"0",,"-","N",,0,0,,,0,,,,"N",3,"A","-",21950,"B","N","A","H","-","C","A","0","Y","D","22",0,1,0,0,1,0,0,0,0,"-","-","MARYSVILLE","YUBA","CA",0,0
"5837664",-121.555583221,39.1276150275,2012,"5800","4","2","4","12",0,1,"A",,,,,,2100,9,"D","C","A","NORTH BEALE RD","HAMMONTON SMARTVILLE RD",0,,"Y","2014-01-14",9285,"2012-09-04",1855,"16868",,"2","9","0","2",,"1","041","-","N",,0,0,,,0,,,,"Y",2,"A","-",21453,"A","N","A","H","-","A","A","0","Y","A","01",0,0,1,0,0,0,0,0,0,"-","-","UNINCORPORATED","YUBA","CA",-121.55565,39.12764
"5837656",-121.492542799,39.0709689933,2012,"5800","5","2","3","08",0,1,"A",,,,,,900,9,"E","I","A","OSTROM RD","VIRGINIA RD",1584,"W","N","2014-04-28",9285,"2012-09-11",820,"16968",,"1","9","0","3",,"2","002","-","N",,0,0,,,0,,,,"Y",1,"A","-",22107,,"N","A","H","-","A","D","0","Y","A","01",0,1,0,0,0,0,0,0,0,"-","-","UNINCORPORATED","YUBA","CA",-121.47977,39.07102
"5837631",-121.587083201,39.130795162,2012,"5800","3","2","4","03",0,2,"A",,,,,,1800,9,"C","C","A","RT 70","YUBA RIVER",100,"S","N","2014-05-06",9285,"2012-09-04",1615,"15873",,"2","9","0","1",,"1","020","-","Y","YUB",3,70,"-","-",13.58,"H","-","E","N",3,"A","-",22350,,"N","A","H","-","A","D","4","Y","A","07",0,0,2,0,0,0,0,0,0,"-","-","UNINCORPORATED","YUBA","CA",-121.587,39.1013
"5837627",-121.312475842,39.1985197423,2012,"5800","4","3","3","01",0,1,"A",,,,,"Y",300,9,"F","A","A","HAMMONTON SMARTVILLE RD","CONDOR WY",300,"E","N","2013-12-10",9285,"2012-09-12",245,"18340",,"3","9","0","2",,"1","042","-","N",,0,0,,,0,,,,"Y",1,"A","-",23152,"A","N","A","H","-","D","D","0","Y","A","01",0,1,0,0,0,0,0,0,0,"-","-","UNINCORPORATED","YUBA","CA",-121.31251,39.1985