"CASEID","POINT_X","POINT_Y","YEAR_","LOCATION","CHPTYPE","DAYWEEK","CRASHSEV","VIOLCAT","KILLED","INJURED","WEATHER1","PEDCOL","BICCOL","MCCOL","TRUCKCOL","ETOH","TIMECAT","MONTH_","CRASHTYP","INVOLVE","PED","PRIMARYRD","SECONDRD","DISTANCE","DIRECT","INTERSECT_","PROCDATE","JURIS","DATE_","TIME_","BADGE","JURIDIST","SHIFT","POP","SPECIAL","BEATTYPE","LAPDDIV","BEATCLAS","BEATNUMB","WEATHER2","STATEHW","CALTRANC","CALTRAND","STROUTE","ROUTESUF","POSTPRE","POSTMILE","LOCATYPE","RAMP","SIDEHW","TOWAWAY","PARTIES","PCF","VIOLCODE","VIOL","VIOLSUB","HITRUN","ROADSURF","RDCOND1","RDCOND2","LIGHTING","RIGHTWAY","CHPRDTYP","NOTPRIV","STFAULT","CHPFAULT","SEVINJ","OTHERINJ","COP","PEDKILL","PEDINJ","BICKILL","BICINJ","MCKILL","MCINJURE","RAMP1","RAMP2","CITY","COUNTY","STATE","X_CHP","Y_CHP"
"5836252",-121.515131344,39.0425031419,2012,"5800","5","5","4","01",0,2,"A",,,,,"Y",300,9,"C","C","A","FORTY MILE RD","PLUMAS ARBOGA RD",5808,"N","N","2013-12-23",9285,"2012-09-28",5,"16290",,"3","9","0","3",,"2","002","-","N",,0,0,,,0,,,,"N",2,"A","-",23152,"A","N","A","H","-","D","D","0","Y","A","01",0,0,2,0,0,0,0,0,0,"-","-","UNINCORPORATED","YUBA","CA",-121.51499,39.0464
"5834701",-121.572060675,39.1183715214,2012,"5800","4","4","3","08",0,1,"A",,"Y",,,,2100,10,"B","G","A","ARBOGA RD","GRAND AV",225,"N","N","2013-12-26",9285,"2012-10-11",1929,"018340",,"2","9","0","2",,"1","022","-","N",,0,0,,,0,,,,"N",2,"A","-",22107,,"N","A","H","-","C","D","0","Y","L","04",0,1,0,0,0,0,1,0,0,"-","-","UNINCORPORATED","YUBA","CA",-121.57211,39.11844
"5834684",-121.412494154,39.22840977,2012,"5800","4","7","3","03",0,1,"A",,,,,,1200,10,"D","C","A","RT 20","MARYSVILLE RD",1056,"E","N","2013-12-26",9285,"2012-10-14",1110,"14241",,"1","9","0","2",,"2","062","-","Y","YUB",3,20,"-","-",13.38,"H","-","E","Y",2,"A","-",22350,,"N","A","H","-","A","D","0","Y","A","01",0,1,0,0,0,0,0,0,0,"-","-","UNINCORPORATED","YUBA","CA",-121.40811,39.22925
"5825294",-121.58912795,39.1507998481,2012,"5801","0","2","3","08",0,1,"A",,,,,,1800,9,"E","I","A","C ST","14TH ST",113,"N","N","2014-02-12",5801,"2012-09-11",1518,"391",,"5","3","0","0",,"0",,"-","N",,0,0,,,0,,,,"Y",1,"A","-",22107,,"N","A","H","-","A","D","0","Y","A","07",0,1,0,0,0,0,0,0,0,"-","-","MARYSVILLE","YUBA","CA",0,0
"5807092",-121.326225718,39.0617552017,2012,"5800","5","1","3","01",0,1,"A",,,,,"Y",300,9,"E","J","A","CAMP FAR WEST RD","HOKAN LN",2640,"N","N","2014-03-21",9285,"2012-09-03",220,"18658",,"3","9","0","3",,"2","004","-","N",,0,0,,,0,,,,"Y",1,"A","-",23152,"A","M","A","H","-","D","D","0","Y","A","01",0,1,0,0,0,0,0,0,0,"-","-","UNINCORPORATED","YUBA","CA",-121.32627,39.06201
"5797283",-121.278410371,39.4492099505,2012,"5800","5","2","3","08",0,2,"A",,,,,,2100,8,"E","I","A","FRENCHTOWN RD","HEDGES WY",776,"N","N","2013-11-16",9285,"2012-08-14",2030,"017163",,"2","9","0","3",,"2","008","-","N",,0,0,,,0,,,,"Y",1,"A","-",22107,,"N","A","H","-","D","D","0","Y","A","07",0,2,0,0,0,0,0,0,0,"-","-","UNINCORPORATED","YUBA","CA",-121.27852,39.4493
"5795168",-121.270693152,39.4374451531,2012,"5800","5","2","4","01",0,1,"A",,,,,"Y",2100,7,"E","I","A","FRENCHTOWN RD","NEW YORK HOUSE RD",0,"N","N","2013-10-22",9285,"2012-07-17",1800,"15873",,"2","9","0","3",,"2","008","-","N",,0,0,,,0,,,,"Y",1,"A","-",23152,"A","N","A","H","-","A","D","0","Y","A","01",0,0,1,0,0,0,0,0,0,"-","-","UNINCORPORATED","YUBA","CA",0,0
"5795164",-121.384134145,39.2924144264,2012,"5800","3","6","3","05",0,1,"A",,,,,,2100,7,"E","I","A","MARYSVILLE RD","DRY CREEK LN",128,"N","N","2013-10-23",9285,"2012-07-14",1812,"010840",,"2","9","0","1",,"2","061","-","N",,0,0,,,0,,,,"Y",1,"A","-",21650,,"M","A","H","-","A","D","0","Y","A","01",0,1,0,0,0,0,0,0,0,"-","-","UNINCORPORATED","YUBA","CA",-121.38395,39.2925
"5795071",-121.581883126,39.1544551083,2012,"5801","0","2","3","03",0,1,"A","Y",,,,,2100,7,"G","B","D","EAST 17TH ST","SWEZY ST",0,,"Y","2013-11-04",5801,"2012-07-10",1848,"307",,"5","3","0","0",,"0","5801","-","N",,0,0,,,0,,,,"N",2,"A","-",22350,,"N","A","H","-","A","D","0","Y","A","01",0,1,0,0,1,0,0,0,0,"-","-","MARYSVILLE","YUBA","CA",0,0
"5782696",-121.590941649,39.1425195618,2012,"5801","0","5","4","03",0,1,"A",,,,,,1200,8,"C","C","A","E ST","7TH ST",42,"N","N","2013-11-26",5801,"2012-08-17",1017,"305","YUBA","5","3","0","0",,"0",,"-","N",,0,0,,,0,,,,"N",2,"A","-",22350,,"N","A","H","-","A","D","0","Y","A","01",0,0,1,0,0,0,0,0,0,"-","-","MARYSVILLE","YUBA","CA",0,0
"5779321",0,0,2012,"5800","5","4","4","08",0,1,"A",,,,,,900,8,"F","A","A","CHUCK YEAGER RD","WALSH LN",2640,"S","N","2013-11-16",9285,"2012-08-23",745,"15030",,"1","9","0","3",,"2","004","-","N",,0,0,,,0,,,,"Y",1,"A","-",22107,,"N","A","H","-","A","D","0","Y","A","01",0,0,1,0,0,0,0,0,0,"-","-","UNINCORPORATED","YUBA","CA",-121.31722,39.1679
"5779313",-121.47162317,39.040675164,2012,"5800","5","5","4","03",0,1,"A",,,,,,1800,8,"D","C","A","BEALE RD","RT 65",35,"E","N","2013-11-16",9285,"2012-08-17",1625,"15030",,"2","9","0","3",,"2","002","-","Y","YUB",3,65,"-","-",4.099,"I","6","N","Y",2,"A","-",22350,,"N","A","H","-","A","A","1","Y","A","01",0,0,1,0,0,0,0,0,0,"-","-","UNINCORPORATED","YUBA","CA",-121.47136,39.04078
"5778423",0,0,2012,"5800","5","6","3","01",0,1,"A",,,,,"Y",2100,9,"F","A","A","PACIFIC AV","NICOLAUS AV",5280,"S","N","2013-12-09",9285,"2012-09-01",1900,"018107",,"2","9","0","3",,"2","001","-","N",,0,0,,,0,,,,"Y",1,"A","-",23152,"A","N","A","H","-","A","A","0","Y","D","22",0,1,0,0,0,0,0,0,0,"-","-","UNINCORPORATED","YUBA","CA",-121.52493,39.89335
"5778055",-121.337403086,39.221678357,2012,"5800","4","7","3","01",0,1,"A",,,,,"Y",2100,9,"E","I","A","RT 20","PARKS BAR RD",78,"E","N","2013-11-26",9285,"2012-09-16",2010,"017889",,"2","9","0","2",,"2","062","-","Y","YUB",3,20,"-","R",17.4,"H","-","W","Y",1,"A","-",23152,"A","N","A","H","-","C","D","0","Y","D","22",0,1,0,0,0,0,0,0,0,"-","-","UNINCORPORATED","YUBA","CA",-121.34296,39.22366
"5778051",-121.579514105,39.1223481921,2012,"5800","4","6","4","09",0,1,"A",,,,,,900,9,"A","C","A","FEATHER RIVER BL","ARBOGA RD",300,"S","N","2013-11-26",9285,"2012-09-15",705,"014744",,"1","9","0","2",,"1","021","-","N",,0,0,,,0,,,,"Y",2,"A","-",21801,"A","N","A","H","-","A","D","0","Y","D","22",0,0,1,0,0,0,0,0,0,"-","-","UNINCORPORATED","YUBA","CA",-121.57928,39.12242
"5778047",-121.541561899,39.0860495,2012,"5800","3","7","4","08",0,1,"A",,,,,,300,9,"F","I","A","RT 70","MCGOWAN PKWY",3168,"N","N","2014-05-06",9285,"2012-09-16",120,"018522",,"3","9","0","1",,"1","020","-","Y","YUB",3,70,"-","R",7.95,"H","-","E","Y",1,"A","-",22107,,"N","A","H","-","D","D","0","Y","D","22",0,0,1,0,0,0,0,0,0,"-","-","UNINCORPORATED","YUBA","CA",-121.54155,39.08575
"5778036",-121.550502571,39.102583918,2012,"5800","4","2","3","08",0,2,"A",,,,,,1200,10,"C","C","A","LINDHURST AV","RT 70",0,,"Y","2013-12-21",9285,"2012-10-09",1005,"13966",,"1","9","0","2",,"1","022","-","Y","YUB",3,70,"-","R",9.892,"R","4","E","Y",2,"A","-",22107,,"N","A","H","-","A","D","1","Y","A","01",0,1,1,0,0,0,0,0,0,"-","NF","UNINCORPORATED","YUBA","CA",-121.55645,39.11159
"5778035",-121.547023106,39.0915550394,2012,"5800","5","2","4","12",0,1,"A",,,,,,900,9,"D","C","A","9TH AV","FLEMING AV",0,,"Y","2013-11-26",9285,"2012-09-04",805,"15873",,"1","9","0","3",,"2","002","-","N",,0,0,,,0,,,,"N",2,"A","-",22450,,"N","A","H","-","A","A","0","Y","D","22",0,0,1,0,0,0,0,0,0,"-","-","UNINCORPORATED","YUBA","CA",-121.54709,39.09334
"5771300",-121.596173382,39.207624675,2012,"5800","3","5","3","05",0,1,"A",,,,,,1800,8,"B","C","A","RT 70","NOBLE RD",528,"S","N","2014-05-06",9285,"2012-08-03",1630,"15873",,"2","9","0","1",,"1","060","-","Y","YUB",3,70,"-","-",18.83,"H","-","W","Y",2,"A","-",21460,"A","N","A","H","-","A","D","0","Y","-","-",0,1,0,0,0,0,0,0,0,"-","-","UNINCORPORATED","YUBA","CA",-121.59531,39.2047
"5771288",-121.334039439,39.1966656081,2012,"5800","4","6","2","05",0,1,"A",,,"Y",,"Y",1800,8,"B","C","A","HAMMONTON SMARTVILLE RD","SOUTH GOLDEN PKWY",5280,"W","N","2013-11-22",9285,"2012-08-25",1600,"014241",,"2","9","0","2",,"1","042","-","N",,0,0,,,0,,,,"Y",2,"A","-",21460,"A","N","A","H","-","A","D","0","Y","C","02",1,0,0,0,0,0,0,0,1,"-","-","UNINCORPORATED","YUBA","CA",-121.33469,39.19671
"5771284",-121.575793217,39.1256450305,2012,"5800","4","5","3","12",0,1,"A",,,,,,2100,8,"D","C","A","NORTH BEALE RD","FEATHER RIVER BL",0,,"Y","2013-11-22",9285,"2012-08-31",1835,"017534",,"2","9","0","2",,"1","041","-","N",,0,0,,,0,,,,"Y",2,"A","-",21453,"A","N","A","H","-","A","D","0","Y","A","01",0,1,0,0,0,0,0,0,0,"-","-","UNINCORPORATED","YUBA","CA",-121.57575,39.12606
"5770389",0,0,2012,"5800","5","7","4","08",0,1,"A",,,,,,300,8,"E","I","A","RAMIREZ RD","BUTTE CO LINE",1131,"S","N","2013-11-18",9285,"2012-08-26",130,"16868",,"3","9","0","3",,"2","008","-","N",,0,0,,,0,,,,"Y",1,"A","-",22107,,"N","A","H","-","D","D","0","Y","A","01",0,0,1,0,0,0,0,0,0,"-","-","UNINCORPORATED","YUBA","CA",-121.51099,39.31411
"5770381",-121.544331461,39.1299540267,2012,"5800","5","2","2","01",0,1,"A",,,,,"Y",1500,8,"E","I","A","LINDA AV","DUNNING AV",32,"E","N","2013-11-18",9285,"2012-08-14",1305,"18632",,"1","9","0","3",,"2","004","-","N",,0,0,,,0,,,,"Y",1,"A","-",23152,"A","N","A","H","-","C","D","0","Y","A","01",1,0,0,0,0,0,0,0,0,"-","-","UNINCORPORATED","YUBA","CA",-121.54445,39.13001
"5770377",-121.543459238,39.005773003,2012,"5800","3","6","3","08",0,4,"A",,,,,,300,8,"F","A","A","RT 70","PLUMAS LAKE BL",5280,"S","N","2014-05-06",9285,"2012-08-11",215,"17534",,"3","9","0","1",,"1","020","-","Y","YUB",3,70,"-","R",2.47,"H","-","E","Y",1,"A","-",22107,,"N","A","H","-","D","D","0","Y","A","07",0,1,3,0,0,0,0,0,0,"-","-","UNINCORPORATED","YUBA","CA",-121.54349,39.01031
"5770373",0,0,2012,"5800","4","7","2","17",0,1,"A",,,"Y",,,1800,8,"E","J","A","MARYSVILLE RD","OLD DOBBINS RD",932,"E","N","2013-11-19",9285,"2012-08-26",1605,"17393",,"2","9","0","2",,"2","081","-","N",,0,0,,,0,,,,"N",1,"A","-",21662,"A","N","A","H","-","A","D","0","Y","C","02",1,0,0,0,0,0,0,0,1,"-","-","UNINCORPORATED","YUBA","CA",-121.20232,39.37332
"5770361",-121.147943253,39.3800903547,2012,"5800","4","1","4","08",0,1,"A",,,,,,1500,8,"E","I","A","MARYSVILLE RD","OREGON HILL RD",6336,"E","N","2013-11-18",9285,"2012-08-27",1348,"17393",,"1","9","0","2",,"2","081","-","N",,0,0,,,0,,,,"Y",1,"A","-",22107,,"F","A","H","-","A","D","0","Y","A","01",0,0,1,0,0,0,0,0,0,"-","-","UNINCORPORATED","YUBA","CA",-121.09038,39.22581
"5770337",-121.258077683,39.3820154457,2012,"5800","5","5","4","05",0,1,"A",,,,,,2100,8,"E","I","A","FRENCHTOWN RD","MARYSVILLE RD",12144,"N","N","2013-11-18",9285,"2012-08-31",1806,"10840",,"2","9","0","3",,"2","008","-","N",,0,0,,,0,,,,"Y",1,"A","-",21650,,"N","A","H","-","A","D","0","Y","A","01",0,0,1,0,0,0,0,0,0,"-","-","UNINCORPORATED","YUBA","CA",-121.258,39.38147
"5770333",-121.533008058,39.1422182267,2012,"5800","5","7","3","03",0,4,"A",,,,,,600,8,"E","I","A","SIMPSON DANTONI RD","DANTONI RD",204,"E","N","2013-11-18",9285,"2012-08-19",500,"18107",,"3","9","0","3",,"2","004","-","N",,0,0,,,0,,,,"Y",1,"A","-",22350,,"N","A","H","-","D","A","0","Y","A","01",0,2,2,0,0,0,0,0,0,"-","-","UNINCORPORATED","YUBA","CA",-121.53232,39.14319
"5762842",-121.498893131,39.0086250003,2012,"5800","5","1","4","03",0,2,"A",,,,,,1800,7,"C","C","A","FORTY MILE RD","DAIRY RD",0,,"Y","2013-10-31",9285,"2012-07-23",1712,"15873",,"2","9","0","3",,"2","002","-","N",,0,0,,,0,,,,"Y",2,"A","-",22350,,"N","A","H","-","A","D","0","Y","A","01",0,0,2,0,0,0,0,0,0,"-","-","UNINCORPORATED","YUBA","CA",-121.49899,39.00867
"5761868",-121.592093149,39.1400750402,2012,"5801","0","4","3","01",0,2,"A",,,,"Y","Y",2100,8,"D","C","A","5TH ST","F ST",0,,"Y","2013-11-18",5801,"2012-08-30",1902,"313",,"5","3","0","0",,"0","5801","-","N",,0,0,,,0,,,,"Y",2,"A","-",23152,,"N","A","H","-","A","A","0","Y","F","21",0,1,1,0,0,0,0,0,0,"-","-","MARYSVILLE","YUBA","CA",0,0
"5758078",-121.558387315,39.1132052035,2012,"5800","4","7","4","03",0,1,"A",,,,,,1200,8,"C","C","A","LINDHURST RD","ERLE RD",30,"S","N","2013-12-03",9285,"2012-08-05",1015,"17889",,"1","9","0","2",,"1","022","-","N",,0,0,,,0,,,,"Y",3,"A","-",22350,,"N","A","H","-","A","A","0","Y","A","01",0,0,1,0,0,0,0,0,0,"-","-","UNINCORPORATED","YUBA","CA",-121.55804,39.11297
"5758058",-121.533123136,39.1354250537,2012,"5800","4","4","4","09",0,1,"A",,,,,,1500,8,"D","C","A","HAMMONTON SMARTVILLE RD","DANTONI RD",0,,"Y","2013-12-03",9285,"2012-08-09",1415,"15030",,"2","9","0","2",,"1","042","-","N",,0,0,,,0,,,,"Y",2,"A","-",21801,"A","N","A","H","-","A","A","0","Y","D","22",0,0,1,0,0,0,0,0,0,"-","-","UNINCORPORATED","YUBA","CA",-121.53305,39.13552
"5758013",-121.543311873,38.977845173,2012,"5800","3","5","4","03",0,1,"-",,,,,,1200,7,"C","C","A","RT 70","FEATHER RIVER BL",5,"N","N","2014-01-30",9285,"2012-07-13",1115,"015030",,"1","9","0","1",,"1","020","-","Y","YUB",3,70,"-","R",0.36,"H","-","E","Y",2,"A","-",22350,,"M","A","H","-","A","D","0","Y","D","22",0,0,1,0,0,0,0,0,0,"-","-","UNINCORPORATED","YUBA","CA",-121.5777,39.12486
"5755892",-121.079577751,39.402966529,2012,"5800","3","6","4","08",0,1,"A",,,,,,2100,8,"E","I","A","RT 49","MOONSHINE RD",3696,"N","N","2013-11-23",9230,"2012-08-04",2055,"17125",,"2","9","0","1",,"1","081","-","Y","YUB",3,49,"-","-",0.74,"H","-","S","Y",1,"A","-",22107,,"N","A","H","-","D","D","0","Y","D","22",0,0,1,0,0,0,0,0,0,"-","-","UNINCORPORATED","YUBA","CA",-121.0777,39.40406
"5755354",-121.586792862,39.146218583,2012,"5801","0","3","2","03",0,1,"A",,,"Y",,,1500,7,"C","C","A","10TH ST","RT 20",0,,"Y","2013-10-26",5801,"2012-07-25",1455,"303",,"5","3","0","0",,"0",,"-","Y","YUB",3,20,"-","-",1.32,"I","6","E","Y",2,"A","-",22350,,"N","A","H","-","A","D","0","Y","C","02",1,0,0,0,0,0,0,0,1,"-","-","MARYSVILLE","YUBA","CA",0,0
"5754318",-121.541122799,39.072846707,2012,"5800","4","7","3","09",0,1,"A",,,"Y",,,2400,7,"F","A","A","MCGOWAN PKWY","RT 70",20,"E","N","2014-05-06",9285,"2012-07-15",2100,"018107",,"2","9","0","2",,"1","022","-","Y","YUB",3,70,"-","R",7.067,"R","4","W","Y",2,"A","-",21801,"A","F","A","H","-","C","A","0","Y","A","01",0,1,0,0,0,0,0,0,1,"-","-","UNINCORPORATED","YUBA","CA",-121.54041,39.07738
"5754306",0,0,2012,"5800","3","5","3","05",0,1,"A",,,,,,1800,7,"E","I","A","MARYSVILLE RD","DOLAN HARDING RD",2112,"S","N","2013-10-26",9285,"2012-07-27",1508,"010840",,"2","9","0","1",,"2","061","-","N",,0,0,,,0,,,,"Y",1,"A","-",21650,,"N","A","H","-","A","D","0","Y","A","01",0,1,0,0,0,0,0,0,0,"-","-","UNINCORPORATED","YUBA","CA",-121.35032,39.31812
"5754242",-121.26292387,39.4758041368,2012,"5800","4","6","3","17",0,2,"A",,,,,,2400,7,"E","I","A","LA PORTE RD","NEW YORK FLAT RD",167,"E","N","2013-10-26",9285,"2012-07-28",2215,"017393",,"3","9","0","2",,"2","081","-","N",,0,0,,,0,,,,"Y",1,"A","-",21662,"A","N","A","H","-","D","D","0","Y","A","01",0,2,0,0,0,0,0,0,0,"-","-","UNINCORPORATED","YUBA","CA",-121.25682,39.47748
"5752222",-121.60094586,39.218113588,2012,"5800","3","4","4","09",0,2,"A",,,,"Y",,1800,7,"D","C","A","RT 70","WOODRUFF LN",0,"S","N","2014-05-06",9285,"2012-07-19",1708,"015849",,"2","9","0","1",,"1","060","-","Y","YUB",3,70,"-","-",19.59,"H","-","W","Y",2,"A","-",21801,"A","N","A","H","-","A","D","0","Y","A","01",0,0,2,0,0,0,0,0,0,"-","-","UNINCORPORATED","YUBA","CA",-121.60062,39.21706
"5746408",-121.595391309,39.308429089,2012,"5801","0","7","4","08",0,1,"A",,,,,,1500,7,"-","J","A","RT 70","CITY LIMIT",214,"S","N","2013-11-18",5801,"2012-07-15",1314,"303","TRAFF","5","3","0","0",,"0",,"-","Y","YUB",3,70,"-","-",25.78,"H","-","W","Y",1,"A","-",22107,,"N","A","H","-","A","D","0","Y","D","22",0,0,1,0,0,0,0,0,0,"-","-","MARYSVILLE","YUBA","CA",0,0
"5743039",-121.591152093,39.176871957,2012,"5800","3","3","2","08",0,1,"A",,,,,,1800,7,"F","A","A","RT 70","SILVA AV",1584,"S","N","2014-05-06",9285,"2012-07-04",1615,"015048",,"2","9","0","1",,"1","060","-","Y","YUB",3,70,"-","-",16.7,"H","-","E","Y",1,"A","-",22107,,"N","A","H","-","A","D","0","Y","A","07",1,0,0,0,0,0,0,0,0,"-","-","UNINCORPORATED","YUBA","CA",-121.59101,39.17618
"5743035",-121.589418646,39.134171135,2012,"5800","3","6","4","01",0,1,"A",,,,,"Y",2400,7,"B","C","A","RT 70","1ST ST",1056,"S","N","2014-05-06",9285,"2012-07-21",2120,"017889",,"2","9","0","1",,"1","020","-","Y","YUB",3,70,"-","-",13.88,"H","-","E","Y",2,"A","-",23152,"A","F","A","H","-","C","D","4","Y","A","01",0,0,1,0,0,0,0,0,0,"-","-","UNINCORPORATED","YUBA","CA",-121.58925,39.13381
"5743031",-121.5693984,39.119626001,2012,"5800","3","7","3","08",0,1,"A",,,,,,900,7,"E","I","A","RT 70","ERLE RD",3696,"N","N","2014-05-06",9285,"2012-07-22",700,"014744",,"1","9","0","1",,"1","020","-","Y","YUB",3,70,"-","R",10.86,"H","-","W","Y",1,"A","-",22107,,"N","A","H","-","A","D","1","Y","A","01",0,1,0,0,0,0,0,0,0,"-","-","UNINCORPORATED","YUBA","CA",-121.56628,39.11806
"5743027",-121.3540413,39.2944836593,2012,"5800","5","1","4","01",0,1,"A",,,,,"Y",2100,7,"E","I","A","TOWNSHIP RD","MCMILLAN DR",427,"N","N","2013-10-31",9285,"2012-07-23",1815,"017393",,"2","9","0","3",,"2","006","-","N",,0,0,,,0,,,,"Y",1,"A","-",23152,"A","N","A","H","-","A","D","0","Y","A","01",0,0,1,0,0,0,0,0,0,"-","-","UNINCORPORATED","YUBA","CA",-121.35413,39.29451
"5743015",-121.483571448,39.2941651405,2012,"5800","5","5","3","03",0,1,"A",,,"Y",,,1500,7,"F","I","A","IOWA CITY RD","OAK CREEK DR",180,"W","N","2014-01-23",9285,"2012-07-20",1345,"014241",,"1","9","0","3",,"2","006","-","N",,0,0,,,0,,,,"Y",1,"A","-",22350,,"N","A","H","-","A","D","0","Y","C","02",0,1,0,0,0,0,0,0,1,"-","-","UNINCORPORATED","YUBA","CA",-121.48362,39.29419
"5742381",-121.601050593,39.225098691,2012,"5800","3","5","3","18",0,1,"A",,,,,,2100,7,"E","I","A","RT 70","WOODRUFF LN",1758,"N","N","2014-05-06",9285,"2012-07-20",1820,"16868",,"2","9","0","1",,"1","060","-","Y","YUB",3,70,"-","-",20.07,"H","-","W","Y",1,"C","-",0,,"N","A","H","-","A","D","0","Y","-","-",0,1,0,0,0,0,0,0,0,"-","-","UNINCORPORATED","YUBA","CA",-121.60095,39.22425
"5742369",-121.59499321,39.202051502,2012,"5800","3","5","4","03",0,1,"A",,,,,,2100,7,"C","C","A","RT 70","ELLIS RD",1388,"N","N","2014-05-06",9285,"2012-07-13",1915,"16868",,"2","9","0","1",,"1","060","-","Y","YUB",3,70,"-","-",18.44,"H","-","W","Y",2,"A","-",22350,,"N","A","H","-","A","D","0","Y","D","22",0,0,1,0,0,0,0,0,0,"-","-","UNINCORPORATED","YUBA","CA",-121.3541,39.1205
"5742361",-121.578923192,39.0693350208,2012,"5800","5","4","4","12",0,1,"A",,,,,,1500,7,"D","C","A","FEATHER RIVER BL","ELLA AV",0,,"Y","2013-11-05",9285,"2012-07-12",1305,"16968",,"1","9","0","3",,"2","002","-","N",,0,0,,,0,,,,"Y",2,"A","-",22450,"A","N","A","H","-","A","D","0","Y","A","07",0,0,1,0,0,0,0,0,0,"-","-","UNINCORPORATED","YUBA","CA",-121.57904,39.069
"5742353",-121.575793217,39.1256450305,2012,"5800","4","4","4","09",0,2,"B",,,,"Y",,900,7,"B","C","A","FEATHER RIVER BL","NORTH BEALE RD",0,,"Y","2013-10-21",9285,"2012-07-19",850,"15048",,"1","9","0","2",,"1","021","-","N",,0,0,,,0,,,,"Y",2,"A","-",21801,"A","N","A","H","-","A","A","0","Y","F","26",0,0,2,0,0,0,0,0,0,"-","-","UNINCORPORATED","YUBA","CA",-121.57617,39.12543
"5732650",-121.560042721,39.1242948892,2012,"5800","5","2","3","08",0,1,"A","Y",,,,,2100,7,"E","I","-","MONTCLAIR AV","HAMMONTON SMARTVILLE RD",178,"S","N","2013-11-21",9285,"2012-07-03",2055,"18107",,"2","9","0","3",,"2","004","-","N",,0,0,,,0,,,,"N",2,"A","-",22107,,"M","A","H","-","C","A","0","Y","-","99",0,1,0,0,1,0,0,0,0,"-","-","UNINCORPORATED","YUBA","CA",-121.55999,39.1243
"5732615",-121.559599825,39.054192498,2012,"5800","5","6","4","08",0,1,"A",,,,,,1500,6,"E","I","A","PLUMAS ARBOGA RD","ARBOGA RD",400,"E","N","2013-10-01",9285,"2012-06-23",1315,"15030",,"1","9","0","3",,"2","002","-","N",,0,0,,,0,,,,"Y",1,"A","-",22107,,"N","A","H","-","A","D","0","Y","A","01",0,0,1,0,0,0,0,0,0,"-","-","UNINCORPORATED","YUBA","CA",-121.55778,39.05529
"5732603",0,0,2012,"5800","5","4","3","08",0,1,"A",,,,,,2100,6,"E","I","A","WILLOW GLEN RD","WILLOW GLEN RD 16160",1584,"N","N","2013-10-01",9285,"2012-06-14",1805,"17889",,"2","9","0","3",,"2","008","-","N",,0,0,,,0,,,,"Y",1,"A","-",22107,,"N","A","H","-","A","A","0","Y","A","01",0,1,0,0,0,0,0,0,0,"-","-","UNINCORPORATED","YUBA","CA",-121.28388,39.44106
"5732599",0,0,2012,"5800","4","4","4","10",0,1,"A","Y",,,,,1800,6,"G","B","B","NORTH BEALE RD","WALMART CENTER",0,,"Y","2014-01-08",9285,"2012-06-21",1620,"16968",,"2","9","0","2",,"1","041","-","N",,0,0,,,0,,,,"N",2,"A","-",21950,"A","N","A","H","-","A","A","0","Y","A","08",0,0,1,0,1,0,0,0,0,"-","-","UNINCORPORATED","YUBA","CA",-121.57326,39.12537
"5732596",-121.585695181,39.129730533,2012,"5800","3","4","4","01",0,1,"A",,,,,"Y",300,6,"C","C","A","RT 70","FEATHER RIVER BL",124,"S","N","2014-01-15",9285,"2012-06-07",128,"18632",,"3","9","0","1",,"1","020","-","Y","YUB",3,70,"-","R",11.36,"H","-","E","Y",2,"A","-",23152,"A","N","A","H","-","D","D","1","Y","A","01",0,0,1,0,0,0,0,0,0,"-","-","UNINCORPORATED","YUBA","CA",0,0
"5732591",-121.166333194,39.4175205228,2012,"5800","5","2","3","18",0,1,"A",,"Y",,,,1200,6,"E","J","A","OREGON HILL RD","MORAN RD",10032,"S","N","2013-10-01",9285,"2012-06-26",1020,"10840",,"1","9","0","3",,"2","008","-","N",,0,0,,,0,,,,"N",1,"C","-",0,,"N","A","G","-","A","D","0","Y","-","-",0,1,0,0,0,0,1,0,0,"-","-","UNINCORPORATED","YUBA","CA",-121.17434,39.41745
"5732568",-121.560374142,39.0560173485,2012,"5800","4","4","4","03",0,1,"A",,,"Y",,,1500,6,"F","A","A","ARBOGA RD","PLUMAS ARBOGA RD",300,"N","N","2013-10-01",9285,"2012-06-28",1355,"15030",,"1","9","0","2",,"1","022","-","N",,0,0,,,0,,,,"Y",1,"A","-",22350,,"N","A","H","-","A","D","0","Y","C","02",0,0,1,0,0,0,0,0,1,"-","-","UNINCORPORATED","YUBA","CA",-121.56113,39.05763
"5732361",-121.589951759,39.170100342,2012,"5800","3","5","3","08",0,1,"A",,,,,,900,7,"E","J","A","RT 70","LAURELLEN RD",41,"S","N","2014-03-17",9285,"2012-07-06",830,"18658",,"1","9","0","1",,"1","060","-","Y","YUB",3,70,"-","-",16.23,"H","-","E","Y",1,"A","-",22107,,"N","A","H","-","A","D","0","Y","A","01",0,1,0,0,0,0,0,0,0,"-","-","UNINCORPORATED","YUBA","CA",0,0