"CASEID","POINT_X","POINT_Y","YEAR_","LOCATION","CHPTYPE","DAYWEEK","CRASHSEV","VIOLCAT","KILLED","INJURED","WEATHER1","PEDCOL","BICCOL","MCCOL","TRUCKCOL","ETOH","TIMECAT","MONTH_","CRASHTYP","INVOLVE","PED","PRIMARYRD","SECONDRD","DISTANCE","DIRECT","INTERSECT_","PROCDATE","JURIS","DATE_","TIME_","BADGE","JURIDIST","SHIFT","POP","SPECIAL","BEATTYPE","LAPDDIV","BEATCLAS","BEATNUMB","WEATHER2","STATEHW","CALTRANC","CALTRAND","STROUTE","ROUTESUF","POSTPRE","POSTMILE","LOCATYPE","RAMP","SIDEHW","TOWAWAY","PARTIES","PCF","VIOLCODE","VIOL","VIOLSUB","HITRUN","ROADSURF","RDCOND1","RDCOND2","LIGHTING","RIGHTWAY","CHPRDTYP","NOTPRIV","STFAULT","CHPFAULT","SEVINJ","OTHERINJ","COP","PEDKILL","PEDINJ","BICKILL","BICINJ","MCKILL","MCINJURE","RAMP1","RAMP2","CITY","COUNTY","STATE","X_CHP","Y_CHP"
"5730369",-121.57164974,39.1180909993,2012,"5800","5","5","4","11",0,1,"A","Y",,,,,300,7,"G","C","D","ARBOGA RD","GRAND AV",70,"N","N","2013-10-29",9285,"2012-07-06",100,"16868",,"3","9","0","3",,"2","002","-","N",,0,0,,,0,,,,"N",2,"A","-",21954,"A","F","A","H","-","C","D","0","Y","N","60",0,0,1,0,1,0,0,0,0,"-","-","UNINCORPORATED","YUBA","CA",-121.57187,39.11832
"5730365",-121.470782786,39.2873984756,2012,"5800","3","3","2","01",0,3,"A",,,,,,1800,7,"A","C","A","LOMA RICA RD","IOWA CITY RD",284,"S","N","2013-10-29",9285,"2012-07-11",1500,"010840",,"2","9","0","1",,"2","061","-","N",,0,0,,,0,,,,"Y",2,"A","-",23152,"A","N","A","H","-","A","D","0","Y","A","01",1,1,1,0,0,0,0,0,0,"-","-","UNINCORPORATED","YUBA","CA",-121.47042,39.28763
"5730312",-121.543444258,39.053755267,2012,"5800","3","1","4","08",0,1,"A",,,,,,900,7,"F","A","A","RT 70","MCGOWAN PKWY",7920,"S","N","2013-10-22",9285,"2012-07-16",635,"15491",,"1","9","0","1",,"1","020","-","Y","YUB",3,70,"-","R",5.85,"H","-","W","Y",1,"A","-",22107,,"N","A","H","-","B","D","0","Y","A","01",0,0,1,0,0,0,0,0,0,"-","-","UNINCORPORATED","YUBA","CA",-121.54245,39.05322
"5723037",0,0,2012,"5800","5","5","4","17",0,1,"A",,,,,,1800,7,"A","C","A","NEW YORK FLAT RD","LA PORTE RD",5280,"N","N","2013-11-05",9285,"2012-07-13",1630,"10840",,"2","9","0","3",,"2","008","-","N",,0,0,,,0,,,,"Y",2,"A","-",21662,"A","N","A","H","-","A","D","0","Y","D","22",0,0,1,0,0,0,0,0,0,"-","-","UNINCORPORATED","YUBA","CA",-121.25894,39.48253
"5722314",0,0,2012,"5800","4","6","4","09",0,1,"A",,,,,,1800,6,"D","C","A","CHUCK YEAGER RD","HAMMONTON SMARTVILLE RD",116,"S","N","2013-09-28",9285,"2012-06-23",1712,"16968",,"2","9","0","2",,"1","042","-","N",,0,0,,,0,,,,"Y",2,"A","-",21801,"A","N","A","H","-","A","D","0","Y","D","22",0,0,1,0,0,0,0,0,0,"-","-","UNINCORPORATED","YUBA","CA",-121.30126,39.19555
"5722298",-121.551443868,39.1003538848,2012,"5800","4","4","3","08",0,3,"A",,,,,,2400,6,"A","C","A","OLIVEHURST AV","5TH ST",200,"N","N","2013-09-28",9285,"2012-06-14",2140,"18522",,"2","9","0","2",,"1","022","-","N",,0,0,,,0,,,,"Y",2,"A","-",22107,,"N","A","H","-","C","D","0","Y","A","01",0,2,1,0,0,0,0,0,0,"-","-","UNINCORPORATED","YUBA","CA",-121.55145,39.10086
"5722290",-121.575774607,39.1256684247,2012,"5800","5","6","4","03",0,3,"A",,,,,,1200,7,"C","C","A","FEATHER RIVER BL","NORTH BEALE RD",10,"E","N","2013-10-26",9285,"2012-07-07",1005,"15030",,"1","9","0","3",,"2","004","-","N",,0,0,,,0,,,,"N",3,"A","-",22350,,"N","A","H","-","A","A","0","Y","D","22",0,0,3,0,0,0,0,0,0,"-","-","UNINCORPORATED","YUBA","CA",-121.57591,39.12554
"5722286",-121.510753199,39.214095176,2012,"5800","4","4","4","01",0,1,"A",,,,,"Y",1200,6,"D","C","A","RT 20","LOMA RICA RD",0,,"Y","2014-01-15",9285,"2012-06-28",931,"15849",,"1","9","0","2",,"2","062","-","Y","YUB",3,20,"-","R",7.89,"I","5","E","Y",2,"A","-",23152,"A","N","A","H","-","A","A","0","Y","A","01",0,0,1,0,0,0,0,0,0,"-","-","UNINCORPORATED","YUBA","CA",0,0
"5722254",-121.544380318,39.2031147802,2012,"5800","5","1","3","08",0,1,"A",,,,"Y",,1500,6,"E","I","A","HALLWOOD BL","KIMBALL LN",32,"E","N","2013-10-05",9285,"2012-06-25",1415,"017163",,"2","9","0","3",,"2","006","-","N",,0,0,,,0,,,,"Y",1,"A","-",22107,,"N","A","H","-","A","D","0","Y","F","26",0,1,0,0,0,0,0,0,0,"-","-","UNINCORPORATED","YUBA","CA",-121.54453,39.20313
"5722085",-121.587749545,39.153054623,2012,"5801","0","4","4","03",0,1,"A",,,,,,1500,7,"C","C","A","RT 70","16TH ST",134,"N","N","2013-11-01",5801,"2012-07-05",1354,"391",,"5","3","0","0",,"0",,"-","Y","YUB",3,70,"-","-",15.03,"H","-","W","Y",4,"A","-",22350,,"N","A","H","-","A","D","0","Y","D","22",0,0,1,0,0,0,0,0,0,"-","-","MARYSVILLE","YUBA","CA",0,0
"5682077",-121.59111399,39.143614547,2012,"5801","0","2","4","03",0,1,"A",,,,,,1500,6,"C","C","A","RT 70","8TH ST",43,"S","N","2014-02-05",5801,"2012-06-12",1219,"391",,"5","3","0","0",,"0",,"-","Y","YUB",3,70,"-","-",14.62,"H","-","W","N",2,"A","-",22350,,"N","A","H","-","A","A","0","Y","A","01",0,0,1,0,0,0,0,0,0,"-","-","MARYSVILLE","YUBA","CA",0,0
"5679817",-121.580002727,39.1056777312,2012,"5800","4","4","2","05",0,3,"A",,,,,,2400,5,"F","I","A","FEATHER RIVER BL","GRAND AV",400,"S","N","2013-09-07",9285,"2012-05-24",2145,"18632",,"2","9","0","2",,"1","021","-","N",,0,0,,,0,,,,"Y",2,"A","-",21460,"A","N","A","H","-","C","D","0","Y","A","01",1,0,2,0,0,0,0,0,0,"-","-","UNINCORPORATED","YUBA","CA",-121.57976,39.1069
"5679407",0,0,2012,"5800","5","6","2","03",0,1,"A",,,"Y",,,1500,6,"F","A","A","LITTLE GRASS VALLEY RD","LA PORTE RD",7920,"W","N","2013-10-12",9285,"2012-06-09",1345,"015849",,"1","9","0","3",,"2","008","-","N",,0,0,,,0,,,,"N",1,"A","-",22350,,"N","A","H","-","A","D","0","Y","C","02",1,0,0,0,0,0,0,0,1,"-","-","UNINCORPORATED","YUBA","CA",0,0
"5679379",0,0,2012,"5800","4","3","3","08",0,1,"A",,,,,,1200,6,"E","I","A","MARYSVILLE RD","ROAD 270",2112,"W","N","2013-10-12",9285,"2012-06-06",935,"017393",,"1","9","0","2",,"2","081","-","N",,0,0,,,0,,,,"Y",1,"A","-",22107,,"N","A","H","-","A","D","0","Y","A","01",0,1,0,0,0,0,0,0,0,"-","-","UNINCORPORATED","YUBA","CA",-121.31037,39.36173
"5677296",-121.593043165,39.1467950273,2012,"5801","0","1","3","09",0,2,"A",,,,,,1200,6,"A","C","A","F ST","11TH ST",0,,"Y","2013-09-28",5801,"2012-06-18",1148,"305","YUBA","5","3","0","0",,"0",,"-","N",,0,0,,,0,,,,"Y",2,"A","-",21801,"A","N","A","H","-","A","D","0","Y","D","22",0,1,1,0,0,0,0,0,0,"-","-","MARYSVILLE","YUBA","CA",0,0
"5672443",0,0,2012,"5800","5","7","4","03",0,4,"A",,,,,,1500,5,"C","C","A","SIMPSON LN","MARYSVILLE CITY LIMITS",792,"E","N","2013-09-07",9285,"2012-05-27",1225,"15873",,"1","9","0","3",,"2","004","-","N",,0,0,,,0,,,,"Y",3,"A","-",22350,,"N","A","H","-","A","D","0","Y","D","22",0,0,4,0,0,0,0,0,0,"-","-","UNINCORPORATED","YUBA","CA",-121.57854,39.1425
"5672435",-121.56769422,39.1230193151,2012,"5800","5","2","4","03",0,1,"A",,,,,,1800,6,"-","C","A","LINDHURST AV","SCALES AV",141,"N","N","2013-11-07",9285,"2012-06-05",1548,"13932",,"2","9","0","3",,"2","004","-","N",,0,0,,,0,,,,"N",2,"A","-",22350,,"N","A","H","-","A","-","0","Y","D","22",0,0,1,0,0,0,0,0,0,"-","-","UNINCORPORATED","YUBA","CA",-121.56404,39.12023
"5672423",-121.544687565,39.09728942,2012,"5800","3","7","4","07",0,1,"A",,,,,,1200,6,"E","I","A","RT 70","OLIVEHURST AV",2640,"S","N","2014-01-15",9285,"2012-06-17",1100,"14878",,"1","9","0","1",,"1","020","-","Y","YUB",3,70,"-","R",8.78,"H","-","W","Y",2,"A","-",21658,"A","F","A","H","-","A","D","1","Y","D","22",0,0,1,0,0,0,0,0,0,"-","-","UNINCORPORATED","YUBA","CA",-121.54464,39.09716
"5672411",-121.545432876,39.085015952,2012,"5800","5","2","4","01",0,1,"A",,,,,"Y",2400,6,"B","E","A","MEADOW WY","GEORGINA DR",200,"S","N","2013-09-27",9285,"2012-06-05",2300,"18107",,"3","9","0","3",,"2","002","-","N",,0,0,,,0,,,,"Y",3,"A","-",23152,"A","N","A","H","-","C","A","0","Y","A","01",0,0,1,0,0,0,0,0,0,"-","-","UNINCORPORATED","YUBA","CA",0,0
"5644380",-121.422593107,39.0101450199,2012,"5802","0","5","4","09",0,1,"A",,,,,,900,5,"H","-","A","MAIN ST","FRONT ST",0,,"Y","2013-09-17",5802,"2012-05-18",807,"610",,"5","1","0","0",,"0",,"-","N",,0,0,,,0,,,,"N",2,"A","-",21802,"A","N","A","H","-","A","A","0","Y","A","07",0,0,1,0,0,0,0,0,0,"-","-","WHEATLAND","YUBA","CA",0,0
"5644376",-121.426215857,39.010182312,2012,"5802","0","4","3","09",0,5,"A",,,,,,1200,5,"D","C","A","RT 65","2ND ST",0,,"Y","2014-02-03",5802,"2012-05-03",1009,"602",,"5","1","0","0",,"0",,"B","Y","YUB",3,65,"-","-",0.865,"I","6","S","N",2,"A","-",21802,"A","N","A","H","-","A","A","0","Y","-","-",0,1,4,0,0,0,0,0,0,"-","-","WHEATLAND","YUBA","CA",0,0
"5641780",-121.563027054,39.1273473191,2012,"5800","4","6","4","05",0,1,"A",,"Y",,,,1200,5,"A","G","A","NORTH BEALE RD","SILVERWOOD ST",10,"W","N","2013-10-24",9285,"2012-05-19",1040,"15030",,"1","9","0","2",,"1","041","-","N",,0,0,,,0,,,,"N",2,"A","-",21650,"1","N","A","H","-","A","A","0","Y","L","04",0,0,1,0,0,0,1,0,0,"-","-","UNINCORPORATED","YUBA","CA",-121.56313,39.12734
"5639244",-121.297909101,39.203438803,2012,"5800","4","3","1","01",1,1,"B",,,,,"Y",2400,11,"E","I","A","RT 20","MCGANNEY LN",25,"W","N","2013-01-16",9285,"2012-11-07",2339,"018107",,"3","9","0","2",,"2","062","-","Y","YUB",3,20,"-","-",20.61,"H","-","W","Y",1,"A","-",23152,"A","N","A","H","-","D","A","0","Y","A","01",0,1,0,0,0,0,0,0,0,"-","-","UNINCORPORATED","YUBA","CA",-121.29865,39.20423
"5639243",-121.594871391,39.192535693,2012,"5800","3","2","1","03",1,0,"B",,,,"Y",,1800,11,"B","C","A","RT 70","SADDLEBACK DR",1056,"N","N","2014-04-07",9285,"2012-11-27",1720,"014241",,"2","9","0","1",,"1","060","-","Y","YUB",3,70,"-","-",17.79,"H","-","E","Y",2,"A","-",22350,,"N","A","H","-","D","D","0","Y","A","01",0,0,0,0,0,0,0,0,0,"-","-","UNINCORPORATED","YUBA","CA",-121.59491,39.19097
"5639242",-121.579358941,39.1013777479,2012,"5800","4","6","1","08",1,0,"A",,,,,"Y",2100,10,"E","I","A","FEATHER RIVER BL","MYRNA AV",22,"S","N","2013-01-11",9285,"2012-10-20",1950,"018522",,"2","9","0","2",,"1","021","-","N",,0,0,,,0,,,,"Y",1,"A","-",22107,,"N","A","H","-","D","D","0","Y","A","01",0,0,0,0,0,0,0,0,0,"-","-","UNINCORPORATED","YUBA","CA",-121.5794,39.10155
"5639221",0,0,2012,"5800","4","5","1","08",1,0,"A",,,,,"Y",2100,11,"F","A","A","FEATHER RIVER BL","PLUMAS ARBOGA RD",503,"N","N","2014-04-07",9285,"2012-11-23",2045,"018340",,"2","9","0","2",,"1","021","-","N",,0,0,,,0,,,,"Y",1,"A","-",22107,,"N","A","H","-","D","D","0","Y","A","01",0,0,0,0,0,0,0,0,0,"-","-","UNINCORPORATED","YUBA","CA",-121.57897,39.05635
"5639034",-121.548494756,39.17630967,2012,"5800","4","7","1","08",1,0,"A",,,"Y",,"Y",2400,9,"F","A","A","RT 20","PLANTZ RD",2112,"W","N","2014-04-18",9285,"2012-09-16",2244,"017534",,"3","9","0","2",,"2","062","-","Y","YUB",3,20,"-","R",4.45,"H","-","E","Y",1,"A","-",22107,,"N","A","-","-","D","D","0","Y","C","02",0,0,0,0,0,0,0,1,0,"-","-","UNINCORPORATED","YUBA","CA",-121.5486,39.17607
"5638793",-121.407036467,39.3132080509,2012,"5800","3","7","1","05",1,1,"A",,,"Y",,"Y",2100,9,"A","C","A","LOMA RICA RD","BONANZA WY",229,"S","N","2014-04-17",9285,"2012-09-16",1925,"010840",,"2","9","0","1",,"2","061","-","N",,0,0,,,0,,,,"Y",2,"A","-",21460,"A","N","A","H","-","A","D","0","Y","C","02",0,0,1,0,0,0,0,1,0,"-","-","UNINCORPORATED","YUBA","CA",-121.40704,39.31328
"5638361",-121.555461141,39.127769402,2012,"5800","4","6","1","11",1,0,"A","Y",,,,,600,6,"G","B","D","HAMMONTON SMARTVILLE RD","BEALE RD",66,"N","N","2012-09-13",9285,"2012-06-02",458,"13174",,"3","9","0","2",,"1","042","-","N",,0,0,,,0,,,,"N",2,"A","-",21954,"A","N","A","H","-","D","D","0","Y","N","60",0,0,0,1,0,0,0,0,0,"-","-","UNINCORPORATED","YUBA","CA",-121.55515,39.1281
"5638028",-121.529091904,39.19449613,2012,"5800","4","4","1","05",1,1,"A",,,,,,900,6,"A","C","A","RT 20","HALLWOOD BL",4752,"W","N","2014-04-15",9285,"2012-06-07",636,"015849",,"1","9","0","2",,"2","062","-","Y","YUB",3,20,"-","-",6.12,"H","-","W","Y",2,"A","-",21460,"A","N","A","H","-","A","D","0","Y","A","01",0,0,1,0,0,0,0,0,0,"-","-","UNINCORPORATED","YUBA","CA",-121.52888,39.19468
"5637156",-121.498581927,39.248938028,2012,"5800","3","5","4","05",0,1,"A",,,,,,1800,5,"E","I","A","LOMA RICA RD","LAS QUINTAS WY",5280,"N","N","2013-09-21",9285,"2012-05-11",1655,"010840",,"2","9","0","1",,"2","061","-","N",,0,0,,,0,,,,"Y",1,"A","-",21650,,"N","A","H","-","A","D","0","Y","A","01",0,0,1,0,0,0,0,0,0,"-","-","UNINCORPORATED","YUBA","CA",-121.49333,39.25638
"5636752",0,0,2012,"5801","0","5","4","03",0,1,"A",,,,,,1200,5,"C","-","A","B ST","15TH ST",0,,"Y","2013-09-05",5801,"2012-05-25",1153,"305",,"5","3","0","0",,"0",,"-","N",,0,0,,,0,,,,"Y",2,"A","-",22350,,"N","A","H","-","A","A","0","Y","A","01",0,0,1,0,0,0,0,0,0,"-","-","MARYSVILLE","YUBA","CA",0,0
"5633981",-121.60067592,39.230653961,2012,"5800","3","5","4","08",0,1,"A",,,,,,1200,5,"D","C","A","RT 70","MAGNOLIA RD",2640,"S","N","2014-01-15",9285,"2012-05-25",950,"015030",,"1","9","0","1",,"1","060","-","Y","YUB",3,70,"-","-",20.45,"H","-","W","Y",2,"A","-",22107,,"N","A","H","-","A","D","0","Y","D","22",0,0,1,0,0,0,0,0,0,"-","-","UNINCORPORATED","YUBA","CA",-121.60097,39.22858
"5632968",-121.535658873,39.1280782205,2012,"5800","4","2","4","08",0,1,"A",,,,,,1800,5,"B","C","A","NORTH BEALE RD","COLLEGEVIEW DR",325,"W","N","2013-09-20",9285,"2012-05-22",1600,"13174",,"2","9","0","2",,"1","041","-","N",,0,0,,,0,,,,"Y",2,"A","-",22107,,"N","A","H","-","A","D","0","Y","A","01",0,0,1,0,0,0,0,0,0,"-","-","UNINCORPORATED","YUBA","CA",-121.53584,39.128
"5630419",-121.587396687,39.150589966,2012,"5801","0","2","4","08",0,1,"A",,,,,,1800,5,"B","C","A","RT 70","14TH ST",28,"S","N","2014-01-15",5801,"2012-05-22",1503,"391",,"5","3","0","0",,"0",,"-","Y","YUB",3,70,"-","-",14.86,"H","-","W","N",2,"A","-",22100,"A","N","A","D","-","A","A","0","Y","A","07",0,0,1,0,0,0,0,0,0,"-","-","MARYSVILLE","YUBA","CA",0,0
"5630415",-121.598123238,39.1396150553,2012,"5801","0","3","4","09",0,1,"A",,,,,,1800,5,"D","C","A","5TH ST","J ST",0,,"Y","2013-08-31",5801,"2012-05-23",1635,"313","YUBA","5","3","0","0",,"0","5801","-","N",,0,0,,,0,,,,"Y",2,"A","-",21804,,"N","-","H","-","A","D","0","Y","-","-",0,0,1,0,0,0,0,0,0,"-","-","MARYSVILLE","YUBA","CA",0,0
"5630411",-121.594403237,39.1455950896,2012,"5801","0","6","4","11",0,1,"A","Y",,,,"Y",2400,5,"G","B","B","10TH ST","G ST",0,,"Y","2013-08-31",5801,"2012-05-12",2242,"358","MARY","5","3","0","0",,"0",,"-","N",,0,0,,,0,,,,"N",2,"A","-",21950,"B","N","A","H","-","D","A","0","Y","N","60",0,0,1,0,1,0,0,0,0,"-","-","MARYSVILLE","YUBA","CA",0,0
"5628089",0,0,2012,"5800","5","2","4","05",0,1,"A",,,,,,1200,5,"F","A","A","ELLA AV","LARNER WY",399,"W","N","2013-12-09",9285,"2012-05-08",920,"014878",,"1","9","0","3",,"2","002","-","N",,0,0,,,0,,,,"Y",1,"A","-",21650,,"N","A","D","H","A","D","0","Y","A","01",0,0,1,0,0,0,0,0,0,"-","-","UNINCORPORATED","YUBA","CA",-121.56504,39.06946
"5628072",-121.57716225,39.0693636376,2012,"5800","5","3","3","08",0,1,"A",,,,,,1200,5,"E","I","A","ELLA AV","FEATHER RIVER BL",500,"E","N","2013-09-03",9285,"2012-05-02",1155,"15491",,"1","9","0","3",,"2","002","-","N",,0,0,,,0,,,,"N",1,"A","-",22107,,"N","A","H","-","A","D","0","Y","A","01",0,1,0,0,0,0,0,0,0,"-","-","UNINCORPORATED","YUBA","CA",-121.57892,39.06935
"5628068",0,0,2012,"5800","5","2","2","11",0,1,"A","Y",,,,,1800,5,"G","B","D","RIVER OAKS BL","BRIDGEPORT WY",5,"S","N","2013-09-03",9285,"2012-05-08",1500,"14878",,"2","9","0","3",,"2","002","-","N",,0,0,,,0,,,,"Y",2,"A","-",21950,"B","N","A","H","-","A","D","0","Y","N","60",1,0,0,0,1,0,0,0,0,"-","-","UNINCORPORATED","YUBA","CA",0,0
"5628064",-121.201874823,39.4992069991,2012,"5800","4","6","2","17",0,1,"A",,,"Y",,,1200,5,"E","I","A","LA PORTE RD","OREGON HILL RD",8976,"E","N","2013-09-03",9285,"2012-05-05",1010,"10840",,"1","9","0","2",,"2","082","-","N",,0,0,,,0,,,,"Y",2,"A","-",21662,,"N","A","H","-","A","D","0","Y","C","02",1,0,0,0,0,0,0,0,1,"-","-","UNINCORPORATED","YUBA","CA",-121.2018,39.49916
"5628060",-121.343358881,39.0485365653,2012,"5800","5","6","4","03",0,1,"A",,,"Y",,,1800,5,"F","A","A","CAMP FAR WEST RD","WINTUN WY",1056,"S","N","2013-09-03",9285,"2012-05-12",1600,"15030",,"2","9","0","3",,"2","002","-","N",,0,0,,,0,,,,"N",1,"A","-",22350,,"N","A","H","-","A","D","0","Y","C","02",0,0,1,0,0,0,0,0,1,"-","-","UNINCORPORATED","YUBA","CA",-121.33565,39.04782
"5628056",-121.324153211,39.3627250498,2012,"5800","4","3","4","12",0,1,"A",,,,,,2100,5,"E","I","A","MARYSVILLE RD","WILLOW GLEN RD",0,,"Y","2013-09-03",9285,"2012-05-09",1915,"17393",,"2","9","0","2",,"2","081","-","N",,0,0,,,0,,,,"Y",1,"A","-",22450,"A","N","A","H","-","A","D","0","Y","A","08",0,0,1,0,0,0,0,0,0,"-","-","UNINCORPORATED","YUBA","CA",-121.32421,39.3027
"5628015",-121.523703151,39.1138450735,2012,"5800","5","2","3","01",0,1,"A",,,,,"Y",300,5,"E","I","A","GRIFFITH AV","ERLE RD",0,,"Y","2013-12-06",9285,"2012-05-08",214,"18561",,"3","9","0","3",,"2","004","-","N",,0,0,,,0,,,,"Y",1,"A","-",23152,"A","N","A","H","-","C","A","0","Y","A","01",0,1,0,0,0,0,0,0,0,"-","-","UNINCORPORATED","YUBA","CA",-121.5239,39.1139
"5620968",-121.594403237,39.1455950896,2012,"5801","0","4","4","12",0,1,"A",,,,,,2100,5,"D","C","A","10TH ST","G ST",0,,"Y","2014-01-08",5801,"2012-05-03",1913,"306","5801","5","3","0","0",,"0",,"-","N",,0,0,,,0,,,,"Y",2,"A","-",21453,"A","N","A","H","-","A","A","0","Y","-","-",0,0,1,0,0,0,0,0,0,"-","-","MARYSVILLE","YUBA","CA",0,0
"5620828",0,0,2012,"5800","5","7","3","05",0,3,"A",,,,,,900,4,"A","C","A","SIMPSON LN","DANTONI RD",664,"N","N","2013-08-24",9285,"2012-04-15",638,"013932",,"1","9","0","3",,"2","004","-","N",,0,0,,,0,,,,"Y",2,"A","-",21650,,"N","A","H","-","A","D","0","Y","A","01",0,1,2,0,0,0,0,0,0,"-","-","UNINCORPORATED","YUBA","CA",-121.5536,39.13708
"5615106",-121.580403226,39.1545850414,2012,"5801","0","2","3","01",0,1,"A",,,,,"Y",1500,5,"D","C","A","EAST 17TH ST","SAMPSON ST",0,,"Y","2014-03-17",5801,"2012-05-08",1451,"313","YUBAS","5","3","0","0",,"0","5801","-","N",,0,0,,,0,,,,"Y",2,"A","-",23152,,"N","A","H","-","A","A","0","Y","A","01",0,1,0,0,0,0,0,0,0,"-","-","MARYSVILLE","YUBA","CA",0,0
"5609585",-121.523701184,39.1137874766,2012,"5800","5","3","3","01",0,1,"A",,,,,"Y",300,5,"E","I","A","GRIFFITH AV","ERLE RD",21,"S","N","2013-09-07",9285,"2012-05-02",115,"17163",,"3","9","0","3",,"2","004","-","N",,0,0,,,0,,,,"Y",1,"A","-",23152,"A","N","A","H","-","C","A","0","Y","A","07",0,1,0,0,0,0,0,0,0,"-","-","UNINCORPORATED","YUBA","CA",-121.5239,39.1139
"5600515",0,0,2012,"5800","5","6","4","03",0,2,"A",,,,,,1500,4,"F","A","A","CAMP FAR WEST RD","WITCHITA WY",1020,"N","N","2013-10-16",9285,"2012-04-21",1340,"15030",,"1","9","0","3",,"2","004","-","N",,0,0,,,0,,,,"Y",1,"A","-",22350,,"N","A","H","-","A","D","0","Y","A","01",0,0,2,0,0,0,0,0,0,"-","-","UNINCORPORATED","YUBA","CA",-121.29953,39.0653
"5600511",-121.575834554,39.1256522571,2012,"5800","4","5","4","21",0,1,"A",,,,,,2100,4,"C","C","A","NORTH BEALE RD","FEATHER RIVER BL",12,"N","N","2013-08-24",9285,"2012-04-20",2010,"17889",,"2","9","0","2",,"1","041","-","N",,0,0,,,0,,,,"N",2,"A","-",22106,,"N","A","H","-","C","A","0","Y","A","01",0,0,1,0,0,0,0,0,0,"-","-","UNINCORPORATED","YUBA","CA",-121.57606,39.12573
"5600507",0,0,2012,"5800","5","4","4","08",0,1,"B",,,,,,1800,4,"E","I","A","CHUCK YEAGER RD","LORETTA LN",600,"N","N","2013-08-24",9285,"2012-04-26",1730,"16868",,"2","9","0","3",,"2","004","-","N",,0,0,,,0,,,,"Y",1,"A","-",22107,,"N","A","H","-","A","D","0","Y","A","01",0,0,1,0,0,0,0,0,0,"-","-","UNINCORPORATED","YUBA","CA",-121.30461,39.18181
"5600491",-121.363501305,39.233293783,2012,"5800","4","7","2","00",0,1,"A",,,"Y",,,1200,4,"A","C","A","RT 20","PEORIA RD",2640,"E","N","2013-11-20",9285,"2012-04-15",1010,"15030",,"1","9","0","2",,"2","062","-","Y","YUB",3,20,"-","-",16.16,"H","-","E","Y",2,"D","-",0,,"N","A","H","-","A","D","0","Y","-","-",1,0,0,0,0,0,0,0,1,"-","-","UNINCORPORATED","YUBA","CA",-121.36099,39.23281
"5599963",-121.582473233,39.1476750212,2012,"5801","0","5","3","01",0,4,"A",,,,,"Y",2100,4,"D","C","A","11TH ST","RAMIREZ RD",0,,"Y","2013-10-18",5801,"2012-04-27",2026,"311","MARYS","5","3","0","0",,"0",,"-","N",,0,0,,,0,,,,"Y",2,"A","-",23153,,"N","A","H","-","B","D","0","Y","E","22",0,1,3,0,0,0,0,0,0,"-","-","MARYSVILLE","YUBA","CA",0,0
"5599487",-121.410210267,39.0192103493,2012,"5800","5","6","3","18",0,1,"A",,,,,,900,4,"-","-","A","SPENCEVILLE RD","JASPER LN",2112,"W","N","2013-08-10",9285,"2012-04-28",650,"15030",,"1","9","0","3",,"2","002","-","N",,0,0,,,0,,,,"N",1,"C","-",0,,"N","A","H","-","A","D","0","Y","-","-",0,1,0,0,0,0,0,0,0,"-","-","UNINCORPORATED","YUBA","CA",-121.40987,39.01841
"5599475",-121.594748163,39.289845557,2012,"5800","3","5","3","08",0,1,"A",,,,,,2400,4,"E","I","A","RT 70","RAMIREZ RD",8448,"N","N","2013-11-18",9285,"2012-04-20",2140,"17889",,"2","9","0","1",,"1","060","-","Y","YUB",3,70,"-","-",24.51,"H","-","E","N",1,"A","-",22107,,"N","A","H","-","D","D","0","Y","A","01",0,1,0,0,0,0,0,0,0,"-","-","UNINCORPORATED","YUBA","CA",-121.5945,39.28784
"5599467",-121.590100932,39.137605342,2012,"5800","3","5","4","03",0,1,"C",,,,,,2100,4,"C","C","A","RT 70","2ND ST",30,"S","N","2013-11-18",9285,"2012-04-13",1811,"15849",,"2","9","0","1",,"1","020","F","Y","YUB",3,70,"-","-",14.15,"H","-","E","Y",2,"A","-",22350,,"M","C","H","-","A","D","4","Y","A","01",0,0,1,0,0,0,0,0,0,"-","-","UNINCORPORATED","YUBA","CA",-121.59019,39.13751
"5599357",-121.566212103,39.159802057,2012,"5801","0","3","3","-",0,1,"B","Y",,,,,1500,4,"D","B","D","EAST 22ND ST","CHEIM BL",238,"E","N","2013-08-13",5801,"2012-04-25",1211,"313","YUBAS","5","3","0","0",,"0","5801","-","N",,0,0,,,0,,,,"N",2,"A","-",0,,"N","A","H","-","A","D","0","Y","-","-",0,1,0,0,1,0,0,0,0,"-","-","MARYSVILLE","YUBA","CA",0,0