"CASEID","POINT_X","POINT_Y","YEAR_","LOCATION","CHPTYPE","DAYWEEK","CRASHSEV","VIOLCAT","KILLED","INJURED","WEATHER1","PEDCOL","BICCOL","MCCOL","TRUCKCOL","ETOH","TIMECAT","MONTH_","CRASHTYP","INVOLVE","PED","PRIMARYRD","SECONDRD","DISTANCE","DIRECT","INTERSECT_","PROCDATE","JURIS","DATE_","TIME_","BADGE","JURIDIST","SHIFT","POP","SPECIAL","BEATTYPE","LAPDDIV","BEATCLAS","BEATNUMB","WEATHER2","STATEHW","CALTRANC","CALTRAND","STROUTE","ROUTESUF","POSTPRE","POSTMILE","LOCATYPE","RAMP","SIDEHW","TOWAWAY","PARTIES","PCF","VIOLCODE","VIOL","VIOLSUB","HITRUN","ROADSURF","RDCOND1","RDCOND2","LIGHTING","RIGHTWAY","CHPRDTYP","NOTPRIV","STFAULT","CHPFAULT","SEVINJ","OTHERINJ","COP","PEDKILL","PEDINJ","BICKILL","BICINJ","MCKILL","MCINJURE","RAMP1","RAMP2","CITY","COUNTY","STATE","X_CHP","Y_CHP"
"5599353",0,0,2012,"5801","0","2","4","03",0,2,"A",,,"Y",,,1800,4,"C","C","A","5TH ST BRIDGE","OLIVE ST",1278,"W","N","2013-08-13",5801,"2012-04-24",1655,"391",,"5","3","0","0",,"0",,"-","N",,0,0,,,0,,,,"Y",4,"A","-",22350,,"N","A","H","-","A","D","0","Y","A","07",0,0,2,0,0,0,0,0,0,"-","-","MARYSVILLE","YUBA","CA",0,0
"5598865",-121.58381108,39.128614592,2012,"5800","3","3","2","03",0,1,"A",,,,,,900,5,"C","C","A","RT 70","S FEATHER RIVER BL",1584,"N","N","2014-01-15",9285,"2012-05-02",705,"14878",,"1","9","0","1",,"1","020","-","Y","YUB",3,70,"-","-",13.32,"H","-","E","Y",2,"A","-",22350,,"N","A","H","-","A","D","4","Y","D","22",1,0,0,0,0,0,0,0,0,"-","-","UNINCORPORATED","YUBA","CA",-121.54286,38.98214
"5598861",-121.363076562,39.2594275602,2012,"5800","5","3","3","03",0,2,"A",,,,,,1800,5,"E","I","A","PEORIA RD","BALD MOUNTAIN RD",3168,"S","N","2014-01-08",9285,"2012-05-02",1629,"17393",,"2","9","0","3",,"2","006","-","N",,0,0,,,0,,,,"Y",1,"A","-",22350,,"N","A","H","-","A","D","0","Y","D","22",0,2,0,0,0,0,0,0,0,"-","-","UNINCORPORATED","YUBA","CA",-121.36311,39.25953
"5595760",-121.315477208,39.3939702097,2012,"5800","4","4","4","05",0,2,"A",,,,,,300,4,"E","A","A","WILLOW GLEN RD","SKY GLEN DR",5808,"N","N","2013-08-16",9285,"2012-04-19",50,"18561",,"3","9","0","2",,"2","081","-","N",,0,0,,,0,,,,"Y",1,"A","-",21650,,"N","A","H","-","D","D","0","Y","D","22",0,0,2,0,0,0,0,0,0,"-","-","UNINCORPORATED","YUBA","CA",-121.31453,39.39435
"5595744",0,0,2012,"5800","5","7","4","01",0,1,"A",,,,,,2400,4,"C","E","A","WHITEWATER DR","WILDWOOD DR",36,"W","N","2013-08-26",9285,"2012-04-15",2150,"017889",,"2","9","0","3",,"2","004","-","N",,0,0,,,0,,,,"N",2,"A","-",23152,"A","N","A","H","-","C","D","0","Y","A","01",0,0,1,0,0,0,0,0,0,"-","-","UNINCORPORATED","YUBA","CA",-121.32379,39.07103
"5595736",-121.544346396,39.097132776,2012,"5800","3","2","4","01",0,1,"A",,,,,,900,5,"E","I","A","RT 70","OLIVEHURST AV",2640,"S","N","2014-01-15",9285,"2012-05-01",745,"014878",,"1","9","1","1",,"1","020","-","Y","YUB",3,70,"-","R",8.78,"H","-","E","Y",1,"A","-",23152,"A","N","A","H","-","A","D","1","Y","H","16",0,0,1,0,0,0,0,0,0,"-","-","UNINCORPORATED","YUBA","CA",-121.54359,39.09637
"5588058",-121.564725191,39.1590823482,2012,"5801","0","7","4","05",0,1,"A",,"Y",,,,1800,4,"C","E","A","GLEN ST","EAST 22ND ST",100,"E","N","2013-08-23",5801,"2012-04-01",1530,"350",,"5","3","0","0",,"0",,"-","N",,0,0,,,0,,,,"N",2,"A","-",21202,"A","N","A","-","-","A","-","0","Y","L","04",0,0,1,0,0,0,1,0,0,"-","-","MARYSVILLE","YUBA","CA",0,0
"5584866",-121.575272956,39.123210244,2012,"5800","3","5","4","03",0,1,"A",,,,,,900,4,"C","C","A","RT 70","FEATHER RIVER BL",276,"S","N","2013-11-19",9285,"2012-04-06",815,"015048",,"1","9","0","1",,"1","020","-","Y","YUB",3,70,"-","R",11.264,"R","2","W","N",2,"A","-",22350,,"N","A","H","-","A","D","1","Y","A","01",0,0,1,0,0,0,0,0,0,"-","-","UNINCORPORATED","YUBA","CA",-121.57655,39.12386
"5584862",-121.381091802,39.2925172868,2012,"5800","3","5","3","01",0,1,"A",,,,,"Y",2100,4,"E","I","A","MARYSVILLE RD","DRY CREEK LN",1056,"N","N","2013-08-28",9285,"2012-04-06",1915,"010840",,"2","9","0","1",,"2","061","-","N",,0,0,,,0,,,,"Y",1,"A","-",23152,"A","N","A","H","-","B","D","0","Y","A","01",0,1,0,0,0,0,0,0,0,"-","-","UNINCORPORATED","YUBA","CA",-121.37972,39.29246
"5584858",0,0,2012,"5800","5","2","3","08",0,1,"B",,,,,,2500,4,"E","I","A","LA PORTE RD","LA PORTE RD 9998",278,"N","N","2013-10-15",9285,"2012-04-10",2500,"016968",,"4","9","0","3",,"2","008","-","N",,0,0,,,0,,,,"Y",1,"A","-",22107,,"N","A","H","-","D","D","0","Y","A","07",0,1,0,0,0,0,0,0,0,"-","-","UNINCORPORATED","YUBA","CA",-121.22792,39.48375
"5584854",-121.540877986,39.07286558,2012,"5800","4","6","4","03",0,1,"A",,,,,,2100,4,"C","C","A","MCGOWAN PKWY","RT 70",0,,"Y","2013-11-19",9285,"2012-04-07",1857,"016968",,"2","9","0","2",,"1","022","-","Y","YUB",3,70,"-","R",7.068,"R","4","E","Y",2,"A","-",22350,,"N","A","H","-","A","D","0","Y","A","01",0,0,1,0,0,0,0,0,0,"-","-","UNINCORPORATED","YUBA","CA",-121.54045,39.07724
"5583280",-121.590617306,39.140292128,2012,"5801","0","1","4","03",0,1,"A",,,,,,900,4,"C","C","A","RT 70","4TH ST",182,"N","N","2013-12-11",5801,"2012-04-23",812,"313","YUBAS","5","3","0","0",,"0","5801","-","Y","YUB",3,70,"-","-",14.36,"H","-","W","N",2,"A","-",22350,,"N","A","H","-","A","A","0","Y","E","22",0,0,1,0,0,0,0,0,0,"-","-","MARYSVILLE","YUBA","CA",0,0
"5564200",-121.549403101,39.0916050145,2012,"5800","5","3","4","03",0,1,"A",,,"Y",,,1200,2,"-","C","A","9TH AV","ARDMORE AV",0,,"Y","2013-08-13",9285,"2012-02-15",1155,"15873",,"1","9","0","3",,"2","002","-","N",,0,0,,,0,,,,"Y",2,"A","-",22350,,"N","A","H","-","A","-","0","Y","C","02",0,0,1,0,0,0,0,0,1,"-","-","UNINCORPORATED","YUBA","CA",-121.54946,39.09149
"5558032",-121.552080269,39.1343273562,2012,"5800","4","2","4","08",0,1,"C",,,,,,1800,3,"C","E","A","HAMMONTON SMARTVILLE RD","SIMPSON LN",160,"E","N","2013-07-31",9285,"2012-03-13",1645,"16868",,"2","9","0","2",,"1","042","-","N",,0,0,,,0,,,,"Y",2,"A","-",22107,,"N","B","H","-","A","D","0","Y","A","07",0,0,1,0,0,0,0,0,0,"-","-","UNINCORPORATED","YUBA","CA",-121.55122,39.13457
"5558008",-121.560183171,39.124779443,2012,"5800","4","5","2","00",0,1,"A","Y",,,,,2400,3,"G","B","E","HAMMONTON SMARTVILLE RD","MONTCLAIR AV",10,"N","N","2013-08-05",9285,"2012-03-09",2200,"15030",,"3","9","0","2",,"1","042","-","N",,0,0,,,0,,,,"N",2,"D","-",0,,"N","A","H","-","D","D","0","Y","-","-",1,0,0,0,1,0,0,0,0,"-","-","UNINCORPORATED","YUBA","CA",-121.56033,39.12465
"5553895",0,0,2012,"5800","5","4","4","05",0,1,"B",,"Y",,,,900,3,"D","G","A","CROYDON CT","NOTTING HILL WY",0,,"Y","2013-07-29",9285,"2012-03-29",759,"013932",,"1","9","0","3",,"2","002","-","N",,0,0,,,0,,,,"N",2,"A","-",21650,,"N","A","H","-","A","A","0","Y","L","04",0,0,1,0,0,0,1,0,0,"-","-","UNINCORPORATED","YUBA","CA",-121.54703,39.00294
"5548624",-121.415817565,39.0417230055,2012,"5800","5","3","4","03",0,1,"A",,,,,,1500,3,"E","J","A","JASPER LN","SPENCEVILLE RD",7920,"N","N","2013-08-09",9285,"2012-03-28",1420,"18632",,"2","9","0","3",,"2","002","-","N",,0,0,,,0,,,,"Y",1,"A","-",22350,,"N","B","H","-","A","D","0","Y","A","01",0,0,1,0,0,0,0,0,0,"-","-","UNINCORPORATED","YUBA","CA",-121.4162,39.04238
"5548620",0,0,2012,"5800","5","6","3","01",0,1,"B",,,,,"Y",300,3,"E","I","A","SPENCEVILLE RD","MCCURRY STREET",502,"E","N","2013-08-09",9285,"2012-03-31",200,"17163",,"3","9","0","3",,"2","004","-","N",,0,0,,,0,,,,"Y",1,"A","-",23152,"A","N","A","H","-","D","D","0","Y","A","07",0,1,0,0,0,0,0,0,0,"-","-","UNINCORPORATED","YUBA","CA",-121.41164,39.01766
"5547438",-121.561477546,39.11481248,2012,"5800","3","6","4","03",0,2,"A",,,,,,1500,2,"C","C","A","RT 70","ERLE RD",50,"N","N","2013-09-17",9285,"2012-02-11",1445,"15873",,"2","9","0","1",,"1","020","-","Y","YUB",3,70,"-","R",10.316,"R","1","W","Y",2,"A","-",22350,,"N","A","H","-","A","D","1","Y","A","01",0,0,2,0,0,0,0,0,0,"TO","-","UNINCORPORATED","YUBA","CA",-121.5608,39.1133
"5547430",-121.256395817,39.5079940754,2012,"5800","5","4","4","17",0,1,"A",,,,,,1800,2,"E","I","A","CHALLENGE CUTOFF RD","LA PORTE RD",10560,"W","N","2013-08-19",9285,"2012-02-23",1600,"010840",,"2","9","0","3",,"2","008","-","N",,0,0,,,0,,,,"Y",1,"A","-",21662,,"N","A","H","-","A","D","0","Y","A","07",0,0,1,0,0,0,0,0,0,"-","-","UNINCORPORATED","YUBA","CA",-121.25639,39.50837
"5547426",0,0,2012,"5800","5","2","4","07",0,1,"B",,,,,,900,2,"D","C","A","RT 99","CATLETT RD",1056,"N","N","2013-09-26",9285,"2012-02-21",800,"014878",,"1","9","0","3",,"2","002","-","Y","SUT",3,99,"-","-",7.28,"H","-","S","N",2,"A","-",21658,"A","N","A","H","-","A","D","5","Y","A","01",0,0,1,0,0,0,0,0,0,"-","-","UNINCORPORATED","YUBA","CA",-121.5439,38.84339
"5544620",-121.594863196,39.1488951149,2012,"5801","0","7","4","09",0,1,"A",,,,,,1200,3,"D","D","A","G ST","13TH ST",0,,"Y","2013-07-20",5801,"2012-03-04",1023,"305","YUBA","5","3","0","0",,"0",,"-","N",,0,0,,,0,,,,"Y",2,"A","-",21802,,"N","A","H","-","A","A","0","Y","A","01",0,0,1,0,0,0,0,0,0,"-","-","MARYSVILLE","YUBA","CA",0,0
"5544124",-121.60118901,39.218819403,2012,"5800","3","6","4","08",0,5,"B",,,,,,900,3,"D","C","A","RT 70","WOODRUFF LN",528,"S","N","2013-09-27",9285,"2012-03-17",715,"15873",,"1","9","0","1",,"1","060","-","Y","YUB",3,70,"-","-",19.64,"H","-","E","Y",2,"A","-",22107,,"N","A","H","-","A","D","0","Y","D","22",0,0,5,0,0,0,0,0,0,"-","-","UNINCORPORATED","YUBA","CA",-121.60097,39.21782
"5542498",-121.064364202,39.442274107,2012,"5800","3","3","1","05",2,2,"B",,,,,"Y",2100,3,"A","C","A","RT 49","MARYSVILLE RD",2640,"N","N","2012-04-19",9230,"2012-03-21",1815,"019235",,"2","9","0","1",,"1","081","-","Y","YUB",3,49,"-","-",4.09,"H","-","S","Y",2,"A","-",21460,"A","N","A","H","-","A","A","0","Y","A","01",0,0,2,0,0,0,0,0,0,"-","-","UNINCORPORATED","YUBA","CA",-121.06317,39.44192
"5542417",0,0,2012,"5800","5","1","1","01",1,0,"A",,,,,"Y",1800,5,"E","I","A","MARYSVILLE RD","BULLARDS BAR DAM",1450,"E","N","2012-07-12",9230,"2012-05-21",1745,"019235",,"2","9","0","3",,"2","080","-","N",,0,0,,,0,,,,"Y",1,"A","-",23152,"A","N","A","H","-","A","A","0","Y","A","07",0,0,0,0,0,0,0,0,0,"-","-","UNINCORPORATED","YUBA","CA",-121.1357,39.39066
"5542402",-121.592853203,39.145595164,2012,"5801","0","2","1","00",1,4,"B","Y",,,,,2100,4,"G","B","F","10TH ST","F ST",0,,"Y","2014-04-14",5801,"2012-04-10",2043,"303",,"5","3","0","0",,"0","5801","-","Y","YUB",3,20,"-","-",0.84,"I","6","E","Y",6,"A","-",23103,"A","N","A","H","-","C","A","0","Y","A","01",1,1,2,1,1,0,0,0,0,"-","-","MARYSVILLE","YUBA","CA",0,0
"5542365",0,0,2012,"5800","5","3","1","08",1,0,"A",,,,,,2400,5,"F","A","A","TIMBUCTOO RD","RT 20",13,"W","N","2012-07-11",9285,"2012-05-16",2126,"18340",,"2","9","0","3",,"2","006","-","N",,0,0,,,0,,,,"Y",1,"A","-",22107,,"N","A","H","-","D","D","0","Y","A","07",0,0,0,0,0,0,0,0,0,"-","-","UNINCORPORATED","YUBA","CA",-121.33389,39.21893
"5542142",-121.583488833,39.1161063909,2012,"5800","4","6","1","01",1,3,"A",,,,,"Y",600,4,"E","I","A","FEATHER RIVER BL","RIVERSIDE DR",168,"S","N","2012-06-18",9285,"2012-04-21",330,"18107",,"3","9","0","2",,"1","021","-","N",,0,0,,,0,,,,"Y",2,"A","-",23152,"A","N","A","H","-","C","A","0","Y","A","01",1,2,0,0,0,0,0,0,0,"-","-","UNINCORPORATED","YUBA","CA",-121.25833,39.11569
"5540995",0,0,2012,"5800","5","4","3","03",0,2,"A",,,,,,2100,3,"E","I","A","HAMMONTON SMARTVILLE RD","GOLDEN ARROW LN",1056,"W","N","2013-08-10",9285,"2012-03-01",1850,"18658",,"2","9","0","3",,"2","004","-","N",,0,0,,,0,,,,"Y",1,"A","-",22350,,"N","A","H","-","D","D","0","Y","A","01",0,2,0,0,0,0,0,0,0,"-","-","UNINCORPORATED","YUBA","CA",-121.35007,39.19116
"5537420",0,0,2012,"5800","4","4","4","03",0,1,"C",,,,,,1200,3,"E","J","A","HAMMONTON SMARTVILLE RD","GOLDEN ARROW LN",600,"W","N","2013-08-05",9285,"2012-03-15",925,"015030",,"1","9","0","2",,"1","042","-","N",,0,0,,,0,,,,"Y",1,"A","-",22350,,"N","B","H","-","A","D","0","Y","A","01",0,0,1,0,0,0,0,0,0,"-","-","UNINCORPORATED","YUBA","CA",-121.31837,38.19808
"5537416",0,0,2012,"5800","4","2","3","08",0,1,"C",,,,,,1500,3,"F","A","A","HAMMONTON SMARTVILLE RD","SEVEN MOONS LN",700,"E","N","2013-10-22",9285,"2012-03-13",1255,"16868",,"1","9","0","2",,"1","042","-","N",,0,0,,,0,,,,"Y",1,"A","-",22107,,"N","B","H","-","A","D","0","Y","A","01",0,1,0,0,0,0,0,0,0,"-","-","UNINCORPORATED","YUBA","CA",-121.32316,39.19744
"5537408",-121.589806215,39.135556262,2012,"5800","3","3","4","03",0,2,"A",,,,,,900,3,"C","C","A","RT 70","1ST ST",500,"S","N","2013-09-25",9285,"2012-03-07",830,"16868",,"1","9","0","1",,"1","020","-","Y","YUB",3,70,"-","-",13.99,"H","-","E","Y",2,"A","-",22350,,"N","A","H","-","A","D","4","Y","A","01",0,0,2,0,0,0,0,0,0,"-","-","UNINCORPORATED","YUBA","CA",-121.58963,39.1358
"5537404",-121.47162317,39.040675164,2012,"5800","4","1","4","09",0,3,"A",,,,,,900,3,"D","C","A","RT 65","BEALE RD",0,,"Y","2013-11-18",9285,"2012-03-12",640,"014878",,"1","9","0","2",,"2","025","-","Y","YUB",3,65,"-","-",4.099,"I","5","N","Y",2,"A","-",21801,"A","N","A","H","-","D","D","1","Y","A","01",0,0,3,0,0,0,0,0,0,"-","-","UNINCORPORATED","YUBA","CA",-121.47175,39.04906
"5537310",-121.590766113,39.141315356,2012,"5800","3","4","2","03",0,2,"A",,,,,"Y",2400,2,"C","C","A","RT 70","NORTH BEALE RD",2640,"N","N","2013-09-17",9285,"2012-02-16",2240,"18522",,"3","9","0","1",,"1","020","-","Y","YUB",3,70,"-","-",14.44,"H","-","W","Y",2,"A","-",22350,,"F","A","H","-","C","D","0","Y","A","01",1,1,0,0,0,0,0,0,0,"-","-","UNINCORPORATED","YUBA","CA",-121.58777,39.13138
"5535105",-121.430020937,39.318992177,2012,"5800","5","5","4","03",0,1,"B",,,,,,900,3,"E","I","A","FRUITLAND RD","LITTLEFIELD RD",4752,"E","N","2013-07-24",9285,"2012-03-16",745,"010840",,"1","9","0","3",,"2","006","C","N",,0,0,,,0,,,,"N",1,"A","-",22350,,"N","B","H","-","A","D","0","Y","A","01",0,0,1,0,0,0,0,0,0,"-","-","UNINCORPORATED","YUBA","CA",-121.43074,39.31964
"5527476",-121.587083202,39.148415164,2012,"5801","0","3","4","12",0,2,"A",,,,,,1500,3,"D","C","A","RT 70","RT 20",0,,"Y","2013-10-07",5801,"2012-03-07",1245,"391","5801","5","3","0","0",,"0",,"G","Y","YUB",3,20,"-","-",1.472,"I","5","E","Y",2,"A","-",21453,"A","N","A","D","-","A","A","0","Y","A","01",0,0,2,0,0,0,0,0,0,"-","-","MARYSVILLE","YUBA","CA",0,0
"5526823",0,0,2012,"5800","5","2","4","01",0,1,"A",,,,,"Y",600,2,"E","J","A","9TH ST","WESTERN AV",320,"W","N","2013-07-05",9285,"2012-02-21",441,"17100",,"3","9","0","3",,"2","002","-","N",,0,0,,,0,,,,"Y",1,"A","-",23152,"A","N","A","H","-","D","D","0","Y","A","01",0,0,1,0,0,0,0,0,0,"-","-","UNINCORPORATED","YUBA","CA",-121.5571,39.09178
"5526815",-121.560033038,39.113784532,2012,"5800","3","1","3","08",0,1,"A",,,,,,2100,2,"E","I","A","RT 70","ERLE RD",256,"N","N","2013-09-17",9285,"2012-02-27",1945,"16868",,"2","9","0","1",,"1","020","-","Y","YUB",3,70,"-","R",10.21,"H","-","W","Y",2,"A","-",22107,,"N","A","H","-","C","D","1","Y","A","08",0,1,0,0,0,0,0,0,0,"-","-","UNINCORPORATED","YUBA","CA",-121.55875,39.11237
"5524441",-121.586195514,39.148490408,2012,"5801","0","3","4","07",0,2,"A",,,,,,1800,2,"B","C","A","RT 20","RT 70",282,"E","N","2013-10-07",5801,"2012-02-22",1618,"391","5801","5","3","0","0",,"0",,"-","Y","YUB",3,20,"-","-",1.52,"H","-","E","N",2,"A","-",21658,"A","N","A","H","-","A","D","0","Y","A","01",0,0,2,0,0,0,0,0,0,"-","-","MARYSVILLE","YUBA","CA",0,0
"5523832",-121.370584527,39.3355144098,2012,"5800","3","4","4","03",0,1,"B",,,,,,1500,3,"E","I","A","LOMA RICA RD","STONEHEDGE DR",1584,"S","N","2013-09-26",9285,"2012-03-01",1355,"010840",,"1","9","0","1",,"2","061","C","N",,0,0,,,0,,,,"N",1,"A","-",22350,,"N","B","H","-","A","D","0","Y","D","22",0,0,1,0,0,0,0,0,0,"-","-","UNINCORPORATED","YUBA","CA",-121.38001,39.33561
"5523720",-121.582623213,39.1487651088,2012,"5801","0","6","2","12",0,2,"A",,,,,,1200,2,"D","C","A","EAST 12TH ST","RAMIREZ ST",0,,"Y","2013-09-24",5801,"2012-02-25",1132,"301","YUBA","5","3","0","0",,"0",,"G","N",,0,0,,,0,,,,"Y",2,"A","-",21453,"A","N","A","H","-","A","A","0","Y","-","-",1,0,1,0,0,0,0,0,0,"-","-","MARYSVILLE","YUBA","CA",0,0
"5515753",-121.540877986,39.07286558,2012,"5800","5","2","4","03",0,2,"A",,,,,,1500,3,"C","C","A","RT 70","MCGOWAN PKWY",15,"S","N","2013-12-18",9285,"2012-03-06",1400,"14878",,"2","9","0","3",,"2","002","-","Y","YUB",3,70,"-","R",7.068,"R","1","E","Y",2,"A","-",22350,,"N","A","H","-","A","A","0","Y","A","08",0,0,2,0,0,0,0,0,0,"TO","-","UNINCORPORATED","YUBA","CA",-121.54047,39.07696
"5506793",-121.599124137,39.214110394,2012,"5800","3","7","3","03",0,1,"A",,,,,,1500,2,"E","I","A","RT 70","BETTENCOURT LN",256,"N","N","2013-09-25",9285,"2012-02-12",1355,"17393",,"1","9","0","1",,"1","060","-","Y","YUB",3,70,"-","-",19.3,"H","-","W","Y",1,"A","-",22350,,"N","A","H","-","A","D","0","Y","A","01",0,1,0,0,0,0,0,0,0,"-","-","UNINCORPORATED","YUBA","CA",-121.59076,39.21344
"5502666",-121.550768915,39.080666939,2012,"5800","5","1","3","16",0,1,"A",,,,,,900,1,"A","A","A","BOUGH ST","COLLEGE WY",30,"W","N","2013-06-14",9285,"2012-01-30",740,"014878",,"1","9","0","3",,"2","002","-","N",,0,0,,,0,,,,"Y",1,"A","-",24002,"A","N","A","H","-","A","D","0","Y","A","07",0,1,0,0,0,0,0,0,0,"-","-","UNINCORPORATED","YUBA","CA",-121.55105,39.08064
"5502597",-121.575913716,39.1256659397,2012,"5800","4","5","4","03",0,1,"A",,,,,,1800,2,"C","C","A","NORTH BEALE RD","FEATHER RIVER BL",35,"N","N","2013-09-09",9285,"2012-02-03",1630,"018107",,"2","9","0","2",,"1","041","-","N",,0,0,,,0,,,,"N",2,"A","-",22350,,"N","A","H","-","A","A","0","Y","A","01",0,0,1,0,0,0,0,0,0,"-","-","UNINCORPORATED","YUBA","CA",0,0
"5502489",-121.576472674,39.0052071401,2012,"5800","4","1","3","01",0,1,"E",,,,,"Y",2400,1,"E","I","A","FEATHER RIVER BL","ALGODON RD",528,"S","N","2013-09-09",9285,"2012-01-23",2140,"16968",,"2","9","0","2",,"1","021","-","N",,0,0,,,0,,,,"Y",1,"A","-",23152,"A","N","A","H","-","D","D","0","Y","A","01",0,1,0,0,0,0,0,0,0,"-","-","UNINCORPORATED","YUBA","CA",-121.57423,39.00246
"5502485",-121.581413206,39.1199250211,2012,"5800","5","1","4","01",0,1,"A",,"Y",,,"Y",2400,1,"D","G","A","ALICIA AV","FEATHER RIVER BL",0,,"Y","2013-06-13",9285,"2012-01-23",2115,"16968",,"2","9","0","3",,"2","002","-","N",,0,0,,,0,,,,"N",2,"A","-",23152,"A","F","A","H","-","C","A","0","Y","A","01",0,0,1,0,0,0,1,0,0,"-","-","UNINCORPORATED","YUBA","CA",-121.58117,39.11985
"5491723",0,0,2012,"5800","4","3","3","03",0,1,"A",,,,,,900,2,"E","I","A","LA PORTE RD","SHARON VALLEY TRL",1584,"E","N","2013-07-16",9285,"2012-02-15",752,"17393",,"1","9","0","2",,"2","082","-","N",,0,0,,,0,,,,"Y",1,"A","-",22350,,"N","C","H","-","A","D","0","Y","D","22",0,1,0,0,0,0,0,0,0,"-","-","UNINCORPORATED","YUBA","CA",-121.25006,39.40121
"5491711",-121.25377219,39.4791321926,2012,"5800","4","4","3","06",0,2,"A",,"Y",,,,1500,2,"B","G","A","LA PORTE RD","NEW YORK FLAT RD",3168,"N","N","2013-07-15",9285,"2012-02-23",1245,"14825",,"1","9","0","2",,"2","082","-","N",,0,0,,,0,,,,"N",3,"A","-",21750,,"N","A","H","-","A","D","0","Y","D","22",0,2,0,0,0,0,2,0,0,"-","-","UNINCORPORATED","YUBA","CA",-121.24797,39.48159
"5491643",-121.586695349,39.145039527,2012,"5801","0","6","4","17",0,2,"A",,,,,,1200,2,"B","C","A","B ST","RT 20",0,,"Y","2013-09-25",5801,"2012-02-25",1003,"313","YUBA","5","3","0","0",,"0","5801","-","Y","YUB",3,20,"-","-",1.236,"I","6","E","Y",2,"A","-",21657,,"N","A","H","-","A","A","0","Y","-","-",0,0,2,0,0,0,0,0,0,"-","-","MARYSVILLE","YUBA","CA",0,0
"5488032",0,0,2012,"5800","5","6","4","05",0,1,"A",,,,,,300,2,"E","I","A","MARYSVILLE RD","BULLARDS BAR DAM",2112,"E","N","2013-07-13",9230,"2012-02-18",110,"19235",,"3","9","0","3",,"2","080","-","N",,0,0,,,0,,,,"Y",1,"A","-",21650,,"N","A","H","-","D","A","0","Y","D","22",0,0,1,0,0,0,0,0,0,"-","-","UNINCORPORATED","YUBA","CA",-121.13152,39.39518
"5479946",-121.594873276,39.1455570096,2012,"5801","0","3","3","03",0,1,"A",,,"Y",,,2100,1,"C","C","A","10TH ST","G ST",134,"W","N","2013-09-09",5801,"2012-01-11",1838,"306","MARYS","5","3","0","0",,"0",,"-","N",,0,0,,,0,,,,"Y",2,"A","-",22350,,"N","A","H","-","C","A","0","Y","C","02",0,1,0,0,0,0,0,0,1,"-","-","MARYSVILLE","YUBA","CA",0,0
"5474799",0,0,2012,"5800","5","7","4","01",0,1,"A",,,,,"Y",1200,1,"E","J","A","CHUCK YEAGER RD","BIG OAK VALLEY RANCH RD",300,"N","N","2013-06-15",9285,"2012-01-01",945,"15491",,"1","9","0","3",,"2","004","-","N",,0,0,,,0,,,,"Y",1,"A","-",23152,"A","N","A","H","-","A","D","0","Y","D","22",0,0,1,0,0,0,0,0,0,"-","-","UNINCORPORATED","YUBA","CA",-121.30153,39.18995
"5460036",0,0,2012,"5800","4","2","3","08",0,1,"A",,,,"Y",,900,1,"E","I","A","MARYSVILLE RD","SATTERFIELD WY",180,"S","N","2013-06-28",9285,"2012-01-31",740,"16868",,"1","9","0","2",,"2","081","-","N",,0,0,,,0,,,,"Y",1,"A","-",22107,,"N","A","H","-","A","D","0","Y","F","26",0,1,0,0,0,0,0,0,0,"-","-","UNINCORPORATED","YUBA","CA",-121.22561,39.37892
"5403424",-121.324083266,39.215716887,2012,"5800","4","2","1","05",1,3,"B",,,,,,1800,2,"D","C","A","RT 20","DOWNEY GUNNING RD",495,"W","N","2013-12-24",9285,"2012-02-07",1740,"17393",,"2","9","0","2",,"2","062","C","Y","YUB",3,20,"-","-",18.82,"H","-","E","Y",2,"A","-",21460,"A","N","B","H","-","D","D","0","Y","A","01",0,0,3,0,0,0,0,0,0,"-","-","UNINCORPORATED","YUBA","CA",-121.3257,39.215
"5403385",-121.555463441,39.1276181672,2012,"5800","4","1","1","07",1,0,"A",,"Y",,,,2100,1,"D","G","A","NORTH BEALE RD","HAMMONTON SMARTVILLE RD",34,"E","N","2014-04-04",9285,"2012-01-16",1955,"15873",,"2","9","0","2",,"1","041","-","N",,0,0,,,0,,,,"N",2,"A","-",21658,"A","N","A","H","-","C","D","0","Y","L","04",0,0,0,0,0,1,0,0,0,"-","-","UNINCORPORATED","YUBA","CA",-121.55548,39.12763