"CASEID","POINT_X","POINT_Y","YEAR_","LOCATION","CHPTYPE","DAYWEEK","CRASHSEV","VIOLCAT","KILLED","INJURED","WEATHER1","PEDCOL","BICCOL","MCCOL","TRUCKCOL","ETOH","TIMECAT","MONTH_","CRASHTYP","INVOLVE","PED","PRIMARYRD","SECONDRD","DISTANCE","DIRECT","INTERSECT_","PROCDATE","JURIS","DATE_","TIME_","BADGE","JURIDIST","SHIFT","POP","SPECIAL","BEATTYPE","LAPDDIV","BEATCLAS","BEATNUMB","WEATHER2","STATEHW","CALTRANC","CALTRAND","STROUTE","ROUTESUF","POSTPRE","POSTMILE","LOCATYPE","RAMP","SIDEHW","TOWAWAY","PARTIES","PCF","VIOLCODE","VIOL","VIOLSUB","HITRUN","ROADSURF","RDCOND1","RDCOND2","LIGHTING","RIGHTWAY","CHPRDTYP","NOTPRIV","STFAULT","CHPFAULT","SEVINJ","OTHERINJ","COP","PEDKILL","PEDINJ","BICKILL","BICINJ","MCKILL","MCINJURE","RAMP1","RAMP2","CITY","COUNTY","STATE","X_CHP","Y_CHP"
"5403383",-121.565112852,39.1209622777,2012,"5800","4","5","1","11",1,0,"B","Y",,,,,2100,1,"G","B","D","LINDHURST AV","HAMMONTON RD",414,"S","N","2014-04-07",9285,"2012-01-20",1840,"15849",,"2","9","0","2",,"1","022","C","N",,0,0,,,0,,,,"N",2,"A","-",21954,"A","N","B","H","-","C","D","0","Y","N","60",0,0,0,1,0,0,0,0,0,"-","-","UNINCORPORATED","YUBA","CA",-121.56556,39.12123
"90232952",-121.0774874,39.4043082,2016,"5800","3","6","3","08",0,1,"A",,,"Y",,,1200,7,"F","A","A","SR-49","MOONSHINE RD.",4488,"N","N","2016-11-14",9230,"2016-07-23",1100,"012882",,"1","9","0","1",,"1","081","-","Y",,0,0,,,0,,,,"Y",1,"A","-",22107,,"N","A","H","-","A","D","0","Y","C","02",0,1,0,0,0,0,0,0,1,"-","-","UNINCORPORATED","YUBA","CA",-121.07737,39.40439
"90229409",-121.5707973,39.1244853,2016,"5800","4","6","4","21",0,1,"A",,,,,,1500,7,"C","C","A","N BEALE ROAD ","LINDHURST AVENUE ",90,"N","N","2016-07-25",9285,"2016-07-16",1450,"017129",,"2","9","0","2",,"1","041","-","N",,0,0,,,0,,,,"N",2,"A","-",22106,,"N","A","H","-","A","D","0","Y","A","08",0,0,1,0,0,0,0,0,0,"-","-","UNINCORPORATED","YUBA","CA",-121.57123,39.12462
"90229346",0,0,2016,"5800","4","4","4","07",0,1,"A",,,,"Y",,900,7,"C","C","A","MARYSVILLE RD","OLD DOBBINS ROAD",149,"E","N","2016-07-25",9285,"2016-07-14",830,"018986",,"1","9","0","2",,"2","081","-","N",,0,0,,,0,,,,"Y",2,"A","-",21658,"A","F","A","H","-","A","D","0","Y","A","07",0,0,1,0,0,0,0,0,0,"-","-","UNINCORPORATED","YUBA","CA",-121.21301,38.37896
"90229283",0,0,2016,"5800","3","1","4","07",0,1,"A",,"Y",,"Y",,1500,7,"C","C","A","SR-70 S/B","FEATHER RIVER BLVD",2010,"N","N","2016-07-25",9285,"2016-07-11",1325,"018340",,"1","9","0","1",,"1","020","-","Y",,0,0,,,0,,,,"N",3,"A","-",21658,"A","M","A","H","-","A","A","0","Y","L","04",0,0,1,0,0,0,0,0,0,"-","-","UNINCORPORATED","YUBA","CA",-121.58291,39.12784
"90229221",-121.5600432,39.0552351,2016,"5800","5","5","3","03",0,1,"A",,,"Y",,,2400,7,"A","C","A","PLUMAS ARBOGA ROAD","ARBOGA ROAD",0,,"Y","2016-07-25",9285,"2016-07-15",2140,"018636",,"2","9","0","3",,"1","002","-","N",,0,0,,,0,,,,"Y",2,"A","-",22350,,"N","A","H","-","C","A","0","Y","C","02",0,1,0,0,0,0,0,0,1,"-","-","UNINCORPORATED","YUBA","CA",-121.56007,39.00552
"90223470",-121.0839178,39.3960427,2016,"5800","3","2","4","08",0,1,"A",,,,,,2500,7,"E","I","A","SR-49","MOONSHINE RD",528,"N","N","2016-07-15",9230,"2016-07-12",2500,"012748",,"4","9","0","1",,"1","081","-","Y",,0,0,,,0,,,,"Y",1,"A","-",22107,,"N","A","H","-","D","D","0","Y","D","22",0,0,1,0,0,0,0,0,0,"-","-","UNINCORPORATED","YUBA","CA",-121.08429,39.39578
"90222999",-121.2552121,39.5053431,2016,"5800","5","5","3","03",0,1,"A",,,"Y","Y",,1200,7,"B","C","A","CHALLENGE CUT OFF RD","LA PORTE RD",9504,"N","N","2016-07-14",9285,"2016-07-08",1134,"017118",,"1","9","0","3",,"1","006","-","N",,0,0,,,0,,,,"N",2,"A","-",22350,,"N","A","H","-","A","D","0","Y","C","02",0,1,0,0,0,0,0,0,1,"-","-","UNINCORPORATED","YUBA","CA",-121.25521,39.50631
"90222770",-121.6010099,39.2257149,2016,"5800","3","4","3","04",0,1,"A",,,"Y",,,1800,7,"F","A","A","SR-70","WOODRUFF LN",2100,"N","N","2016-07-14",9285,"2016-07-07",1638,"017129",,"2","9","0","1",,"1","060","-","Y",,0,0,,,0,,,,"Y",1,"A","-",21703,,"N","A","H","-","A","D","0","Y","C","02",0,1,0,0,0,0,0,0,1,"-","-","UNINCORPORATED","YUBA","CA",-121.60111,39.22584
"90220946",-121.3549887,39.1932424,2016,"5800","4","7","4","03",0,2,"A",,,,,,1200,7,"F","A","A","HAMMONTON SMARTVILLE RD","DOOLITTLE DR",26400,"E","N","2016-07-12",9285,"2016-07-03",1140,"017129",,"1","9","0","2",,"1","042","-","N",,0,0,,,0,,,,"Y",1,"A","-",22350,,"N","A","H","-","A","D","0","Y","A","08",0,0,2,0,0,0,0,0,0,"-","-","UNINCORPORATED","YUBA","CA",-121.34964,39.19132
"90220888",-121.5151344,39.0431769,2016,"5800","5","6","4","08",0,1,"A",,,,,,2400,7,"C","C","A","FORTY MILE RD","SR-65",7920,"S","N","2016-07-12",9285,"2016-07-09",2355,"018475",,"3","9","0","3",,"1","002","-","N",,0,0,,,0,,,,"Y",2,"A","-",22107,,"N","A","H","-","D","D","0","Y","A","01",0,0,1,0,0,0,0,0,0,"-","-","UNINCORPORATED","YUBA","CA",-121.51518,39.04623
"90220604",-121.5128732,39.213255,2016,"5800","3","7","3","09",0,2,"A",,,,,,1500,7,"D","C","A","SR-20","WOODRUFF LN",0,,"Y","2016-07-12",9285,"2016-07-03",1208,"018986",,"1","9","0","1",,"1","062","-","Y",,0,0,,,0,,,,"Y",2,"A","-",21802,"A","N","A","H","-","A","A","0","Y","A","01",0,2,0,0,0,0,0,0,0,"-","-","UNINCORPORATED","YUBA","CA",-121.51076,39.21406
"90220353",-121.2970985,39.2026332,2016,"5800","3","5","2","01",0,1,"A",,,,,"Y",1800,7,"E","I","A","SR-20 ","MCGANNEY LN",322,"E","N","2016-07-11",9285,"2016-07-01",1748,"018986",,"2","9","0","1",,"1","062","-","Y",,0,0,,,0,,,,"Y",1,"A","-",23152,"A","N","A","H","-","A","D","0","Y","D","22",1,0,0,0,0,0,0,0,0,"-","-","UNINCORPORATED","YUBA","CA",-121.27744,39.2054
"90218498",-121.56118,39.0579954,2016,"5800","4","1","3","05",0,1,"A",,,,,,2400,6,"E","J","A","ARBOGA ROAD","PLUMAS ARBOGA RD",1056,"N","N","2016-07-07",9285,"2016-06-27",2345,"018561",,"3","9","0","2",,"1","022","-","N",,0,0,,,0,,,,"Y",1,"A","-",21650,,"N","A","H","-","C","D","0","Y","A","01",0,1,0,0,0,0,0,0,0,"-","-","UNINCORPORATED","YUBA","CA",-121.56143,39.0585
"90218327",-121.5433085,38.9786436,2016,"5800","3","4","4","03",0,4,"A",,,,,,1500,6,"C","C","A","STATE ROUTE 70","FEATHER RIVER BOULEVARD",400,"N","N","2016-07-07",9285,"2016-06-23",1245,"017900",,"1","9","0","1",,"1","020","-","Y",,0,0,,,0,,,,"Y",3,"A","-",22350,,"N","A","H","-","A","D","0","Y","A","07",0,0,4,0,0,0,0,0,0,"-","-","UNINCORPORATED","YUBA","CA",-121.58477,39.12899
"90218281",0,0,2016,"5800","3","6","2","01",0,1,"A",,,,,"Y",1500,6,"E","I","A","SR-70 N/B","OLIVEHURST AVENUE",250,"N","N","2016-07-07",9285,"2016-06-18",1210,"016343",,"1","9","0","1",,"1","020","-","Y",,0,0,,,0,,,,"Y",1,"A","-",23152,"A","N","A","H","-","A","D","0","Y","D","22",1,0,0,0,0,0,0,0,0,"-","-","UNINCORPORATED","YUBA","CA",-121.55124,39.10315
"90217374",-121.5716932,39.1783831,2016,"5800","5","5","3","01",0,1,"A",,,,,"Y",2400,6,"E","I","A","JACK SLOUGH RD","KIMBALL LN",400,"S","N","2016-07-07",9285,"2016-06-24",2220,"018522",,"3","9","0","3",,"1","006","-","N",,0,0,,,0,,,,"Y",1,"A","-",23152,"E","N","A","H","-","D","D","0","Y","A","01",0,1,0,0,0,0,0,0,0,"-","-","UNINCORPORATED","YUBA","CA",-121.57152,39.17877
"90216400",0,0,2016,"5800","5","7","4","03",0,1,"A",,,,,,2400,7,"E","I","A","PEORIA RD","SR-20 W/B",1457,"N","N","2016-07-05",9285,"2016-07-03",2240,"018475",,"3","9","0","3",,"1","008","-","N",,0,0,,,0,,,,"Y",1,"A","-",22350,,"N","A","H","-","D","D","0","Y","D","22",0,0,1,0,0,0,0,0,0,"-","-","UNINCORPORATED","YUBA","CA",-121.37072,39.2372
"90216230",0,0,2016,"5800","4","5","2","01",0,1,"A",,,,,"Y",300,7,"F","A","A","LOMA RICA RD","276 RD",1584,"S","N","2016-07-05",9285,"2016-07-01",240,"018475",,"3","9","0","2",,"1","061","-","N",,0,0,,,0,,,,"Y",1,"A","-",23152,"A","N","A","H","-","D","D","0","Y","D","22",1,0,0,0,0,0,0,0,0,"-","-","UNINCORPORATED","YUBA","CA",-121.47856,39.27873
"90216050",-121.5381522,39.1280367,2016,"5800","4","1","4","08",0,1,"A",,,,,,1500,6,"F","A","A","NORTH BEALE ROAD","SUTTER STREET",23,"E","N","2016-07-05",9285,"2016-06-27",1330,"017900",,"1","9","0","2",,"1","041","-","N",,0,0,,,0,,,,"Y",1,"A","-",22107,,"N","A","H","-","A","D","0","Y","A","01",0,0,1,0,0,0,0,0,0,"-","-","UNINCORPORATED","YUBA","CA",-121.53802,39.12808
"90212673",-121.4423527,39.0209005,2016,"5800","4","5","3","00",0,2,"A",,,,,,300,6,"C","C","A","SR-65","EVERGREEN DR",2692,"N","N","2016-06-30",9285,"2016-06-03",110,"018107",,"3","9","0","2",,"2","025","-","Y",,0,0,,,0,,,,"Y",5,"A","-",23153,"E","F","A","D","-","D","A","0","Y","B","08",0,2,0,0,0,0,0,0,0,"-","-","UNINCORPORATED","YUBA","CA",-121.44174,39.02059
"90211968",-121.4140732,39.2278751,2016,"5800","4","1","4","09",0,1,"A",,,,,,900,6,"D","C","A","MARYSVILLE RD","STATE ROUTE 20",0,,"Y","2016-06-29",9285,"2016-06-27",800,"017534",,"1","9","0","2",,"1","061","-","Y",,0,0,,,0,,,,"N",2,"A","-",21801,"A","N","A","H","-","A","A","0","Y","A","07",0,0,1,0,0,0,0,0,0,"-","-","UNINCORPORATED","YUBA","CA",-121.41407,39.22781
"90210496",-121.575677,39.1417939,2016,"5800","5","6","3","05",0,3,"A",,,,,"Y",2400,6,"D","C","A","SIMPSON LANE","DAVIS ROAD",86,"N","N","2016-06-27",9285,"2016-06-18",2243,"018522",,"3","9","0","3",,"1","004","-","N",,0,0,,,0,,,,"Y",4,"A","-",21460,"A","N","A","H","-","D","D","0","Y","A","07",0,2,1,0,0,0,0,0,0,"-","-","UNINCORPORATED","YUBA","CA",-121.57575,37.14182
"90210412",0,0,2016,"5800","5","3","3","18",0,1,"A",,,,,,2400,6,"E","J","A","PEORIA ROAD","QUAIL RUN AVENUE",3168,"N","N","2016-06-27",9285,"2016-06-22",2341,"017393",,"3","9","0","3",,"1","001","-","N",,0,0,,,0,,,,"Y",1,"C","-",0,,"N","A","E","-","D","D","0","Y","-","-",0,1,0,0,0,0,0,0,0,"-","-","UNINCORPORATED","YUBA","CA",-121.36198,39.25772
"90210374",0,0,2016,"5800","5","2","4","09",0,1,"A",,,,,,2100,6,"D","C","A","CHUCK YEAGER WAY","HAMMONTON SMARTVILLE RD",157,"S","N","2016-06-27",9285,"2016-06-21",1905,"017393",,"2","9","0","3",,"1","004","-","N",,0,0,,,0,,,,"Y",2,"A","-",21801,"A","N","A","H","-","A","D","0","Y","A","08",0,0,1,0,0,0,0,0,0,"-","-","UNINCORPORATED","YUBA","CA",-121.30139,39.19518
"90210080",0,0,2016,"5800","4","4","4","12",0,1,"B",,,,"Y",,1500,6,"D","C","A","N. BEALE ROAD","WALMART CENTER DRIVE",0,,"Y","2016-06-27",9285,"2016-06-16",1210,"016343",,"1","9","0","2",,"1","041","-","N",,0,0,,,0,,,,"N",2,"A","-",21453,"A","N","A","H","-","A","A","0","Y","F","26",0,0,1,0,0,0,0,0,0,"-","-","UNINCORPORATED","YUBA","CA",-121.57315,39.12521
"90209985",0,0,2016,"5800","4","2","4","21",0,1,"A",,,,,,1200,6,"C","C","A"," NORTH BEALE ROAD","HAMMONTON SMARTSVILLE ROAD",70,"S","N","2016-06-27",9285,"2016-06-07",1100,"017900",,"1","9","0","2",,"1","041","-","N",,0,0,,,0,,,,"N",2,"A","-",22106,,"N","A","H","-","A","A","0","Y","D","22",0,0,1,0,0,0,0,0,0,"-","-","UNINCORPORATED","YUBA","CA",0,0
"90205331",0,0,2016,"5800","5","4","4","08",0,1,"A",,,,,,2100,6,"E","I","A","SR-70 S/B","FEATHER RIVER BLVD S.",400,"S","N","2016-06-20",9285,"2016-06-16",1842,"018522",,"2","9","0","3",,"1","001","-","Y",,0,0,,,0,,,,"Y",1,"A","-",22107,,"N","A","H","-","A","D","0","Y","A","01",0,0,1,0,0,0,0,0,0,"-","-","UNINCORPORATED","YUBA","CA",-121.54184,38.97714
"90205327",-121.578755,39.1229252,2016,"5800","4","4","2","01",0,1,"A",,,,,"Y",300,6,"E","I","A","ARBOGA RD.","ARBOGA RD",22,"E","N","2016-06-20",9285,"2016-06-16",105,"018475",,"3","9","0","2",,"1","022","-","N",,0,0,,,0,,,,"Y",1,"A","-",23152,"A","N","A","H","-","D","A","0","Y","D","22",1,0,0,0,0,0,0,0,0,"-","-","UNINCORPORATED","YUBA","CA",-121.56131,39.07869
"90205316",0,0,2016,"5800","4","3","3","03",0,1,"A",,,,,,1800,6,"E","I","A","HAMMONTON SMARTVILLE RD","DOUBLE DAM RD",151,"E","N","2016-06-20",9285,"2016-06-15",1645,"019168",,"2","9","0","2",,"1","042","-","N",,0,0,,,0,,,,"Y",1,"A","-",22350,,"N","A","H","-","A","D","0","Y","A","01",0,1,0,0,0,0,0,0,0,"-","-","UNINCORPORATED","YUBA","CA",-121.32834,39.19732
"90205310",-121.5794745,39.1016632,2016,"5800","4","3","4","08",0,1,"B",,,,,,1200,6,"E","I","A","FEATHER RIVER BLVD","MYRNA AVE",87,"N","N","2016-06-20",9285,"2016-06-15",1117,"019168",,"1","9","0","2",,"2","021","-","N",,0,0,,,0,,,,"Y",1,"A","-",22107,,"N","A","H","-","A","D","0","Y","A","01",0,0,1,0,0,0,0,0,0,"-","-","UNINCORPORATED","YUBA","CA",-121.57933,39.10165
"90205295",-121.5951196,39.3007638,2016,"5800","3","6","3","01",0,1,"A",,,,,"Y",600,6,"E","I","A","SR-70","CHANDLER ROAD",230,"S","N","2016-06-20",9285,"2016-06-11",527,"018522",,"3","9","0","1",,"1","060","-","Y",,0,0,,,0,,,,"Y",1,"A","-",23152,"A","M","A","H","-","B","D","0","Y","D","22",0,1,0,0,0,0,0,0,0,"-","-","UNINCORPORATED","YUBA","CA",-121.5949,39.29137
"90205178",0,0,2016,"5800","3","3","4","18",0,1,"A",,,,,,2400,6,"E","I","A","SMARTVILLE RD","SR-20",30,"S","N","2016-06-20",9285,"2016-06-08",2315,"018153",,"3","9","0","1",,"1","062","-","Y",,0,0,,,0,,,,"Y",1,"C","-",0,,"N","A","H","-","D","D","0","Y","-","-",0,0,1,0,0,0,0,0,0,"-","-","UNINCORPORATED","YUBA","CA",-121.28947,39.20181
"90203395",-121.5332981,39.2652001,2016,"5800","5","4","2","01",0,1,"A",,,,,"Y",300,5,"F","A","A","RAMIREZ ROAD","MATTHEWS LANE",1584,"E","N","2016-06-16",9285,"2016-05-26",130,"018561",,"3","9","0","3",,"1","006","-","N",,0,0,,,0,,,,"Y",1,"A","-",23152,"A","N","A","H","-","D","D","0","Y","D","22",1,0,0,0,0,0,0,0,0,"-","-","UNINCORPORATED","YUBA","CA",-121.53,39.26494
"90203288",-121.5452961,39.077232,2016,"5800","4","5","2","09",0,1,"A",,"Y",,,,2100,6,"D","G","A","MCGOWAN PARKWAY","MARY AVENUE",550,"E","N","2016-06-16",9285,"2016-06-03",2045,"018522",,"2","9","0","2",,"1","022","-","N",,0,0,,,0,,,,"Y",2,"A","-",21801,"A","F","A","H","-","B","D","0","Y","D","22",1,0,0,0,0,0,1,0,0,"-","-","UNINCORPORATED","YUBA","CA",-121.54528,39.07714
"90203162",0,0,2016,"5800","4","3","4","03",0,3,"A",,,,,,2400,6,"C","C","A","SR-65 N/B","DAIRY ROAD",1584,"S","N","2016-06-16",9285,"2016-06-15",2202,"017080",,"3","9","0","2",,"2","025","-","Y",,0,0,,,0,,,,"Y",2,"A","-",22350,,"N","A","D","-","D","D","0","Y","A","01",0,0,3,0,0,0,0,0,0,"-","-","UNINCORPORATED","YUBA","CA",-121.45679,39.0305
"90203158",-121.5510748,39.0952667,2016,"5800","4","5","4","21",0,1,"A",,,,,,1500,6,"C","C","A","7TH AVENUE","OLIVEHURST AVE",150,"E","N","2016-06-16",9285,"2016-06-10",1215,"018986",,"1","9","0","2",,"1","022","-","N",,0,0,,,0,,,,"N",2,"A","-",22106,,"N","A","H","-","A","D","0","Y","A","01",0,0,1,0,0,0,0,0,0,"-","-","UNINCORPORATED","YUBA","CA",-121.55099,39.09537
"90202185",-121.5940632,39.1432851,2016,"5801","S","4","3","08",0,1,"A",,,,,,1500,5,"E","I","A","G STREET","8TH STREET",0,,"Y","2016-06-15",9285,"2016-05-19",1424,"017900",,"2","3","1","4",,"2","901","-","N",,0,0,,,0,,,,"N",1,"A","-",22107,,"F","A","H","-","A","A","0","Y","H","13",0,1,0,0,0,0,0,0,0,"-","-","MARYSVILLE","YUBA","CA",-121.59401,39.14328
"90202008",-121.5782156,39.1234882,2016,"5800","4","3","2","07",0,1,"A",,,"Y",,,1500,6,"B","C","A","FEATHER RIVER BLVD","GARDEN AVE",255,"E","N","2016-06-15",9285,"2016-06-08",1455,"018986",,"2","9","0","2",,"2","021","-","N",,0,0,,,0,,,,"Y",2,"A","-",21658,"A","N","A","H","-","A","D","0","Y","D","22",1,0,0,0,0,0,0,0,1,"-","-","UNINCORPORATED","YUBA","CA",-121.57817,39.12364
"90201933",-121.5568316,39.1275903,2016,"5800","5","4","4","10",0,1,"A","Y",,,,,1500,6,"G","B","D","ALPINE WAY","N. BEALE RD.",6,"N","N","2016-06-15",9285,"2016-06-09",1205,"019168",,"1","9","0","3",,"1","004","-","N",,0,0,,,0,,,,"N",2,"A","-",21950,"A","N","A","H","-","A","A","0","Y","A","01",0,0,1,0,1,0,0,0,0,"-","-","UNINCORPORATED","YUBA","CA",-121.55699,39.1277
"90201280",-121.0833801,39.3861284,2016,"5800","3","5","3","01",0,2,"A",,,,,"Y",2100,6,"F","A","A","SR-49","RIDGE RD",4224,"S","N","2016-06-14",9230,"2016-06-03",1950,"020411",,"2","9","0","1",,"1","081","-","Y",,0,0,,,0,,,,"Y",1,"A","-",23152,"A","N","A","H","-","B","D","0","Y","D","22",0,2,0,0,0,0,0,0,0,"-","-","UNINCORPORATED","YUBA","CA",-121.07586,39.40478
"90201212",0,0,2016,"5800","5","1","2","03",0,1,"A",,,"Y",,,1500,5,"F","A","A","DARK DAY ROAD","MARYSVILLE ROAD",4224,"N","N","2016-06-14",9230,"2016-05-30",1420,"020411",,"2","9","0","3",,"2","080","-","N",,0,0,,,0,,,,"N",1,"A","-",22350,,"N","A","H","-","A","D","0","Y","C","02",1,0,0,0,0,0,0,0,1,"-","-","UNINCORPORATED","YUBA","CA",-121.1121,39.42423
"90201011",-121.4140732,39.2278751,2016,"5800","4","7","4","03",0,3,"A",,,,,,1800,6,"C","C","A","MARYSVILLE ROAD","SR-20",0,,"Y","2016-06-14",9285,"2016-06-12",1638,"017393",,"2","9","0","2",,"1","061","-","N",,0,0,,,0,,,,"Y",2,"A","-",22350,,"N","A","H","-","A","D","0","Y","A","07",0,0,3,0,0,0,0,0,0,"-","-","UNINCORPORATED","YUBA","CA",-121.41421,39.22803
"90200963",-121.4140732,39.2278751,2016,"5800","3","6","3","01",0,2,"A",,,,,"Y",1800,6,"D","C","A","SR-20","MARYSVILLE ROAD",0,,"Y","2016-06-14",9285,"2016-06-11",1705,"017393",,"2","9","0","1",,"1","062","-","Y",,0,0,,,0,,,,"Y",3,"A","-",23152,"A","N","A","H","-","A","D","0","Y","A","01",0,2,0,0,0,0,0,0,0,"-","-","UNINCORPORATED","YUBA","CA",-121.24505,39.13405
"90200944",-121.4150715,39.2993107,2016,"5800","4","7","3","01",0,1,"A",,,,,"Y",2100,6,"E","I","A","FRUITLAND RD","VIRGINIA RD",996,"S","N","2016-06-14",9285,"2016-06-12",2035,"018291",,"2","9","0","2",,"1","061","-","N",,0,0,,,0,,,,"Y",1,"A","-",23152,"A","N","A","H","-","B","D","0","Y","A","01",0,1,0,0,0,0,0,0,0,"-","-","UNINCORPORATED","YUBA","CA",-121.2491,39.17943
"90200937",-121.560877,39.0917408,2016,"5800","4","4","3","08",0,1,"A",,,,,,1500,6,"F","A","A","ARBOGA RD","9TH AVENUE",38,"S","N","2016-06-14",9285,"2016-06-09",1305,"019168",,"1","9","0","2",,"1","022","-","N",,0,0,,,0,,,,"Y",1,"A","-",22107,,"N","A","H","-","A","D","0","Y","A","01",0,1,0,0,0,0,0,0,0,"-","-","UNINCORPORATED","YUBA","CA",-121.56081,39.09175
"90199869",-121.14551,39.5458818,2016,"5800","4","5","1","05",1,0,"A",,,"Y",,,2100,5,"A","C","A","LA PORTE ROAD","PLATEAU LANE",2640,"W","N","2016-06-13",9285,"2016-05-13",1928,"018636",,"2","9","0","2",,"2","082","-","N",,0,0,,,0,,,,"Y",2,"A","-",21460,"A","N","A","H","-","A","D","0","Y","C","02",0,0,0,0,0,0,0,1,0,"-","-","UNINCORPORATED","YUBA","CA",-121.14309,39.54692
"90199835",-121.5535521,39.1302696,2016,"5800","4","1","3","11",0,1,"A","Y",,,,"Y",2400,5,"G","B","E","HAMMONTON SMARTVILLE RD","LINDA AVENUE",14,"S","N","2016-06-13",9285,"2016-05-30",2102,"018632",,"2","9","0","2",,"1","042","-","N",,0,0,,,0,,,,"N",2,"A","-",21954,"A","N","A","H","-","C","D","0","Y","N","60",0,1,0,0,1,0,0,0,0,"-","-","UNINCORPORATED","YUBA","CA",-121.55367,39.13003
"90199745",-121.5789131,39.047565,2016,"5800","4","1","2","12",0,3,"A",,,,,,1800,6,"D","C","A","FEATHER RIVER BLVD","BROADWAY RD",0,,"Y","2016-06-13",9285,"2016-06-06",1605,"018632",,"2","9","0","2",,"2","021","-","N",,0,0,,,0,,,,"Y",2,"A","-",22450,"A","N","A","H","-","A","D","0","Y","A","01",2,0,1,0,0,0,0,0,0,"-","-","UNINCORPORATED","YUBA","CA",-121.57888,39.04759
"90198820",-121.5801107,39.1032392,2016,"5800","4","5","4","03",0,1,"A",,,,,,1800,6,"C","C","A","FEATHER RIVER BLVD","VIRGINIA AVE",250,"N","N","2016-06-10",9285,"2016-06-03",1615,"018986",,"2","9","0","2",,"2","021","-","N",,0,0,,,0,,,,"N",2,"A","-",22350,,"N","A","H","-","A","D","0","Y","A","01",0,0,1,0,0,0,0,0,0,"-","-","UNINCORPORATED","YUBA","CA",-121.58031,39.10499
"90197642",-121.5686531,39.1160639,2016,"5800","4","4","3","08",0,1,"A",,"Y",,,,2100,6,"D","G","A","ARBOGA RD","GRAND AVE",1056,"S","N","2016-06-09",9285,"2016-06-02",1900,"018522",,"2","9","0","2",,"1","022","-","N",,0,0,,,0,,,,"N",2,"A","-",22107,,"N","A","H","-","A","D","0","Y","L","04",0,1,0,0,0,0,1,0,0,"-","-","UNINCORPORATED","YUBA","CA",-121.56821,39.11579
"90196806",0,0,2016,"5800","5","2","4","01",0,1,"A",,,,,"Y",300,6,"E","I","A","SR-20 (W/B)","WALNUT AVE.",3696,"E","N","2016-06-08",9285,"2016-06-07",215,"018291",,"3","9","0","3",,"1","006","-","Y",,0,0,,,0,,,,"Y",1,"A","-",23152,"A","N","A","H","-","D","D","0","Y","D","22",0,0,1,0,0,0,0,0,0,"-","-","UNINCORPORATED","YUBA","CA",-121.52912,39.19451
"90196560",-121.566575,39.2650352,2016,"5800","5","6","2","08",0,1,"A",,,,,,2100,5,"F","A","A","RAMIREZ ROAD","LONGVIEW LANE",1584,"W","N","2016-06-08",9285,"2016-05-28",2020,"017080",,"2","9","0","3",,"1","006","-","N",,0,0,,,0,,,,"Y",1,"A","-",22107,,"N","A","H","-","B","D","0","Y","A","01",1,0,0,0,0,0,0,0,0,"-","-","UNINCORPORATED","YUBA","CA",-121.5677,39.26504
"6369192",-121.2220151,39.4856332,2013,"5800","4","1","4","09",0,2,"A",,,,,,1500,12,"A","C","A","LA PORTE RD","MULOCK RD",35,"N","N","2014-05-13",9285,"2013-12-23",1252,"014401",,"1","9","0","2",,"2","082","-","N",,0,0,,,0,,,,"Y",2,"A","-",21801,"A","N","A","B","-","A","D","0","Y","A","01",0,0,2,0,0,0,0,0,0,"-","-","UNINCORPORATED","YUBA","CA",-121.22246,39.48561
"6369135",-121.5407632,39.081835,2013,"5800","5","2","4","09",0,1,"A",,,,,,1800,12,"D","C","A","LEVER AV","TWAIN DR",0,,"Y","2014-05-13",9285,"2013-12-31",1604,"017080",,"2","9","0","3",,"2","002","-","N",,0,0,,,0,,,,"N",2,"A","-",21801,"A","N","A","H","-","A","D","0","Y","A","01",0,0,1,0,0,0,0,0,0,"-","-","UNINCORPORATED","YUBA","CA",-121.54073,39.08185
"6355308",-121.5975832,39.1453252,2013,"5801","0","7","4","03",0,2,"A",,,,,,2500,11,"C","C","A","RT 20","CITY POLE #E52",23,"W","N","2014-07-07",5801,"2013-11-24",2500,"303","5801","5","3","0","0",,"0",,"-","Y","YUB",3,20,"-","-",0.58,"H","-","W","Y",3,"A","-",22350,,"N","A","H","-","A","D","0","Y","A","07",0,0,2,0,0,0,0,0,0,"-","-","MARYSVILLE","YUBA","CA",0,0
"6354099",-121.5542132,39.113335,2013,"5800","5","3","3","08",0,1,"A",,,,,"Y",300,12,"E","I","A","EDGEWATER CIR","ERLE RD",0,,"Y","2014-05-16",9285,"2013-12-25",0,"018107",,"3","9","0","3",,"2","004","-","N",,0,0,,,0,,,,"N",1,"A","-",22107,,"M","A","H","-","C","A","0","Y","A","01",0,1,0,0,0,0,0,0,0,"-","-","UNINCORPORATED","YUBA","CA",-121.54501,39.11343
"6354095",-121.5470231,39.091555,2013,"5800","5","5","3","01",0,1,"A",,,,,"Y",1800,12,"E","I","A","9TH AV","FLEMING WY",0,,"Y","2014-05-16",9285,"2013-12-20",1520,"018107",,"2","9","0","3",,"2","002","-","N",,0,0,,,0,,,,"Y",1,"A","-",23152,"A","N","A","H","-","B","D","0","Y","A","01",0,1,0,0,0,0,0,0,0,"-","-","UNINCORPORATED","YUBA","CA",-121.54703,39.09152