"CASEID","POINT_X","POINT_Y","YEAR_","LOCATION","CHPTYPE","DAYWEEK","CRASHSEV","VIOLCAT","KILLED","INJURED","WEATHER1","PEDCOL","BICCOL","MCCOL","TRUCKCOL","ETOH","TIMECAT","MONTH_","CRASHTYP","INVOLVE","PED","PRIMARYRD","SECONDRD","DISTANCE","DIRECT","INTERSECT_","PROCDATE","JURIS","DATE_","TIME_","BADGE","JURIDIST","SHIFT","POP","SPECIAL","BEATTYPE","LAPDDIV","BEATCLAS","BEATNUMB","WEATHER2","STATEHW","CALTRANC","CALTRAND","STROUTE","ROUTESUF","POSTPRE","POSTMILE","LOCATYPE","RAMP","SIDEHW","TOWAWAY","PARTIES","PCF","VIOLCODE","VIOL","VIOLSUB","HITRUN","ROADSURF","RDCOND1","RDCOND2","LIGHTING","RIGHTWAY","CHPRDTYP","NOTPRIV","STFAULT","CHPFAULT","SEVINJ","OTHERINJ","COP","PEDKILL","PEDINJ","BICKILL","BICINJ","MCKILL","MCINJURE","RAMP1","RAMP2","CITY","COUNTY","STATE","X_CHP","Y_CHP"
"6354091",0,0,2013,"5800","5","3","3","08",0,1,"A",,,"Y",,,1800,12,"B","E","A","VIRGILIA LN","TWAIN DR",1052,"N","N","2014-05-16",9285,"2013-12-18",1500,"018107",,"2","9","0","3",,"2","002","-","N",,0,0,,,0,,,,"N",2,"A","-",22107,,"N","A","H","-","A","D","0","Y","C","02",0,1,0,0,0,0,0,0,1,"-","-","UNINCORPORATED","YUBA","CA",-121.53292,39.07783
"6354087",0,0,2013,"5800","5","3","3","08",0,3,"A",,,,,,1500,12,"D","C","A","SIMPSON LN","DANTONI RD",3,"N","N","2014-05-16",9285,"2013-12-04",1225,"015048",,"1","9","0","3",,"2","004","-","N",,0,0,,,0,,,,"Y",2,"A","-",22107,,"N","A","H","-","A","D","0","Y","A","07",0,2,1,0,0,0,0,0,0,"-","-","UNINCORPORATED","YUBA","CA",-121.55702,39.13782
"6342167",-121.5764251,39.1574481,2013,"5801","0","4","4","11",0,1,"A","Y",,,,,900,12,"G","B","D","AHERN ST","EAST 19TH ST",133,"N","N","2014-05-22",5801,"2013-12-19",812,"P058","5801","5","3","0","0",,"0",,"B","N",,0,0,,,0,,,,"N",2,"A","-",21954,"A","N","A","H","-","A","A","0","Y","N","60",0,0,1,0,1,0,0,0,0,"-","-","MARYSVILLE","YUBA","CA",0,0
"6331834",-121.5959383,39.1397653,2013,"5801","0","5","4","11",0,1,"C","Y",,,,,2400,12,"B","B","D","5TH ST","LEMON ST",30,"W","N","2014-05-14",5801,"2013-12-06",2156,"305","5801","5","3","0","0",,"0",,"-","N",,0,0,,,0,,,,"N",2,"A","-",21955,,"N","B","A","-","C","D","0","Y","A","01",0,0,1,0,1,0,0,0,0,"-","-","MARYSVILLE","YUBA","CA",0,0
"6319127",-121.5826809,39.1487606,2013,"5801","0","5","3","17",0,2,"A",,,,,,2400,12,"B","C","A","RAMIREZ RD","EAST 12TH ST",0,,"Y","2014-06-04",5801,"2013-12-20",2123,"304","MARYV","5","3","0","0",,"0","5801","-","Y","YUB",3,20,"-","-",1.71,"I","5","E","Y",2,"A","-",21451,"A","N","A","H","-","C","A","0","Y","A","01",0,1,1,0,0,0,0,0,0,"-","-","MARYSVILLE","YUBA","CA",0,0
"6314983",-121.5954676,39.1375486,2013,"5801","0","4","4","03",0,1,"A",,,,,,1500,12,"C","C","A","3RD ST","LEMON ST",13,"E","N","2014-05-27",5801,"2013-12-05",1330,"391",,"5","3","0","0",,"0",,"-","N",,0,0,,,0,,,,"Y",3,"A","-",22350,,"N","A","H","-","A","D","0","Y","A","01",0,0,1,0,0,0,0,0,0,"-","-","MARYSVILLE","YUBA","CA",0,0
"6314963",-121.5855274,39.1361413,2013,"5801","0","6","2","01",0,1,"A",,,"Y",,"Y",1800,12,"F","A","A","1ST ST","B ST",20,"W","N","2014-05-27",5801,"2013-12-07",1623,"391",,"5","3","0","0",,"0",,"-","N",,0,0,,,0,,,,"Y",1,"A","-",23152,"A","N","A","H","-","A","D","0","Y","C","02",1,0,0,0,0,0,0,0,1,"-","-","MARYSVILLE","YUBA","CA",0,0
"6309842",-121.2427708,39.3687791,2013,"5800","4","7","2","08",0,1,"A",,,,,,1500,12,"F","A","A","MARYSVILLE RD","MANZANOAK TR",528,"W","N","2014-05-19",9285,"2013-12-01",1405,"14241",,"2","9","0","2",,"2","081","-","N",,0,0,,,0,,,,"Y",1,"A","-",22107,,"N","A","H","-","A","D","0","Y","A","01",1,0,0,0,0,0,0,0,0,"-","-","UNINCORPORATED","YUBA","CA",-121.24231,39.36817
"6309777",-121.4450231,39.022448,2013,"5800","4","1","4","08",0,1,"A",,,,,,1800,12,"E","H","A","RT 65","DRY CREEK LEVEE RD",5,"N","N","2014-12-23",9285,"2013-12-09",1759,"017080",,"2","9","0","2",,"2","025","-","Y","YUB",3,65,"-","-",2.19,"H","-","S","Y",1,"A","-",22107,,"N","A","H","-","D","D","1","Y","A","07",0,0,1,0,0,0,0,0,0,"-","-","UNINCORPORATED","YUBA","CA",-121.4449,39.02311
"6309746",-121.4091282,39.2417301,2013,"5800","4","2","2","08",0,1,"A","Y",,,,,2100,11,"G","B","E","MARYSVILLE RD","RT 20",5280,"N","N","2014-05-08",9285,"2013-11-05",2030,"019144",,"2","9","0","2",,"2","081","-","N",,0,0,,,0,,,,"N",2,"A","-",22107,,"F","A","H","-","D","D","0","Y","-","99",1,0,0,0,1,0,0,0,0,"-","-","UNINCORPORATED","YUBA","CA",-121.41227,39.23195
"6309738",-121.47317,39.2185955,2013,"5800","4","3","4","03",0,1,"A",,,,,,1500,11,"C","C","A","RT 20","SPRING VALLEY RD",2112,"W","N","2014-12-03",9285,"2013-11-06",1445,"018632",,"2","9","0","2",,"2","062","-","Y","YUB",3,20,"-","-",9.99,"H","-","E","Y",2,"A","-",22350,,"N","A","H","-","A","D","0","Y","A","01",0,0,1,0,0,0,0,0,0,"-","-","UNINCORPORATED","YUBA","CA",-121.47235,39.21892
"6309695",-121.5415121,39.080939,2013,"5800","4","6","4","09",0,1,"A",,,,,,2100,11,"A","C","A","MCGOWAN PKWY","RT 70",0,,"Y","2014-05-08",9285,"2013-11-02",2016,"019144",,"2","9","0","2",,"1","022","-","Y","YUB",3,70,"-","R",7.596,"R","4","E","Y",2,"A","-",21801,"A","N","A","H","-","C","D","0","Y","A","01",0,0,1,0,0,0,0,0,0,"-","NF","UNINCORPORATED","YUBA","CA",-121.54101,39.07731
"6308207",-121.2364842,39.3606674,2013,"5800","5","7","3","08",0,1,"B",,,,,,2100,12,"E","I","A","TEXAS HILL RD","DIXON HILL RD",528,"W","N","2014-05-21",9285,"2013-12-15",2000,"019168",,"2","9","0","3",,"2","008","-","N",,0,0,,,0,,,,"Y",1,"A","-",22107,,"N","A","H","-","D","D","0","Y","A","08",0,1,0,0,0,0,0,0,0,"-","-","UNINCORPORATED","YUBA","CA",-121.237,39.36099
"6308203",-121.5856596,39.1297032,2013,"5800","3","2","4","03",0,1,"A",,,,,,900,12,"C","C","A","RT 70","NORTH BEALE RD",190,"S","N","2014-05-21",9285,"2013-12-10",803,"014878",,"1","9","0","1",,"1","020","-","Y","YUB",3,70,"-","-",13.46,"H","-","E","Y",4,"A","-",22350,,"M","A","H","-","A","D","4","Y","A","01",0,0,1,0,0,0,0,0,0,"-","-","UNINCORPORATED","YUBA","CA",-121.58353,39.12856
"6306528",-121.5585204,39.1275461,2013,"5800","4","1","4","03",0,2,"A",,,,,,1800,12,"C","C","A","NORTH BEALE RD","PARK AV",15,"E","N","2014-05-23",9285,"2013-12-09",1558,"017080",,"2","9","0","2",,"1","041","-","N",,0,0,,,0,,,,"N",2,"A","-",22350,,"N","A","H","-","A","D","0","Y","D","22",0,0,2,0,0,0,0,0,0,"-","-","UNINCORPORATED","YUBA","CA",-121.5582,39.12767
"6305389",-121.2839632,39.4608952,2013,"5800","4","7","3","09",0,1,"A",,,,,,1200,11,"D","C","A","WILLOW GLEN RD","LA PORTE RD",0,,"Y","2014-05-08",9285,"2013-11-03",1013,"14401",,"1","9","0","2",,"2","081","-","N",,0,0,,,0,,,,"Y",2,"A","-",21801,"A","N","A","H","-","A","D","0","Y","A","01",0,1,0,0,0,0,0,0,0,"-","-","UNINCORPORATED","YUBA","CA",-121.28398,39.4608
"6301516",0,0,2013,"5800","3","4","4","03",0,4,"A",,,,,,1200,11,"C","C","A","RT 99","RIEGO RD",50,"N","N","2014-05-02",9285,"2013-11-28",1029,"017118",,"1","9","0","1",,"1","011","-","Y","SUT",3,99,"-","-",0.96,"H","-","S","Y",2,"A","-",22350,,"N","A","H","-","A","A","5","Y","A","01",0,0,4,0,0,0,0,0,0,"-","-","UNINCORPORATED","YUBA","CA",-121.54075,38.75002
"6300638",-121.4328931,39.0129551,2013,"5802","0","5","3","-",0,1,"A",,,,,,2100,10,"H","A","A","CHANA WY","MCDEVITT DR",0,,"Y","2014-05-22",5802,"2013-10-11",1802,"607",,"5","1","0","0",,"0",,"-","Y",,0,0,,,0,,,,"N",1,"A","-",0,,"N","A","-","-","A","D","0","Y","A","01",0,1,0,0,0,0,0,0,0,"-","-","WHEATLAND","YUBA","CA",0,0
"6297473",-121.4413247,39.0658768,2013,"5800","5","5","4","08",0,1,"A",,,,,,2400,10,"E","I","A","BEALE RD","OSTROM RD",2640,"S","N","2014-04-21",9285,"2013-10-18",2230,"016343",,"3","9","0","3",,"2","002","-","N",,0,0,,,0,,,,"Y",1,"A","-",22107,,"N","A","H","-","D","D","0","Y","A","01",0,0,1,0,0,0,0,0,0,"-","-","UNINCORPORATED","YUBA","CA",-121.26318,39.03541
"6297469",-121.5510931,39.101405,2013,"5800","4","7","4","09",0,1,"A",,,,,,1200,10,"D","C","A","OLIVEHURST AV","POWERLINE RD",0,,"Y","2014-04-21",9285,"2013-10-20",1020,"014825",,"1","9","0","2",,"1","022","-","N",,0,0,,,0,,,,"Y",2,"A","-",21801,"A","N","A","H","-","A","-","0","Y","A","01",0,0,1,0,0,0,0,0,0,"-","-","UNINCORPORATED","YUBA","CA",-121.5509,39.10141
"6297462",-121.5530296,39.1317672,2013,"5800","4","3","4","03",0,1,"A",,,,,,900,10,"C","C","A","HAMMONTON SMARTVILLE RD","HILE AV",138,"S","N","2014-04-21",9285,"2013-10-30",805,"015048",,"1","9","0","2",,"1","042","-","N",,0,0,,,0,,,,"Y",2,"A","-",22350,,"N","A","H","-","A","D","0","Y","A","01",0,0,1,0,0,0,0,0,0,"-","-","UNINCORPORATED","YUBA","CA",-121.55296,39.13183
"6297453",0,0,2013,"5800","5","5","4","12",0,2,"A",,,,,,1500,10,"B","C","A","RIVER OAKS BL","PLUMAS LAKE BL",0,,"Y","2014-04-21",9285,"2013-10-25",1210,"017118",,"1","9","0","3",,"2","002","-","N",,0,0,,,0,,,,"Y",2,"A","-",21453,"A","N","A","H","-","A","A","0","Y","A","01",0,0,2,0,0,0,0,0,0,"-","-","UNINCORPORATED","YUBA","CA",-121.55108,39.02031
"6297450",-121.5592323,39.1145819,2013,"5800","5","7","4","05",0,1,"A",,"Y",,,,1200,10,"D","G","A","LINDHURST AV","ERLE RD",528,"N","N","2014-04-21",9285,"2013-10-27",1120,"017118",,"1","9","0","3",,"2","004","-","N",,0,0,,,0,,,,"N",2,"A","-",21650,"1","N","A","H","-","A","D","0","Y","L","04",0,0,1,0,0,0,1,0,0,"-","-","UNINCORPORATED","YUBA","CA",-121.55998,39.11553
"6290996",-121.5948714,39.1925357,2013,"5800","3","4","1","05",2,2,"A",,,,,,1800,6,"A","C","A","RT 70","SADDLEBACK DR",1056,"N","N","2014-07-23",9285,"2013-06-27",1550,"15048",,"2","9","0","1",,"1","060","-","Y","YUB",3,70,"-","-",17.79,"H","-","W","Y",2,"A","-",21650,,"N","A","H","-","A","D","0","Y","D","22",2,0,0,0,0,0,0,0,0,"-","-","UNINCORPORATED","YUBA","CA",-121.59489,39.19255
"6290804",-121.5122632,39.0690051,2013,"5800","5","3","1","12",1,0,"A",,,,,,1800,1,"D","C","A","FORTY MILE RD","RANCHO RD",0,,"Y","2014-06-25",9285,"2013-01-30",1630,"18107",,"2","9","0","3",,"2","002","-","N",,0,0,,,0,,,,"Y",2,"A","-",22450,"A","N","A","H","-","A","A","0","Y","A","01",0,0,0,0,0,0,0,0,0,"-","-","UNINCORPORATED","YUBA","CA",-121.51227,39.06901
"6290803",-121.2820047,39.356593,2013,"5800","4","7","1","01",3,1,"A",,,,,"Y",300,10,"E","I","A","MARYSVILLE RD","FRENCHTOWN RD",767,"W","N","2015-01-12",9285,"2013-10-13",215,"17393",,"3","9","0","2",,"2","081","-","N",,0,0,,,0,,,,"Y",1,"A","-",23152,"A","N","A","H","-","D","D","0","Y","A","07",0,1,0,0,0,0,0,0,0,"-","-","UNINCORPORATED","YUBA","CA",-121.28205,39.3566
"6290524",-121.5788851,39.0867546,2013,"5800","4","3","1","01",1,1,"A",,,,,"Y",300,12,"F","A","A","FEATHER RIVER BL","MURPHY RD",3696,"N","N","2014-05-16",9285,"2013-12-04",7,"19168",,"3","9","0","2",,"1","021","-","N",,0,0,,,0,,,,"Y",1,"A","-",23152,"A","N","A","H","-","D","D","0","Y","D","22",1,0,0,0,0,0,0,0,0,"-","-","UNINCORPORATED","YUBA","CA",-121.5789,39.08679
"6290261",-121.598982,39.2533085,2013,"5800","3","5","1","05",1,1,"A",,,,,,1200,8,"E","I","A","RT 70","BOYER RD",1743,"S","N","2015-01-09",9285,"2013-08-02",1140,"15849",,"1","9","0","1",,"1","060","-","Y","YUB",3,70,"-","-",22,"H","-","E","Y",2,"A","-",21650,,"N","A","H","-","A","D","0","Y","D","22",0,1,0,0,0,0,0,0,0,"-","-","UNINCORPORATED","YUBA","CA",-121.59926,39.25036
"6290079",-121.0920008,39.4297635,2013,"5800","5","6","1","01",1,0,"A","Y",,,,"Y",300,11,"G","B","E","MARYSVILLE RD","OLD TOLL RD",2112,"W","N","2014-03-11",9230,"2013-11-16",110,"18098",,"3","9","0","3",,"2","080","-","N",,0,0,,,0,,,,"Y",2,"A","-",23152,"A","N","A","H","-","D","D","0","Y","A","01",0,0,0,1,0,0,0,0,0,"-","-","UNINCORPORATED","YUBA","CA",-121.09158,39.43005
"6290028",-121.5577918,39.1676638,2013,"5800","4","7","1","11",1,0,"A","Y",,,,,2400,10,"G","B","E","RT 20","LEVEE RD",1530,"E","N","2015-01-12",9285,"2013-10-06",2200,"18475",,"3","9","0","2",,"2","062","-","Y","YUB",3,20,"-","R",3.67,"H","-","W","N",2,"A","-",21954,"A","N","A","H","-","D","D","0","Y","N","60",0,0,0,1,0,0,0,0,0,"-","-","UNINCORPORATED","YUBA","CA",-121.55741,39.16802
"6288858",-121.5880332,39.1550952,2013,"5801","0","7","4","03",0,1,"B",,,,,,2500,11,"C","C","A","B ST","EAST 18TH ST",0,,"Y","2014-07-24",5801,"2013-11-03",2500,"309","5801","5","3","0","0",,"0","00E","G","Y","YUB",3,70,"-","-",15.17,"H","-","W","N",2,"A","-",22350,,"N","A","H","-","B","A","0","Y","-","-",0,0,1,0,0,0,0,0,0,"-","-","MARYSVILLE","YUBA","CA",0,0
"6285919",0,0,2013,"5801","0","5","4","09",0,1,"A",,,,,,1800,11,"D","C","A","3RD ST","F ST",340,,"N","2014-05-22",5801,"2013-11-22",1603,"SAM4","YUBA","5","3","0","0",,"0","5801","-","N",,0,0,,,0,,,,"Y",2,"A","-",21804,"A","N","A","H","-","A","D","0","Y","A","01",0,0,1,0,0,0,0,0,0,"-","-","MARYSVILLE","YUBA","CA",0,0
"6284519",-121.5903948,39.1396565,2013,"5801","0","1","4","03",0,1,"A",,,,,,1800,11,"C","C","A","E ST","4TH ST",116,"S","N","2014-05-13",5801,"2013-11-25",1537,"SAM3","5801","5","3","0","0",,"0",,"-","Y","YUB",3,70,"-","-",14.31,"H","-","E","N",3,"A","-",22350,,"N","A","H","-","A","A","0","Y","A","01",0,0,1,0,0,0,0,0,0,"-","-","MARYSVILLE","YUBA","CA",0,0
"6283583",-121.5949572,39.1398467,2013,"5801","0","2","3","03",0,2,"B",,,,,,1500,11,"D","C","A","5TH ST","H ST",36,"E","N","2014-05-08",5801,"2013-11-19",1306,"391",,"5","3","0","0",,"0",,"C","N",,0,0,,,0,,,,"Y",2,"A","-",22350,,"N","B","H","-","A","A","0","Y","A","01",0,1,1,0,0,0,0,0,0,"-","-","MARYSVILLE","YUBA","CA",0,0
"6283051",-121.5766055,39.1257856,2013,"5800","4","4","4","09",0,1,"A",,,,,,1500,12,"D","C","A","NORTH BEALE RD","FEATHER RIVER BL",236,"N","N","2014-05-29",9285,"2013-12-05",1435,"15048",,"2","9","0","2",,"1","041","-","N",,0,0,,,0,,,,"N",2,"A","-",21801,"A","N","A","H","-","A","D","0","Y","D","22",0,0,1,0,0,0,0,0,0,"-","-","UNINCORPORATED","YUBA","CA",-121.57725,39.1256
"6281960",-121.5473543,39.177807,2013,"5800","4","5","4","08",0,1,"A",,,,,,600,11,"F","A","A","RT 20","PLANTZ RD",1584,"E","N","2014-05-05",9285,"2013-11-01",405,"017534",,"3","9","0","2",,"2","062","-","Y","YUB",3,20,"-","R",4.57,"H","-","E","Y",1,"A","-",22107,,"N","A","H","-","D","D","0","Y","A","07",0,0,1,0,0,0,0,0,0,"-","-","UNINCORPORATED","YUBA","CA",-121.54767,39.17732
"6280886",-121.5330536,39.1398789,2013,"5800","5","4","4","09",0,1,"A",,,"Y",,,2400,11,"D","C","A","DANTONI RD","SIMPSON DANTONI RD",1056,"S","N","2014-03-27",9285,"2013-11-21",2247,"17534",,"3","9","0","3",,"2","004","-","N",,0,0,,,0,,,,"Y",2,"A","-",21804,"A","N","A","H","-","D","D","0","Y","C","06",0,0,1,0,0,0,0,0,1,"-","-","UNINCORPORATED","YUBA","CA",-121.53309,39.1394
"6280732",-121.5993563,39.1450848,2013,"5801","0","1","4","03",0,1,"A",,,,,,2100,11,"C","E","A","RT 20","I ST",528,"W","N","2014-03-18",5801,"2013-11-11",1839,,,"5","3","0","0",,"0",,"-","Y","YUB",3,20,"-","-",0.48,"H","-","W","Y",2,"A","-",22350,,"N","A","H","-","C","D","0","Y","A","07",0,0,1,0,0,0,0,0,0,"-","-","MARYSVILLE","YUBA","CA",-121.59992,39.14501
"6280167",-121.5958832,39.145475,2013,"5801","0","1","4","03",0,1,"A",,,,,,2100,11,"C","C","A","10TH ST","10TH ST BRIDGE",0,,"N","2014-05-08",5801,"2013-11-11",1814,"305",,"5","3","0","0",,"0",,"-","N",,0,0,,,0,,,,"Y",3,"A","-",22350,,"N","A","H","-","C","-","0","Y","A","01",0,0,1,0,0,0,0,0,0,"-","-","MARYSVILLE","YUBA","CA",0,0
"6276751",-121.5468201,39.1245282,2013,"5800","5","4","4","05",0,1,"A",,,,,,900,11,"A","C","A","WOODLAND CIR","WOODLAND DR",23,"S","N","2014-05-13",9285,"2013-11-28",820,"15048",,"1","9","0","3",,"2","004","-","N",,0,0,,,0,,,,"N",2,"A","-",21650,,"N","A","H","-","A","D","0","Y","D","22",0,0,1,0,0,0,0,0,0,"-","-","UNINCORPORATED","YUBA","CA",-121.54676,39.12472
"6276731",-121.5993793,39.2146618,2013,"5800","3","1","2","03",0,7,"A",,,,,,2100,11,"C","C","A","RT 70","BETTENCOURT LN",479,"W","N","2014-05-23",9285,"2013-11-25",1820,"19168",,"2","9","0","1",,"1","060","-","Y","YUB",3,70,"-","-",19.34,"H","-","W","Y",3,"A","-",22350,,"N","A","H","-","C","D","0","Y","A","07",1,2,4,0,0,0,0,0,0,"-","-","UNINCORPORATED","YUBA","CA",-121.59922,39.21402
"6276727",-121.5950027,39.2033695,2013,"5800","3","1","2","05",0,3,"A",,,,"Y",,1800,11,"D","C","A","RT 70","ELLIS RD",2112,"N","N","2014-05-23",9285,"2013-11-25",1740,"15849",,"2","9","0","1",,"1","060","-","Y","YUB",3,70,"-","-",18.53,"H","-","E","Y",2,"A","-",21460,"C","N","A","H","-","D","D","0","Y","A","01",1,0,2,0,0,0,0,0,0,"-","-","UNINCORPORATED","YUBA","CA",-121.5951,39.20297
"6276141",-121.5484948,39.1763097,2013,"5800","4","2","4","08",0,1,"B",,,,,,1500,11,"E","I","A","RT 20","PLANTZ RD",2112,"W","N","2014-06-04",9285,"2013-11-19",1234,"14241",,"1","9","0","2",,"2","062","C","Y","YUB",3,20,"-","R",4.45,"H","-","W","Y",1,"A","-",22107,,"N","B","H","-","A","D","0","Y","D","22",0,0,1,0,0,0,0,0,0,"-","-","UNINCORPORATED","YUBA","CA",-121.55671,39.11679
"6275828",-121.5920931,39.140075,2013,"5801","0","3","4","09",0,1,"B",,,,,,1500,11,"D","C","A","5TH ST","F ST",0,,"Y","2014-04-22",5801,"2013-11-20",1240,"391",,"5","3","0","0",,"0",,"C","N",,0,0,,,0,,,,"Y",2,"A","-",21802,"A","N","B","H","-","A","A","0","Y","D","22",0,0,1,0,0,0,0,0,0,"-","-","MARYSVILLE","YUBA","CA",0,0
"6269032",-121.5544431,39.1218051,2013,"5800","5","2","4","09",0,1,"A",,,,,,1500,10,"D","C","A","GROVE AV","DEBORA LN",0,,"Y","2014-05-01",9285,"2013-10-29",1225,"15491",,"1","9","0","3",,"2","004","-","N",,0,0,,,0,,,,"Y",2,"A","-",21801,"A","N","A","H","-","A","A","0","Y","A","01",0,0,1,0,0,0,0,0,0,"-","-","UNINCORPORATED","YUBA","CA",-121.55449,39.12183
"6268848",-121.5417485,39.0808459,2013,"5800","4","3","4","03",0,1,"A",,,,,,900,11,"C","C","A","MCGOWAN PKWY","RT 70",0,,"Y","2014-05-01",9285,"2013-11-06",810,"017118",,"1","9","0","2",,"1","022","-","Y","YUB",3,70,"-","R",7.592,"R","4","W","N",2,"A","-",22350,,"N","A","H","-","A","D","0","Y","A","07",0,0,1,0,0,0,0,0,0,"-","SF","UNINCORPORATED","YUBA","CA",-121.54227,39.07743
"6268657",-121.5935331,39.1501451,2013,"5801","0","4","4","09",0,1,"A",,,,"Y",,1800,10,"H","C","A","F ST","14TH ST",0,,"Y","2014-04-30",5801,"2013-10-24",1729,"303","5801","5","3","0","0",,"0",,"-","N",,0,0,,,0,,,,"Y",2,"A","-",21804,,"N","A","H","-","A","A","0","Y","D","22",0,0,1,0,0,0,0,0,0,"-","-","MARYSVILLE","YUBA","CA",0,0
"6268079",-121.392502,39.3237858,2013,"5800","3","6","4","21",0,1,"A",,,,"Y",,2100,11,"C","C","A","LOMA RICA RD","LONE TREE RD",528,"S","N","2014-04-30",9285,"2013-11-02",1835,"19168",,"2","9","0","1",,"2","061","-","N",,0,0,,,0,,,,"N",2,"A","-",22106,,"N","A","H","-","D","D","0","Y","F","26",0,0,1,0,0,0,0,0,0,"-","-","UNINCORPORATED","YUBA","CA",-121.39213,39.32419
"6268071",-121.4716232,39.0406752,2013,"5800","4","5","4","09",0,2,"A",,,,,,900,11,"D","C","A","RT 65","BEALE RD",0,,"Y","2014-04-30",9285,"2013-11-01",700,"15048",,"1","9","0","2",,"2","025","-","Y","YUB",3,65,"-","-",4.099,"I","5","N","Y",2,"A","-",21801,"A","N","A","H","-","A","D","1","Y","A","07",0,0,2,0,0,0,0,0,0,"-","-","UNINCORPORATED","YUBA","CA",-121.47156,39.04093
"6268067",-121.5945837,39.2880937,2013,"5800","3","1","2","03",0,2,"B",,,,,,900,10,"C","C","A","RT 70","RAMIREZ RD",7920,"N","N","2014-04-24",9285,"2013-10-28",640,"14241",,"1","9","0","1",,"1","060","-","Y","YUB",3,70,"-","-",24.39,"H","-","E","Y",3,"A","-",22350,,"N","B","H","-","D","D","0","Y","D","22",1,1,0,0,0,0,0,0,0,"-","-","UNINCORPORATED","YUBA","CA",-121.59467,39.28638
"6265233",-121.5902844,39.1388875,2013,"5801","0","2","4","03",0,2,"A",,,,,,900,10,"C","C","A","E ST","3RD ST",0,,"Y","2014-05-01",5801,"2013-10-22",820,"303","5801","5","3","0","0",,"0",,"-","Y","YUB",3,70,"-","-",14.25,"I","5","E","Y",2,"A","-",22350,,"N","A","H","-","A","A","0","Y","A","01",0,0,2,0,0,0,0,0,0,"-","-","MARYSVILLE","YUBA","CA",0,0
"6258272",-121.311659,39.1369344,2013,"5800","5","3","3","08",0,2,"A",,,,,,1200,11,"F","I","A","WALDO RD","SMARTVILLE RD",290,"S","N","2014-05-01",9285,"2013-11-06",1110,"018981",,"1","9","0","3",,"2","004","-","N",,0,0,,,0,,,,"Y",1,"A","-",22107,,"N","A","H","-","A","D","0","Y","D","22",0,2,0,0,0,0,0,0,0,"-","-","UNINCORPORATED","YUBA","CA",-121.31191,39.13712
"6258097",-121.5979731,39.1384751,2013,"5801","0","3","3","04",0,1,"A",,,"Y",,,1800,10,"C","C","A","J ST","4TH ST",0,,"Y","2015-01-09",5801,"2013-10-16",1504,"308","MPD","5","3","0","0",,"0",,"-","N",,0,0,,,0,,,,"N",2,"A","-",21703,,"N","A","H","-","A","D","0","Y","C","02",0,1,0,0,0,0,0,0,1,"-","-","MARYSVILLE","YUBA","CA",0,0
"6254957",-121.3962253,39.1796557,2013,"5800","4","3","4","08",0,1,"A",,,,,,2100,10,"E","I","A","HAMMONTON SMARTVILLE RD","LAUGHLIN RD",204,"W","N","2014-04-23",9285,"2013-10-09",2030,"018981",,"2","9","0","2",,"1","042","-","N",,0,0,,,0,,,,"Y",1,"A","-",22107,,"N","A","H","-","D","D","0","Y","D","22",0,0,1,0,0,0,0,0,0,"-","-","UNINCORPORATED","YUBA","CA",-121.39598,39.17985
"6254886",-121.540878,39.0728656,2013,"5800","3","3","4","09",0,1,"A",,"Y",,,,2100,10,"D","G","A","RT 70","MCGOWAN PKWY",3,"S","N","2014-04-24",9285,"2013-10-23",1850,"019144",,"2","9","0","1",,"1","020","-","Y","YUB",3,70,"-","R",7.068,"R","4","E","N",2,"A","-",21802,"A","N","A","H","-","C","D","0","Y","D","22",0,0,1,0,0,0,1,0,0,"-","-","UNINCORPORATED","YUBA","CA",-121.54049,39.0773
"6254882",-121.474135,39.2181591,2013,"5800","3","4","4","03",0,1,"A",,,,"Y",,1200,10,"C","A","A","RT 20","HUMPHREY RD",4224,"W","N","2014-04-23",9285,"2013-10-24",945,"017118",,"1","9","0","1",,"2","072","-","Y","SUT",3,20,"-","-",9.93,"H","-","W","Y",2,"A","-",22350,,"N","A","H","-","A","D","0","Y","F","27",0,0,1,0,0,0,0,0,0,"-","-","UNINCORPORATED","YUBA","CA",-121.78098,39.14209
"6252021",-121.5935731,39.139955,2013,"5801","0","3","2","10",0,1,"A","Y",,,,,900,10,"G","B","D","5TH ST","G ST",0,,"Y","2014-04-28",5801,"2013-10-02",610,"304","YUBA","5","3","0","0",,"0",,"-","N",,0,0,,,0,,,,"N",2,"A","-",21950,"A","N","A","H","-","C","D","0","Y","D","22",1,0,0,0,1,0,0,0,0,"-","-","MARYSVILLE","YUBA","CA",0,0