"CASEID","POINT_X","POINT_Y","YEAR_","LOCATION","CHPTYPE","DAYWEEK","CRASHSEV","VIOLCAT","KILLED","INJURED","WEATHER1","PEDCOL","BICCOL","MCCOL","TRUCKCOL","ETOH","TIMECAT","MONTH_","CRASHTYP","INVOLVE","PED","PRIMARYRD","SECONDRD","DISTANCE","DIRECT","INTERSECT_","PROCDATE","JURIS","DATE_","TIME_","BADGE","JURIDIST","SHIFT","POP","SPECIAL","BEATTYPE","LAPDDIV","BEATCLAS","BEATNUMB","WEATHER2","STATEHW","CALTRANC","CALTRAND","STROUTE","ROUTESUF","POSTPRE","POSTMILE","LOCATYPE","RAMP","SIDEHW","TOWAWAY","PARTIES","PCF","VIOLCODE","VIOL","VIOLSUB","HITRUN","ROADSURF","RDCOND1","RDCOND2","LIGHTING","RIGHTWAY","CHPRDTYP","NOTPRIV","STFAULT","CHPFAULT","SEVINJ","OTHERINJ","COP","PEDKILL","PEDINJ","BICKILL","BICINJ","MCKILL","MCINJURE","RAMP1","RAMP2","CITY","COUNTY","STATE","X_CHP","Y_CHP"
"6251890",-121.5920931,39.140075,2013,"5801","0","7","3","09",0,1,"A",,,,,"Y",2100,10,"D","C","A","5TH ST","F ST",0,,"Y","2014-04-25",5801,"2013-10-06",1903,"303","5801","5","3","0","0",,"0",,"-","N",,0,0,,,0,,,,"Y",2,"A","-",21802,"A","F","A","H","-","B","A","0","Y","A","01",0,1,0,0,0,0,0,0,0,"-","-","MARYSVILLE","YUBA","CA",0,0
"6250227",0,0,2013,"5800","4","3","4","16",0,1,"A","Y",,,,,1800,10,"G","B","B","NORTH BEALE RD","WALMART CENTER DR",0,,"Y","2014-11-12",9285,"2013-10-16",1610,"15849",,"2","9","0","2",,"1","041","-","N",,0,0,,,0,,,,"N",2,"A","-",29003,"A","N","A","H","-","A","D","0","Y","M","47",0,0,1,0,1,0,0,0,0,"-","-","UNINCORPORATED","YUBA","CA",-121.57308,39.12541
"6249391",-121.3453103,39.1931072,2013,"5800","4","3","2","05",0,1,"A",,,"Y",,,900,10,"F","A","A","HAMMONTON SMARTVILLE RD","SOUTH GOLDEN PKWY",8976,"W","N","2014-04-21",9285,"2013-10-16",630,"15491",,"1","9","0","2",,"1","042","-","N",,0,0,,,0,,,,"Y",2,"A","-",21460,"A","N","A","H","-","C","D","0","Y","-","99",1,0,0,0,0,0,0,0,1,"-","-","UNINCORPORATED","YUBA","CA",-121.34632,39.19349
"6249367",-121.4305606,39.0140313,2013,"5802","0","1","3","09",0,4,"A",,,,,,1500,10,"A","C","A","HWY 65","MAIN ST",0,,"Y","2014-04-21",5802,"2013-10-14",1305,"606","5802","5","1","0","0",,"0",,"-","Y","YUB",3,65,"-","-",1.23,"I","5","S","Y",2,"A","-",21801,"A","N","A","H","-","A","D","0","Y","A","01",0,1,3,0,0,0,0,0,0,"-","-","WHEATLAND","YUBA","CA",0,0
"6244798",-121.5419005,39.0940601,2013,"5800","3","1","2","03",0,1,"A",,,,,,2100,10,"E","I","A","RT 70","OLIVEHURST AV",3696,"E","N","2014-04-19",9285,"2013-10-07",1806,"19168",,"2","9","0","1",,"1","020","-","Y","YUB",3,70,"-","R",8.53,"H","-","E","Y",1,"A","-",22350,,"N","A","H","-","A","D","1","Y","A","01",1,0,0,0,0,0,0,0,0,"-","-","UNINCORPORATED","YUBA","CA",-121.54201,39.09448
"6244735",-121.4611646,39.0464474,2013,"5800","5","5","4","08",0,1,"A",,,,,,1500,10,"E","I","A","BEALE RD","BRADSHAW RD",3168,"E","N","2014-04-24",9285,"2013-10-04",1201,"17118",,"1","9","0","3",,"2","004","-","N",,0,0,,,0,,,,"Y",1,"A","-",22107,,"N","A","H","-","A","D","0","Y","A","01",0,0,1,0,0,0,0,0,0,"-","-","UNINCORPORATED","YUBA","CA",-121.45832,39.04814
"6244575",-121.5763639,39.120483,2013,"5800","5","5","4","09",0,1,"A",,"Y",,,,900,9,"A","G","A","JAY ST","ARBOGA RD",225,"S","N","2014-04-12",9285,"2013-09-27",805,"19144",,"1","9","0","3",,"2","002","-","N",,0,0,,,0,,,,"N",2,"A","-",21804,"A","F","A","H","-","A","D","0","Y","A","01",0,0,1,0,0,0,1,0,0,"-","-","UNINCORPORATED","YUBA","CA",-121.57623,39.12043
"6244043",-121.3804227,39.2295332,2013,"5800","4","1","3","08",0,1,"A",,,,,,2100,10,"F","I","A","RT 20","ESHEMAN LN",1584,"W","N","2014-04-25",9285,"2013-10-07",2050,"18475",,"2","9","0","2",,"2","062","-","Y","YUB",3,20,"-","-",15.14,"H","-","W","Y",1,"A","-",22107,,"N","A","H","-","D","D","0","Y","D","22",0,1,0,0,0,0,0,0,0,"-","-","UNINCORPORATED","YUBA","CA",-121.3781,39.22958
"6244025",-121.309693,39.4439151,2013,"5800","4","1","4","05",0,1,"A",,,,"Y",,1800,9,"E","I","A","LA PORTE RD","AERO WY",6336,"W","N","2014-04-16",9285,"2013-09-23",1745,"017393",,"2","9","0","2",,"2","082","-","N",,0,0,,,0,,,,"Y",2,"A","-",21460,"A","N","A","H","-","A","D","0","Y","G","25",0,0,1,0,0,0,0,0,0,"-","-","UNINCORPORATED","YUBA","CA",-121.30358,39.44946
"6240209",-121.292962,39.1977671,2013,"5800","3","4","4","08",0,1,"A",,,,,"Y",2400,10,"E","I","A","HAMMONTON SMARTVILLE RD","MCGANNEY LN",1584,"E","N","2014-04-03",9285,"2013-10-03",2155,"17889",,"2","9","0","1",,"2","061","-","N",,0,0,,,0,,,,"Y",1,"A","-",22107,,"N","A","H","-","D","A","0","Y","A","01",0,0,1,0,0,0,0,0,0,"-","-","UNINCORPORATED","YUBA","CA",-121.29387,39.19737
"6236545",-121.5793501,39.1013569,2013,"5800","4","6","2","01",0,5,"A",,,,,"Y",2100,8,"F","I","A","FEATHER RIVER BL","MYRNA AV",30,"S","N","2014-04-04",9285,"2013-08-31",1944,"18475",,"2","9","0","2",,"1","021","-","N",,0,0,,,0,,,,"Y",1,"A","-",23152,"A","N","A","H","-","A","A","0","Y","D","22",2,3,0,0,0,0,0,0,0,"-","-","UNINCORPORATED","YUBA","CA",-121.57933,39.10158
"6234060",-121.530611,39.0775483,2013,"5800","5","3","4","03",0,1,"A","Y",,,,,1800,9,"G","B","B","OLIVE AV","MCGOWAN PKWY",23,"N","N","2014-04-28",9285,"2013-09-25",1725,"017534",,"2","9","0","3",,"2","002","-","N",,0,0,,,0,,,,"N",2,"A","-",22350,,"F","A","H","-","A","A","0","Y","A","01",0,0,1,0,1,0,0,0,0,"-","-","UNINCORPORATED","YUBA","CA",-121.53089,39.07757
"6234056",-121.595727,39.2745214,2013,"5800","3","3","3","08",0,1,"A",,,,,,2400,9,"E","I","A","RT 70","RAMIREZ RD",3168,"N","N","2014-04-28",9285,"2013-09-25",2125,"017534",,"2","9","0","1",,"1","060","-","Y","YUB",3,70,"-","-",23.46,"H","-","W","Y",1,"A","-",22107,,"N","A","-","-","D","D","0","Y","A","01",0,1,0,0,0,0,0,0,0,"-","-","UNINCORPORATED","YUBA","CA",-121.59577,39.27279
"6234052",0,0,2013,"5800","5","6","4","08",0,1,"A",,,,,,1500,9,"F","A","A","CHALLENGE CUTOFF RD","YUBA/BUTTE COUNTY LINE",2112,"S","N","2014-04-28",9285,"2013-09-28",1300,"014480",,"1","9","0","3",,"2","008","-","N",,0,0,,,0,,,,"Y",1,"A","-",22107,,"N","A","H","-","A","D","0","Y","A","01",0,0,1,0,0,0,0,0,0,"-","-","UNINCORPORATED","YUBA","CA",-121.25775,39.51145
"6234048",-121.5558238,39.0917403,2013,"5800","5","7","3","08",0,1,"A",,"Y",,,"Y",2400,9,"F","A","A","9TH AV","WESTERN AV",139,"E","N","2014-04-29",9285,"2013-09-22",2200,"017534",,"3","9","0","3",,"2","002","-","N",,0,0,,,0,,,,"N",1,"A","-",22107,,"N","A","H","-","D","D","0","Y","L","04",0,1,0,0,0,0,1,0,0,"-","-","UNINCORPORATED","YUBA","CA",-121.55582,39.09172
"6234044",-121.552995,39.1048827,2013,"5800","3","2","4","03",0,1,"A",,,,,,1800,9,"C","C","A","RT 70","OLIVEHURST AV",20,"N","N","2014-04-29",9285,"2013-09-17",1640,"017118",,"2","9","0","1",,"1","020","-","Y","YUB",3,70,"-","R",9.481,"R","1","W","N",2,"A","-",22350,,"N","A","H","-","A","A","1","Y","A","01",0,0,1,0,0,0,0,0,0,"SF","-","UNINCORPORATED","YUBA","CA",-121.55099,39.10198
"6234040",-121.5440701,39.0772538,2013,"5800","4","6","4","01",0,1,"A",,,,,"Y",2100,9,"E","I","A","MCGOWAN PKWY","GEORGE AV",140,"E","N","2014-04-29",9285,"2013-09-14",1817,"018340",,"2","9","0","2",,"1","022","-","N",,0,0,,,0,,,,"N",1,"A","-",23152,"A","N","A","H","-","A","D","0","Y","A","01",0,0,1,0,0,0,0,0,0,"-","-","UNINCORPORATED","YUBA","CA",-121.544,39.07719
"6227853",-121.5967562,39.1453949,2013,"5801","0","2","3","-",0,1,"A",,"Y",,,,1800,9,"G","G","A","10TH ST","LEMON ST",0,,"Y","2014-04-14",5801,"2013-09-24",1652,"310",,"5","3","0","0",,"0",,"-","Y","YUB",3,20,"-","-",0.625,"I","5","W","N",2,"A","-",0,,"N","A","H","-","A","D","0","Y","L","04",0,1,0,0,0,0,1,0,0,"-","-","MARYSVILLE","YUBA","CA",0,0
"6221838",-121.546598,39.1788068,2013,"5800","4","3","4","08",0,1,"A",,,,,,1500,9,"E","I","A","RT 20","PLANTZ RD",1056,"W","N","2014-04-12",9285,"2013-09-18",1245,"14480",,"1","9","0","2",,"2","062","-","Y","YUB",3,20,"-","R",4.65,"H","-","W","Y",1,"A","-",22107,,"N","A","H","-","A","D","0","Y","A","01",0,0,1,0,0,0,0,0,0,"-","-","UNINCORPORATED","YUBA","CA",-121.5462,39.17869
"6221834",-121.5452113,39.0772335,2013,"5800","5","2","3","09",0,1,"A",,"Y",,,,900,9,"D","G","A","MCGOWAN PKWY","GEORGE AV",184,"W","N","2014-04-12",9285,"2013-09-10",740,"18981",,"1","9","0","3",,"2","002","-","N",,0,0,,,0,,,,"N",2,"A","-",21804,"A","M","A","H","-","A","D","0","Y","A","01",0,1,0,0,0,0,1,0,0,"-","-","UNINCORPORATED","YUBA","CA",-121.54529,39.07715
"6221830",0,0,2013,"5800","5","4","2","03",0,1,"A",,,"Y",,,1800,9,"F","A","A","MATHEWS LN","JACK SLOUGH RD",190,"S","N","2014-04-12",9285,"2013-09-12",1515,"13380",,"2","9","0","3",,"2","006","-","N",,0,0,,,0,,,,"Y",1,"A","-",22350,,"N","A","H","-","A","D","0","Y","C","02",1,0,0,0,0,0,0,0,1,"-","-","UNINCORPORATED","YUBA","CA",-121.5407,39.22354
"6221775",-121.5580372,39.0954211,2013,"5800","5","1","4","09",0,1,"A",,,,,,1500,9,"D","C","A","7TH AV","BEAVER LN",305,"W","N","2014-04-11",9285,"2013-09-23",1335,"018981",,"1","9","0","3",,"2","002","-","N",,0,0,,,0,,,,"N",2,"A","-",21804,"A","N","A","H","-","A","D","0","Y","A","01",0,0,1,0,0,0,0,0,0,"-","-","UNINCORPORATED","YUBA","CA",-121.55827,39.09543
"6221767",-121.3410242,39.0482294,2013,"5800","5","3","3","08",0,1,"A",,,"Y",,,1800,9,"E","I","A","CAMP FAR WEST RD","WINTUN WY",361,"W","N","2014-04-11",9285,"2013-09-18",1750,"017393",,"2","9","0","3",,"2","002","-","N",,0,0,,,0,,,,"Y",1,"A","-",22107,,"N","A","H","-","A","D","0","Y","C","02",0,1,0,0,0,0,0,0,1,"-","-","UNINCORPORATED","YUBA","CA",-121.34192,39.04813
"6221763",0,0,2013,"5800","4","3","3","17",0,1,"A",,,,,"Y",2100,9,"E","I","A","LA PORTE RD","OLD KNOX RD",2640,"W","N","2014-04-11",9285,"2013-09-18",2040,"017393",,"2","9","0","2",,"2","082","-","N",,0,0,,,0,,,,"Y",1,"A","-",21662,"A","F","A","H","-","D","D","0","Y","A","01",0,1,0,0,0,0,0,0,0,"-","-","UNINCORPORATED","YUBA","CA",-121.20172,39.49939
"6216581",-121.4135426,39.2294556,2013,"5800","3","2","4","09",0,2,"A",,,,,,1500,9,"D","D","A","MARYSVILLE RD","RT 20",600,"N","N","2014-04-14",9285,"2013-09-17",1330,"014241",,"1","9","0","1",,"2","061","-","Y",,0,0,,,0,,,,"Y",3,"A","-",21804,"A","N","A","H","-","A","D","0","Y","D","22",0,0,2,0,0,0,0,0,0,"-","-","UNINCORPORATED","YUBA","CA",-121.41372,39.22879
"6214498",-121.5521163,39.1041511,2013,"5800","3","4","3","08",0,1,"A",,,,,,1800,9,"E","I","A","RT 70","ERLE RD",343,"N","N","2014-04-14",9285,"2013-09-19",1532,"19144",,"2","9","0","1",,"1","020","-","Y","YUB",3,70,"-","R",10.23,"H","-","E","Y",1,"A","-",22107,,"N","A","H","-","A","D","1","Y","D","22",0,1,0,0,0,0,0,0,0,"-","-","UNINCORPORATED","YUBA","CA",-121.55989,39.11403
"6212726",-121.3203535,39.3816508,2013,"5800","4","6","3","01",0,1,"A",,,,,,1800,8,"E","J","A","WILLOW GLEN RD","SKY GLEN DR",1056,"N","N","2014-03-27",9285,"2013-08-31",1545,"017393",,"2","9","0","2",,"2","081","-","N",,0,0,,,0,,,,"Y",1,"A","-",23152,"A","N","A","H","-","A","D","0","Y","A","01",0,1,0,0,0,0,0,0,0,"-","-","UNINCORPORATED","YUBA","CA",-121.16168,39.40309
"6212720",-121.5979731,39.1384751,2013,"5801","0","6","3","11",0,1,"A","Y",,,,"Y",300,8,"G","B","D","J ST","4TH ST",0,,"Y","2014-03-28",5801,"2013-08-24",32,"316","5801","5","3","0","0",,"0",,"-","N",,0,0,,,0,,,,"N",2,"A","-",21954,"A","N","A","H","-","C","A","0","Y","N","60",0,1,0,0,1,0,0,0,0,"-","-","MARYSVILLE","YUBA","CA",0,0
"6206104",-121.5710738,39.183753,2013,"5800","5","5","3","01",0,1,"A",,,,,"Y",2400,9,"E","I","A","JACK SLOUGH RD","KIMBALL LN",1584,"N","N","2014-04-04",9285,"2013-09-13",2220,"018632",,"3","9","0","3",,"2","006","-","N",,0,0,,,0,,,,"Y",1,"A","-",23152,"A","N","A","H","-","D","D","0","Y","A","01",0,1,0,0,0,0,0,0,0,"-","-","UNINCORPORATED","YUBA","CA",-121.57108,39.1839
"6205705",0,0,2013,"5800","5","7","2","01",0,1,"B",,,"Y",,"Y",1800,9,"F","A","A","LA PORTE RD","SCALE RD",4752,"N","N","2014-04-02",9285,"2013-09-01",1620,"019168",,"2","9","0","3",,"2","008","-","N",,0,0,,,0,,,,"Y",1,"A","-",23152,"A","N","A","H","-","A","D","0","Y","C","02",1,0,0,0,0,0,0,0,1,"-","-","UNINCORPORATED","YUBA","CA",-121.07645,39.60199
"6205701",-121.5550371,39.127629,2013,"5800","4","2","3","08",0,1,"A",,"Y",,,,900,9,"H","A","A","NORTH BEALE RD","HAMMONTON SMARTVILLE RD",155,"E","N","2014-04-03",9285,"2013-09-03",855,"018981",,"1","9","0","2",,"1","041","-","N",,0,0,,,0,,,,"N",2,"A","-",22107,,"N","A","H","-","A","D","0","Y","A","07",0,1,0,0,0,0,1,0,0,"-","-","UNINCORPORATED","YUBA","CA",-121.55506,39.12769
"6205320",-121.1450351,39.3804994,2013,"5800","4","5","3","03",0,2,"A",,,,,,1800,7,"E","I","A","MARYSVILLE RD","OREGON HILL RD",7392,"E","N","2014-03-17",9285,"2013-07-19",1520,"017393",,"2","9","0","2",,"2","081","-","N",,0,0,,,0,,,,"Y",1,"A","-",22350,,"N","A","H","-","A","D","0","Y","A","07",0,1,1,0,0,0,0,0,0,"-","-","UNINCORPORATED","YUBA","CA",-121.14516,39.38027
"6205280",-121.5109033,39.2311528,2013,"5800","3","2","4","03",0,1,"A",,,,,,1200,9,"E","I","A","LOMA RICA RD","LAS QUINTAS WY",2112,"S","N","2014-04-14",9285,"2013-09-24",1100,"014241",,"1","9","0","1",,"2","061","-","N",,0,0,,,0,,,,"Y",1,"A","-",22350,,"N","A","H","-","A","D","0","Y","D","22",0,0,1,0,0,0,0,0,0,"-","-","UNINCORPORATED","YUBA","CA",-121.50754,39.23625
"6202544",-121.5608087,39.0940356,2013,"5800","4","1","3","01",0,1,"-",,"Y",,,"Y",2100,9,"F","-","A","ARBOGA RD","7TH AV",528,"S","N","2014-04-03",9285,"2013-09-02",1825,"017534",,"2","9","0","2",,"1","022","-","N",,0,0,,,0,,,,"N",1,"A","-",21200,"5","N","A","H","-","A","D","0","Y","L","04",0,1,0,0,0,0,1,0,0,"-","-","UNINCORPORATED","YUBA","CA",-121.56078,39.09338
"6202540",-121.5476826,39.0546118,2013,"5800","5","6","2","03",0,1,"A",,,"Y",,,1500,9,"F","A","A","PLUMAS ARBOGA RD","PLUMAS ST",425,"N","N","2014-04-03",9285,"2013-09-07",1225,"018107",,"1","9","0","3",,"2","002","-","N",,0,0,,,0,,,,"N",1,"A","-",22350,,"N","A","H","-","A","A","0","Y","C","02",1,0,0,0,0,0,0,0,1,"-","-","UNINCORPORATED","YUBA","CA",0,0
"6202536",-121.5761357,39.1253312,2013,"5800","4","5","4","09",0,1,"A",,,,,,1800,9,"D","C","A","FEATHER RIVER BL","NORTH BEALE RD",150,"W","N","2014-04-03",9285,"2013-09-06",1533,"019144",,"2","9","0","2",,"1","021","-","N",,0,0,,,0,,,,"Y",2,"A","-",21801,"A","N","A","H","-","A","D","0","Y","A","07",0,0,1,0,0,0,0,0,0,"-","-","UNINCORPORATED","YUBA","CA",-121.5762,39.12517
"6201930",-121.4852889,39.2697063,2013,"5800","5","6","3","01",0,1,"A",,,,,"Y",2100,9,"A","C","A","LOMA RICA RD","LAS QUINTAS WY",13728,"N","N","2014-04-07",9285,"2013-09-07",1819,"014306",,"2","9","0","3",,"2","008","-","N",,0,0,,,0,,,,"Y",2,"A","-",23152,"A","N","A","H","-","A","D","0","Y","A","01",0,1,0,0,0,0,0,0,0,"-","-","UNINCORPORATED","YUBA","CA",-121.48064,39.27642
"6201926",-121.5714632,39.1179651,2013,"5800","5","5","3","09",0,1,"A",,,"Y",,,1200,9,"D","C","A","GRAND AV","ARBOGA RD",0,,"Y","2014-04-07",9285,"2013-09-06",1058,"019168",,"1","9","0","3",,"2","002","-","N",,0,0,,,0,,,,"N",2,"A","-",21802,"A","N","A","H","-","A","A","0","Y","D","22",0,1,0,0,0,0,0,0,1,"-","-","UNINCORPORATED","YUBA","CA",-121.5716,39.11799
"6200727",-121.5543032,39.115565,2013,"5800","5","4","3","12",0,1,"A",,"Y",,,,2100,8,"D","G","A","EDGEWATER CIR","RUPERT AV",0,,"Y","2014-04-03",9285,"2013-08-29",2014,"018340",,"2","9","0","3",,"2","004","-","N",,0,0,,,0,,,,"N",2,"A","-",22450,"A","N","A","H","-","D","A","0","Y","L","04",0,1,0,0,0,0,1,0,0,"-","-","UNINCORPORATED","YUBA","CA",-121.55445,39.11564
"6199518",-121.5128732,39.2132552,2013,"5800","4","6","4","09",0,1,"A",,,,,,1800,7,"D","C","A","RT 20","WOODRUFF LN",0,,"Y","2014-03-17",9285,"2013-07-20",1700,"018107",,"2","9","0","2",,"2","062","-","Y","YUB",3,20,"-","R",7.762,"I","5","W","Y",2,"A","-",21801,"A","N","A","H","-","A","A","0","Y","A","08",0,0,1,0,0,0,0,0,0,"-","-","UNINCORPORATED","YUBA","CA",-121.5128,39.2132
"6199514",-121.1966227,39.4480286,2013,"5800","5","6","3","01",0,1,"A",,,,,"Y",1800,7,"E","I","A","OREGON HILL RD","FOUNTAIN HOUSE RD",414,"W","N","2014-03-17",9285,"2013-07-20",1715,"017393",,"2","9","0","3",,"2","008","-","N",,0,0,,,0,,,,"N",1,"A","-",23152,"A","M","A","H","-","A","D","0","Y","A","01",0,1,0,0,0,0,0,0,0,"-","-","UNINCORPORATED","YUBA","CA",-121.19625,39.44772
"6199510",0,0,2013,"5800","5","7","2","08",0,1,"A",,,"Y",,,2100,7,"E","I","A","LAKE FRANCES RD","MARYSVILLE RD",3696,"S","N","2014-03-17",9285,"2013-07-21",2030,"018522",,"2","9","0","3",,"2","008","-","N",,0,0,,,0,,,,"N",1,"A","-",22107,,"N","A","H","-","B","D","0","Y","C","02",1,0,0,0,0,0,0,0,1,"-","-","UNINCORPORATED","YUBA","CA",-121.20191,39.366
"6199506",-121.3693574,39.3121067,2013,"5800","3","2","4","05",0,1,"A",,,,,,1800,7,"C","C","A","MARYSVILLE RD","PEORIA RD",5280,"N","N","2014-03-17",9285,"2013-07-23",1515,"018981",,"2","9","0","1",,"2","061","-","N",,0,0,,,0,,,,"Y",2,"A","-",21752,"D","N","A","H","-","A","D","0","Y","A","01",0,0,1,0,0,0,0,0,0,"-","-","UNINCORPORATED","YUBA","CA",-121.36975,39.3107
"6197983",-121.4716232,39.0406752,2013,"5800","4","2","4","09",0,2,"B",,,,,,1800,8,"D","C","A","RT 65","BEALE RD",0,,"Y","2014-04-02",9285,"2013-08-20",1550,"015976",,"2","9","0","2",,"2","025","-","Y","YUB",3,65,"-","-",4.099,"I","5","N","Y",3,"A","-",21801,"A","N","A","H","-","A","A","1","Y","A","01",0,0,2,0,0,0,0,0,0,"-","-","UNINCORPORATED","YUBA","CA",-121.47179,39.04098
"6197975",-121.4311344,39.0716989,2013,"5800","5","3","4","08",0,1,"A",,,,,,1200,8,"E","I","A","OSTROM RD","BRADSHAW RD",10560,"E","N","2014-04-02",9285,"2013-08-28",950,"018981",,"1","9","0","3",,"2","002","-","N",,0,0,,,0,,,,"Y",1,"A","-",22107,,"N","A","H","-","A","D","0","Y","D","22",0,0,1,0,0,0,0,0,0,"-","-","UNINCORPORATED","YUBA","CA",-121.45788,39.07143
"6197967",-121.5952331,39.3041117,2013,"5800","3","7","3","01",0,1,"A",,,,,"Y",2100,9,"F","A","A","OLD STATE HIGHWAY","RT 70",0,,"Y","2014-04-02",9285,"2013-09-08",2015,"017534",,"2","9","0","1",,"1","060","-","Y","YUB",3,70,"-","-",25.485,"I","5","E","Y",1,"A","-",23152,"A","N","A","H","-","D","A","0","Y","D","22",0,1,0,0,0,0,0,0,0,"-","-","UNINCORPORATED","YUBA","CA",-121.59513,39.3022
"6197144",-121.5944785,39.1454682,2013,"5801","0","4","4","03",0,1,"A",,,,,,1200,8,"C","C","A","G ST","RT 20",0,,"Y","2014-04-01",5801,"2013-08-22",1059,"391",,"5","3","0","0",,"0",,"-","Y","YUB",3,20,"-","-",0.75,"I","5","E","N",2,"A","-",22350,,"N","A","H","-","A","A","0","Y","A","07",0,0,1,0,0,0,0,0,0,"-","-","MARYSVILLE","YUBA","CA",0,0
"6187856",-121.551659,39.0937422,2013,"5800","4","1","3","11",0,1,"A","Y",,,,,1500,8,"G","B","D","OLIVEHURST AV","8TH AV",101,"N","N","2014-03-28",9285,"2013-08-26",1435,"17118",,"2","9","0","2",,"1","022","-","N",,0,0,,,0,,,,"N",2,"A","-",21954,"A","N","A","H","-","A","D","0","Y","N","60",0,1,0,0,1,0,0,0,0,"-","-","UNINCORPORATED","YUBA","CA",-121.55173,39.09365
"6187852",-121.5510432,39.1277251,2013,"5800","5","1","3","01",0,1,"A",,,,,"Y",2400,8,"E","I","A","WIGET AV","NORTH BEALE RD",0,,"Y","2014-03-27",9285,"2013-08-26",2200,"14306",,"3","9","0","3",,"2","004","-","N",,0,0,,,0,,,,"Y",1,"A","-",23152,"A","N","A","H","-","C","A","0","Y","A","01",0,1,0,0,0,0,0,0,0,"-","-","UNINCORPORATED","YUBA","CA",-121.33041,39.07398
"6187848",-121.5516388,39.12771,2013,"5800","4","2","4","11",0,1,"A","Y",,,,,1800,8,"G","B","D","NORTH BEALE RD","WIGET AV",169,"W","N","2014-03-28",9285,"2013-08-20",1600,"17534",,"2","9","0","2",,"1","041","-","N",,0,0,,,0,,,,"N",2,"A","-",21954,"A","F","A","H","-","A","D","0","Y","N","60",0,0,1,0,1,0,0,0,0,"-","-","UNINCORPORATED","YUBA","CA",-121.55167,39.12784
"6187844",-121.5996008,39.2454177,2013,"5800","3","4","3","01",0,1,"A",,,,,"Y",2400,8,"F","I","A","RT 70","MAGNOLIA LN",2693,"N","N","2014-03-27",9285,"2013-08-15",2330,"18475",,"3","9","0","1",,"1","060","-","Y","YUB",3,70,"-","-",21.46,"H","-","W","Y",1,"A","-",23152,"A","N","A","H","-","D","A","0","Y","A","01",0,1,0,0,0,0,0,0,0,"-","-","UNINCORPORATED","YUBA","CA",-121.59963,39.24386
"6184554",-121.5572698,39.1121595,2013,"5800","4","2","3","08",0,1,"A",,,,,,600,8,"E","I","A","LINDHURST AV","ERLE RD",528,"S","N","2014-03-26",9285,"2013-08-20",318,"16968",,"3","9","0","2",,"1","022","-","N",,0,0,,,0,,,,"Y",1,"A","-",22107,,"N","A","H","-","C","D","0","Y","A","08",0,1,0,0,0,0,0,0,0,"-","-","UNINCORPORATED","YUBA","CA",-121.55657,39.11172
"6184550",-121.5306431,39.1281551,2013,"5800","4","5","2","09",0,1,"-",,,"Y",,,1800,8,"B","C","A","NORTH BEALE RD","ALBERTA AV",0,,"Y","2014-03-26",9285,"2013-08-16",1740,"18107",,"2","9","0","2",,"1","041","-","N",,0,0,,,0,,,,"Y",2,"A","-",21802,"A","N","A","H","-","A","A","0","Y","A","07",1,0,0,0,0,0,0,0,1,"-","-","UNINCORPORATED","YUBA","CA",-121.53067,39.1284
"6184546",-121.5008202,39.0556657,2013,"5800","4","5","4","08",0,1,"A",,,,,,900,8,"F","I","A","RT 65","RANCHO RD",8976,"N","N","2014-03-26",9285,"2013-08-16",620,"14825",,"1","9","0","2",,"2","025","-","Y","YUB",3,65,"-","R",5.95,"H","-","S","Y",1,"A","-",22107,,"N","A","H","-","A","D","1","Y","A","07",0,0,1,0,0,0,0,0,0,"-","-","UNINCORPORATED","YUBA","CA",-121.49545,39.0519
"6184326",-121.5547023,39.1276375,2013,"5800","4","3","4","09",0,2,"A",,,,,,1500,8,"D","C","A","NORTH BEALE RD","HAMMONTON SMARTVILLE RD",250,"E","N","2014-03-19",9285,"2013-08-21",1220,"018981",,"1","9","0","2",,"1","041","-","N",,0,0,,,0,,,,"Y",2,"A","-",21804,"A","N","A","H","-","A","D","0","Y","A","01",0,0,2,0,0,0,0,0,0,"-","-","UNINCORPORATED","YUBA","CA",-121.55474,39.12766
"6181213",0,0,2013,"5802","0","5","2","09",0,1,"A",,,"Y",,,1800,8,"B","C","A","SPENCEVILLE RD","MCCURRY STREET",0,,"Y","2014-03-27",5802,"2013-08-02",1733,"606",,"5","1","0","0",,"0",,"-","N",,0,0,,,0,,,,"Y",2,"A","-",21801,"A","N","A","H","-","A","D","0","Y","C","06",1,0,0,0,0,0,0,0,1,"-","-","WHEATLAND","YUBA","CA",0,0
"6180879",-121.5517832,39.089845,2013,"5800","4","6","3","05",0,1,"A",,"Y",,,,2400,8,"A","G","A","OLIVEHURST AV","10TH AV",0,,"Y","2014-03-24",9285,"2013-08-03",2135,"18475",,"2","9","0","2",,"1","022","-","N",,0,0,,,0,,,,"N",2,"A","-",21650,,"N","A","H","-","D","A","0","Y","L","04",0,1,0,0,0,0,1,0,0,"-","-","UNINCORPORATED","YUBA","CA",-121.55186,39.08987