"CASEID","POINT_X","POINT_Y","YEAR_","LOCATION","CHPTYPE","DAYWEEK","CRASHSEV","VIOLCAT","KILLED","INJURED","WEATHER1","PEDCOL","BICCOL","MCCOL","TRUCKCOL","ETOH","TIMECAT","MONTH_","CRASHTYP","INVOLVE","PED","PRIMARYRD","SECONDRD","DISTANCE","DIRECT","INTERSECT_","PROCDATE","JURIS","DATE_","TIME_","BADGE","JURIDIST","SHIFT","POP","SPECIAL","BEATTYPE","LAPDDIV","BEATCLAS","BEATNUMB","WEATHER2","STATEHW","CALTRANC","CALTRAND","STROUTE","ROUTESUF","POSTPRE","POSTMILE","LOCATYPE","RAMP","SIDEHW","TOWAWAY","PARTIES","PCF","VIOLCODE","VIOL","VIOLSUB","HITRUN","ROADSURF","RDCOND1","RDCOND2","LIGHTING","RIGHTWAY","CHPRDTYP","NOTPRIV","STFAULT","CHPFAULT","SEVINJ","OTHERINJ","COP","PEDKILL","PEDINJ","BICKILL","BICINJ","MCKILL","MCINJURE","RAMP1","RAMP2","CITY","COUNTY","STATE","X_CHP","Y_CHP"
"6180820",-121.3219854,39.2156653,2013,"5800","3","4","4","05",0,1,"A",,,,,,1200,8,"B","C","A","RT 70","NOBLE RD",62,"N","N","2014-03-24",9285,"2013-08-08",915,"19144",,"1","9","0","1",,"1","060","-","Y","YUB",3,20,"-","-",18.94,"H","-","W","Y",2,"A","-",21460,"A","N","A","H","-","A","D","0","Y","A","01",0,0,1,0,0,0,0,0,0,"-","-","UNINCORPORATED","YUBA","CA",-121.3534,39.1232
"6180816",-121.5435261,38.9990213,2013,"5800","3","7","3","01",0,1,"A",,,,,"Y",2100,8,"F","I","A","RT 70","PLUMAS ARBOGA RD",10560,"S","N","2014-03-24",9285,"2013-08-04",2030,"18475",,"2","9","0","1",,"1","020","-","Y","YUB",3,70,"-","R",1.96,"H","-","W","Y",1,"A","-",23152,"A","N","A","H","-","D","A","0","Y","A","01",0,1,0,0,0,0,0,0,0,"-","-","UNINCORPORATED","YUBA","CA",-121.54312,38.9937
"6180812",-121.5757932,39.125645,2013,"5800","4","2","4","09",0,1,"A",,,"Y",,,600,8,"A","C","A","FEATHER RIVER BL","NORTH BEALE RD",0,,"Y","2014-03-24",9285,"2013-08-06",500,"16968",,"3","9","0","2",,"1","041","-","N",,0,0,,,0,,,,"N",2,"A","-",21801,"A","N","A","H","-","C","A","0","Y","A","01",0,0,1,0,0,0,0,0,1,"-","-","UNINCORPORATED","YUBA","CA",-121.57576,39.12589
"6180808",-121.5589083,39.0525486,2013,"5800","4","3","2","01",0,1,"A",,,,,"Y",600,8,"E","I","A","ARBOGA RD","PLUMAS ARBOGA RD",1030,"S","N","2014-03-24",9285,"2013-08-07",345,"16343",,"3","9","0","2",,"1","022","-","N",,0,0,,,0,,,,"Y",1,"A","-",23152,"A","N","A","H","-","D","A","0","Y","A","01",1,0,0,0,0,0,0,0,0,"-","-","UNINCORPORATED","YUBA","CA",-121.33404,39.03283
"6180807",0,0,2013,"5800","5","6","2","-",0,2,"A",,,,,"Y",2400,8,"E","I","A","PLUMAS ARBOGA RD","ARBOGA RD",3432,"E","N","2014-03-24",9285,"2013-08-10",2300,"14306",,"3","9","0","3",,"2","002","-","N",,0,0,,,0,,,,"Y",1,"A","-",0,,"N","A","H","-","D","D","0","Y","A","07",1,0,1,0,0,0,0,0,0,"-","-","UNINCORPORATED","YUBA","CA",-121.54773,39.05542
"6180804",-121.2491651,39.3845088,2013,"5800","5","6","3","09",0,1,"A",,,"Y",,,1800,8,"D","C","A","FRENCHTOWN DOBBINS RD","LA PLACE LN",604,"W","N","2014-03-24",9285,"2013-08-03",1555,"17393",,"2","9","0","3",,"2","008","-","N",,0,0,,,0,,,,"Y",2,"A","-",21804,"B","N","A","H","-","A","D","0","Y","C","02",0,1,0,0,0,0,0,0,1,"-","-","UNINCORPORATED","YUBA","CA",-121.14887,39.2308
"6180803",0,0,2013,"5800","3","6","2","01",0,1,"A",,,,,"Y",300,8,"E","I","A","LOMA RICA RD","LOOP RD",528,"N","N","2014-03-24",9285,"2013-08-10",10,"18522",,"3","9","0","1",,"2","061","-","N",,0,0,,,0,,,,"Y",1,"A","-",23152,"A","N","A","H","-","D","D","0","Y","A","01",1,0,0,0,0,0,0,0,0,"-","-","UNINCORPORATED","YUBA","CA",-121.4127,39.31398
"6175352",-121.5928731,39.145725,2013,"5801","0","3","4","08",0,1,"A",,,,,,900,8,"A","J","A","10TH ST","F ST",0,,"Y","2014-03-28",5801,"2013-08-07",838,"SAM4","YUBA","5","3","0","0",,"0","5801","-","Y",,0,0,,,0,,,,"Y",1,"A","-",22101,"D","N","A","A","-","A","A","0","Y","A","01",0,0,1,0,0,0,0,0,0,"-","-","MARYSVILLE","YUBA","CA",0,0
"6166042",-121.5858532,39.1394451,2013,"5801","0","3","4","09",0,2,"A",,,,,,1200,7,"D","C","A","B ST","4TH ST",0,,"Y","2014-03-20",5801,"2013-07-17",1107,"391",,"5","3","0","0",,"0",,"-","N",,0,0,,,0,,,,"Y",2,"A","-",21801,"A","N","A","H","-","A","D","0","Y","A","01",0,0,2,0,0,0,0,0,0,"-","-","MARYSVILLE","YUBA","CA",0,0
"6164199",-121.5151625,39.0504266,2013,"5800","5","4","3","01",0,5,"A",,,,,"Y",300,8,"D","C","A","FORTY MILE RD","RT 65",5280,"W","N","2014-04-01",9285,"2013-08-01",51,"016968",,"3","9","0","3",,"2","002","-","N",,0,0,,,0,,,,"Y",2,"A","-",23152,"A","N","A","H","-","D","D","0","Y","A","01",0,2,3,0,0,0,0,0,0,"-","-","UNINCORPORATED","YUBA","CA",-121.51501,39.04839
"6163720",-121.5568232,39.1275751,2013,"5800","4","2","3","05",0,1,"A",,"Y",,,,1500,8,"H","G","A","NORTH BEALE RD","ALPINE WY",0,,"Y","2014-03-27",9285,"2013-08-06",1300,"17118",,"1","9","0","2",,"1","041","-","N",,0,0,,,0,,,,"N",2,"A","-",21202,"A","N","A","H","-","A","A","0","Y","L","04",0,1,0,0,0,0,1,0,0,"-","-","UNINCORPORATED","YUBA","CA",-121.557,39.12766
"6158345",0,0,2013,"5800","4","4","3","08",0,1,"A",,,,,,1500,7,"E","J","A","LA PORTE RD","STRAWBERRY VALLEY FIRE STATION",3168,"E","N","2013-08-27",9285,"2013-07-25",1410,"017393",,"2","9","0","2",,"2","083","-","N",,0,0,,,0,,,,"Y",1,"A","-",22107,,"N","A","H","-","A","D","0","Y","J","48",0,1,0,0,0,0,0,0,0,"-","-","UNINCORPORATED","YUBA","CA",-121.09611,39.58021
"6157881",-121.5647689,39.1395168,2013,"5800","5","7","4","09",0,2,"A",,,,,,1500,7,"D","C","A","SIMPSON LN","BABBINGTON RD",1584,"E","N","2014-03-17",9285,"2013-07-14",1255,"015976",,"1","9","0","3",,"2","004","-","N",,0,0,,,0,,,,"N",2,"A","-",21804,"A","N","A","H","-","A","A","0","Y","A","01",0,0,2,0,0,0,0,0,0,"-","-","UNINCORPORATED","YUBA","CA",-121.55957,39.13831
"6157841",-121.5952769,39.2808056,2013,"5800","3","3","4","08",0,1,"A",,,,,,2100,7,"E","I","A","RT 70","RAMIREZ RD",5280,"N","N","2014-03-17",9285,"2013-07-10",1915,"018522",,"2","9","0","1",,"1","060","-","Y","YUB",3,70,"-","-",23.89,"H","-","W","Y",1,"A","-",22107,,"N","A","H","-","A","D","0","Y","A","01",0,0,1,0,0,0,0,0,0,"-","-","UNINCORPORATED","YUBA","CA",-121.59549,39.27916
"6157588",-121.5538784,39.1133385,2013,"5800","5","1","3","03",0,1,"A",,,,,,1800,7,"C","C","A","ERLE RD","EDGEWATER CIR",95,"E","N","2014-03-17",9285,"2013-07-15",1725,"18981",,"2","9","0","3",,"2","004","-","N",,0,0,,,0,,,,"Y",2,"A","-",22350,,"N","A","H","-","A","D","0","Y","D","22",0,1,0,0,0,0,0,0,0,"-","-","UNINCORPORATED","YUBA","CA",-121.55355,39.11328
"6157535",-121.5969829,39.2663868,2013,"5800","3","2","2","09",0,3,"A",,,,,,1200,7,"D","C","A","RT 70","RAMIREZ RD",13,"N","N","2014-03-17",9285,"2013-07-09",1040,"18981",,"1","9","0","1",,"1","060","-","Y","YUB",3,70,"-","-",22.9,"H","-","W","Y",2,"A","-",21802,"A","N","A","H","-","A","D","0","Y","A","01",1,1,1,0,0,0,0,0,0,"-","-","UNINCORPORATED","YUBA","CA",-121.59738,39.26418
"6152775",-121.2550215,39.4780762,2013,"5800","4","7","4","16",0,1,"A",,,,,,1200,7,"E","J","A","LA PORTE RD","NEW YORK FLAT RD",2640,"N","N","2014-03-22",9285,"2013-07-21",1045,"019168",,"1","9","0","2",,"2","082","-","N",,0,0,,,0,,,,"Y",2,"A","-",24002,"A","N","A","H","-","A","D","0","Y","B","07",0,0,1,0,0,0,0,0,0,"-","-","UNINCORPORATED","YUBA","CA",-121.24785,38.48158
"6147461",-121.5955124,39.2777379,2013,"5800","3","2","4","08",0,1,"A",,,,,,1500,7,"E","I","A","RT 70","RAMIREZ RD",36960,"N","N","2014-03-14",9285,"2013-07-09",1355,"15976",,"1","9","0","1",,"1","060","-","Y","YUB",3,70,"-","-",23.68,"H","-","E","Y",1,"A","-",22107,,"N","A","H","-","A","D","0","Y","A","01",0,0,1,0,0,0,0,0,0,"-","-","UNINCORPORATED","YUBA","CA",-121.59571,39.2758
"6147453",-121.5444389,39.1278911,2013,"5800","4","4","3","08",0,3,"A",,,,,,1800,7,"E","I","A","BEALE RD","WOODLAND DR",58,"E","N","2014-03-14",9285,"2013-07-11",1555,"18632",,"2","9","0","2",,"1","041","-","N",,0,0,,,0,,,,"Y",1,"A","-",22107,,"N","A","H","-","A","D","0","Y","A","01",0,2,1,0,0,0,0,0,0,"-","-","UNINCORPORATED","YUBA","CA",-121.54424,39.12806
"6140241",0,0,2013,"5800","3","6","4","01",0,1,"A",,,,,"Y",2400,6,"F","I","A","MARYSVILLE RD","LEANNE WY",2112,"S","N","2014-03-07",9285,"2013-06-29",2140,"18632",,"2","9","0","1",,"2","061","-","N",,0,0,,,0,,,,"Y",1,"A","-",23152,"A","N","A","H","-","D","D","0","Y","A","01",0,0,1,0,0,0,0,0,0,"-","-","UNINCORPORATED","YUBA","CA",-121.32853,39.3504
"6140135",-121.5415832,39.0657252,2013,"5800","3","4","4","01",0,1,"A",,,,,,1800,7,"E","I","A","RT 70","MCGOWAN PKWY",3168,"S","N","2014-03-14",9285,"2013-07-04",1710,"018107",,"2","9","0","1",,"1","020","-","Y","YUB",3,70,"-","R",6.62,"H","-","W","Y",1,"A","-",23152,"A","N","A","H","-","A","A","0","Y","M","47",0,0,1,0,0,0,0,0,0,"-","-","UNINCORPORATED","YUBA","CA",-121.54118,39.06652
"6140123",-121.4163034,39.2272848,2013,"5800","4","6","4","18",0,2,"A",,,"Y",,,2400,7,"H","H","A","RT 20","MARYSVILLE RD",600,"W","N","2014-03-14",9285,"2013-07-13",2150,"014306",,"2","9","0","2",,"2","062","-","Y","YUB",3,20,"-","-",13.16,"H","-","W","Y",1,"C","-",0,,"N","A","H","-","D","D","0","Y","-","-",0,0,2,0,0,0,0,0,2,"-","-","UNINCORPORATED","YUBA","CA",-121.41886,39.22697
"6139920",-121.4447213,39.0222773,2013,"5800","4","3","4","03",0,2,"A",,,,,,1800,6,"C","C","A","RT 65","DRY CREEK LEVEE RD",48,"S","N","2014-03-03",9285,"2013-06-19",1710,"17889",,"2","9","0","2",,"2","025","-","Y","YUB",3,65,"-","-",2.17,"H","-","N","Y",2,"A","-",22350,,"N","A","H","-","A","D","1","Y","A","01",0,0,2,0,0,0,0,0,0,"-","-","UNINCORPORATED","YUBA","CA",-121.44493,39.02231
"6139912",0,0,2013,"5800","5","1","4","08",0,1,"B",,,,,,2400,6,"E","I","A","GROVE AV","OAK PARK DR",123,"S","N","2014-03-03",9285,"2013-06-24",2322,"17080",,"3","9","0","3",,"2","004","-","N",,0,0,,,0,,,,"N",1,"A","-",22107,,"N","B","H","-","C","D","0","Y","A","01",0,0,1,0,0,0,0,0,0,"-","-","UNINCORPORATED","YUBA","CA",-121.25542,39.12086
"6139904",-121.5790131,39.0548551,2013,"5800","4","4","3","09",0,2,"A",,,,,,1200,6,"F","C","A","FEATHER RIVER BL","PLUMAS AV",0,,"Y","2014-03-03",9285,"2013-06-27",1040,"14825",,"1","9","0","2",,"1","021","-","N",,0,0,,,0,,,,"Y",2,"A","-",21801,"A","N","A","H","-","A","D","0","Y","A","01",0,1,1,0,0,0,0,0,0,"-","-","UNINCORPORATED","YUBA","CA",0,0
"6139856",-121.332608,39.3454285,2013,"5800","5","6","4","08",0,1,"A",,,,,,600,6,"F","I","A","MARYSVILLE RD","COLLINS LAKE RD",1200,"N","N","2014-03-03",9285,"2013-06-22",520,"13174",,"3","9","0","3",,"2","008","-","N",,0,0,,,0,,,,"Y",1,"A","-",22107,,"N","A","H","-","A","D","0","Y","A","08",0,0,1,0,0,0,0,0,0,"-","-","UNINCORPORATED","YUBA","CA",0,0
"6139302",0,0,2013,"5800","5","2","3","08",0,1,"A",,,,,,1500,6,"F","A","A","HAMMONTON RD","HAMMONTON SMARTVILLE RD",23760,"N","N","2014-09-16",9285,"2013-06-18",1300,"18107",,"1","9","0","3",,"2","004","-","N",,0,0,,,0,,,,"Y",1,"A","-",22107,,"N","A","A","B","A","D","0","Y","A","01",0,1,0,0,0,0,0,0,0,"-","-","UNINCORPORATED","YUBA","CA",-121.42811,39.18706
"6138996",-121.5497257,39.0934137,2013,"5800","5","1","3","03",0,1,"A","Y",,,,,1800,6,"G","B","E","8TH AV","OLIVEHURST AV",553,"E","N","2014-03-07",9285,"2013-06-17",1731,"017118",,"2","9","0","3",,"2","002","-","N",,0,0,,,0,,,,"N",2,"A","-",22350,,"N","B","H","-","A","D","0","Y","E","22",0,1,0,0,1,0,0,0,0,"-","-","UNINCORPORATED","YUBA","CA",-121.54949,39.09348
"6138976",0,0,2013,"5800","5","5","2","09",0,1,"A",,,"Y",,,1500,6,"D","C","A","RANCHO RD","OSTROM RD",0,,"Y","2014-03-07",9285,"2013-06-21",1450,"014306",,"2","9","0","3",,"2","002","-","N",,0,0,,,0,,,,"N",2,"A","-",21801,"A","N","A","H","-","A","A","0","Y","D","22",1,0,0,0,0,0,0,0,1,"-","-","UNINCORPORATED","YUBA","CA",-121.51211,39.06902
"6136566",-121.5913332,39.140135,2013,"5801","0","1","4","03",0,1,"C",,,,,,2400,6,"E","I","A","5TH ST","WILLOW ST",0,,"Y","2014-03-22",5801,"2013-06-24",2330,"301","MPD","5","3","0","0",,"0",,"-","N",,0,0,,,0,,,,"Y",1,"A","-",22350,,"N","B","H","-","C","D","0","Y","D","22",0,0,1,0,0,0,0,0,0,"-","-","MARYSVILLE","YUBA","CA",0,0
"6119989",-121.5860332,39.146215,2013,"5801","0","5","4","09",0,1,"A",,,,"Y",,1500,6,"D","C","A","10TH ST","CHESTNUT ST",0,,"Y","2014-04-03",5801,"2013-06-28",1335,"303","YUBAS","5","3","0","0",,"0","5801","-","N",,0,0,,,0,,,,"N",2,"A","-",21802,"A","N","A","C","-","A","D","0","Y","F","26",0,0,1,0,0,0,0,0,0,"-","-","MARYSVILLE","YUBA","CA",0,0
"6115625",-121.4132381,39.2300894,2013,"5800","3","7","4","03",0,3,"A",,,,,,900,5,"C","C","A","MARYSVILLE RD","STERN LN",1056,"S","N","2014-02-22",9285,"2013-05-19",815,"14241",,"1","9","0","1",,"2","061","-","N",,0,0,,,0,,,,"Y",2,"A","-",22350,,"N","A","H","-","A","D","0","Y","A","01",0,0,3,0,0,0,0,0,0,"-","-","UNINCORPORATED","YUBA","CA",-121.41248,39.23132
"6110675",-121.5576429,39.2188143,2013,"5800","5","7","2","01",0,1,"A",,,,,,1200,6,"E","I","A","WOODRUFF LN","JACK SLOUGH RD",1584,"N","N","2014-03-01",9285,"2013-06-02",1105,"014241",,"1","9","0","3",,"2","006","-","N",,0,0,,,0,,,,"Y",1,"A","-",23152,"A","N","A","H","-","A","D","0","Y","A","01",1,0,0,0,0,0,0,0,0,"-","-","UNINCORPORATED","YUBA","CA",-121.55758,39.21941
"6110674",-121.4012863,39.0242336,2013,"5800","5","1","4","08",0,1,"A",,,,,,2400,6,"E","I","A","SPENCEVILLE RD","JASPER LN",1056,"E","N","2014-03-01",9285,"2013-06-03",2115,"016968",,"2","9","0","3",,"2","002","-","N",,0,0,,,0,,,,"N",1,"A","-",22107,,"N","A","H","-","D","D","0","Y","A","01",0,0,1,0,0,0,0,0,0,"-","-","UNINCORPORATED","YUBA","CA",-121.40055,39.02487
"6110673",-121.5388932,39.265245,2013,"5800","5","3","4","08",0,1,"A",,"Y",,,,900,6,"B","C","A","RAMIREZ RD","MATHEWS LN",0,,"Y","2014-03-01",9285,"2013-06-05",820,"014241",,"1","9","0","3",,"2","006","-","N",,0,0,,,0,,,,"N",2,"A","-",22107,,"N","A","H","-","A","D","0","Y","L","04",0,0,1,0,0,0,1,0,0,"-","-","UNINCORPORATED","YUBA","CA",-121.53736,39.26563
"6110672",-121.5896557,39.1349231,2013,"5800","3","3","4","07",0,1,"A",,,,,,2100,6,"B","C","A","RT 70","FEATHER RIVER BL N",1056,"N","N","2014-03-01",9285,"2013-06-05",2015,"016968",,"2","9","0","1",,"1","020","-","Y","YUB",3,70,"-","-",13.94,"H","-","E","N",2,"A","-",21658,"A","N","A","H","-","A","D","4","Y","A","01",0,0,1,0,0,0,0,0,0,"-","-","UNINCORPORATED","YUBA","CA",-121.58929,39.13376
"6110671",-121.4161192,39.0056674,2013,"5800","4","3","4","08",0,1,"A",,,,,,2400,6,"E","I","A","RT 65","STATE ST",1056,"S","N","2014-03-01",9285,"2013-06-05",2230,"016986",,"3","9","0","2",,"2","025","-","Y","YUB",3,65,"-","R",0.23,"H","-","N","Y",1,"A","-",22107,,"N","A","H","-","D","D","0","Y","A","01",0,0,1,0,0,0,0,0,0,"-","-","UNINCORPORATED","YUBA","CA",-121.41537,39.00531
"6110670",-121.5261655,39.1962864,2013,"5800","4","3","4","03",0,1,"A",,,,,,2100,6,"C","C","A","RT 20","HALLWOOD BL",3696,"W","N","2014-03-04",9285,"2013-06-05",1922,"017393",,"2","9","0","2",,"2","062","-","Y","YUB",3,20,"-","-",6.32,"H","-","E","Y",2,"A","-",22350,,"N","A","H","-","A","D","0","Y","A","01",0,0,1,0,0,0,0,0,0,"-","-","UNINCORPORATED","YUBA","CA",-121.52583,39.19646
"6110669",-121.4391231,39.169065,2013,"5800","4","4","2","09",0,1,"A",,,,,,1800,6,"D","C","A","HAMMONTON SMARTVILLE RD","DOOLITTLE DR",0,,"Y","2014-03-04",9285,"2013-06-06",1520,"014825",,"2","9","0","2",,"1","042","-","N",,0,0,,,0,,,,"Y",2,"A","-",21802,"A","N","A","H","-","A","A","0","Y","A","08",1,0,0,0,0,0,0,0,0,"-","-","UNINCORPORATED","YUBA","CA",-121.43873,39.16907
"6110667",0,0,2013,"5800","3","1","3","03",0,1,"C",,,,,,1500,6,"E","I","A","LOMA RICA RD","PRAIRIE CREEK LN",212,"N","N","2014-03-04",9285,"2013-06-10",1225,"014241",,"1","9","0","1",,"2","061","-","N",,0,0,,,0,,,,"Y",1,"A","-",22350,,"N","B","H","-","A","D","0","Y","A","01",0,1,0,0,0,0,0,0,0,"-","-","UNINCORPORATED","YUBA","CA",-121.43614,39.30523
"6107617",0,0,2013,"5800","5","2","2","01",0,1,"A",,,"Y",,,2500,6,"F","A","A","ALGODON RD","PLUMAS LAKE BL",1063,"W","N","2014-03-07",9285,"2013-06-04",2500,"18107",,"4","9","0","3",,"2","002","-","N",,0,0,,,0,,,,"N",1,"A","-",23152,"A","N","A","H","-","D","D","0","Y","C","02",1,0,0,0,0,0,0,0,1,"-","-","UNINCORPORATED","YUBA","CA",-121.56128,39.01862
"6107613",-121.5448258,39.1353509,2013,"5800","4","2","4","03",0,1,"A",,,"Y",,,1500,6,"F","A","A","HAMMONTON SMARTVILLE RD","DUNNING AV",100,"W","N","2014-03-10",9285,"2013-06-04",1415,"15491",,"2","9","0","2",,"1","042","-","N",,0,0,,,0,,,,"N",1,"A","-",22350,,"N","A","H","-","A","D","0","Y","C","02",0,0,1,0,0,0,0,0,1,"-","-","UNINCORPORATED","YUBA","CA",-121.54528,39.13538
"6106270",-121.5793832,39.101435,2013,"5800","4","7","3","01",0,3,"A",,,,,"Y",600,4,"E","I","A","FEATHER RIVER BL","MYRNA AV",0,"S","N","2014-02-13",9285,"2013-04-28",400,"13174",,"3","9","0","2",,"1","021","-","N",,0,0,,,0,,,,"Y",1,"A","-",23152,"A","N","A","H","-","D","D","0","Y","A","07",0,3,0,0,0,0,0,0,0,"-","-","UNINCORPORATED","YUBA","CA",-121.57923,39.10138
"6103755",-121.5523131,39.133935,2013,"5800","4","6","2","09",0,2,"A",,,,,,900,6,"A","C","A","HAMMONTON SMARTVILLE RD","SIMPSON LN",0,,"Y","2014-03-07",9285,"2013-06-08",855,"015048",,"1","9","0","2",,"1","042","-","N",,0,0,,,0,,,,"Y",3,"A","-",21453,"C","N","A","H","-","A","A","0","Y","D","22",1,0,1,0,0,0,0,0,0,"-","-","UNINCORPORATED","YUBA","CA",-121.55209,39.13444
"6103751",-121.5861493,39.1300495,2013,"5800","3","2","2","08",0,1,"A",,,,,,900,6,"E","I","A","RT 70","FEATHER RIVER BL",1320,"N","N","2014-02-27",9285,"2013-06-04",805,"018107",,"1","9","0","1",,"1","020","-","Y","YUB",3,70,"-","-",13.5,"H","-","E","Y",1,"A","-",22107,,"N","A","H","-","A","D","4","Y","D","22",1,0,0,0,0,0,0,0,0,"TO","-","UNINCORPORATED","YUBA","CA",-121.58599,39.12971
"6103350",-121.5517546,39.1034421,2013,"5800","3","2","4","08",0,2,"A",,,,,,1800,5,"E","I","A","RT 70","OLIVEHURST AV",431,"N","N","2014-02-28",9285,"2013-05-14",1554,"014241",,"2","9","0","1",,"1","020","-","Y","YUB",3,70,"-","R",9.36,"H","-","W","Y",1,"A","-",22107,,"N","A","H","-","A","D","1","Y","A","01",0,0,2,0,0,0,0,0,0,"-","-","UNINCORPORATED","YUBA","CA",-121.5803,39.12726
"6102491",-121.3756532,39.2956351,2013,"5800","3","2","3","03",0,1,"A",,,,,,900,6,"B","C","A","MARYSVILLE RD","SHADOW LN",0,,"Y","2014-03-03",9285,"2013-06-04",800,"014241",,"1","9","0","1",,"2","061","-","N",,0,0,,,0,,,,"Y",2,"A","-",22350,,"N","A","H","-","A","D","0","Y","D","22",0,1,0,0,0,0,0,0,0,"-","-","UNINCORPORATED","YUBA","CA",-121.37596,39.29537
"6095861",0,0,2013,"5800","4","4","4","03",0,1,"B",,,,,,1800,5,"C","C","A","NORTH BEALE RD","WALMART CENTER",100,"S","N","2014-08-27",9285,"2013-05-02",1613,"15849",,"2","9","0","2",,"1","041","-","N",,0,0,,,0,,,,"N",4,"A","-",22350,,"M","A","H","-","A","D","0","Y","A","07",0,0,1,0,0,0,0,0,0,"-","-","UNINCORPORATED","YUBA","CA",0,0
"6095118",-121.543313,38.9775806,2013,"5800","3","3","4","03",0,1,"A",,,,,,1800,5,"C","C","A","RT 70","FEATHER RIVER BL",25,"S","N","2014-03-03",9285,"2013-05-08",1705,"15976",,"2","9","0","1",,"1","020","-","Y","YUB",3,70,"-","R",0.34,"H","-","E","Y",2,"A","-",22350,,"N","A","H","-","A","A","0","Y","D","22",0,0,1,0,0,0,0,0,0,"-","-","UNINCORPORATED","YUBA","CA",-121.55179,38.97583
"6089365",-121.5836059,39.1486899,2013,"5801","0","3","4","01",0,1,"A",,,,,"Y",1800,5,"C","C","A","RT 20","RUBEL ST",89,"W","N","2014-02-26",5801,"2013-05-22",1639,"391",,"5","3","0","0",,"0",,"-","Y","YUB",3,20,"-","-",1.66,"H","-","E","Y",3,"A","-",23152,"A","N","A","H","-","A","D","0","Y","D","22",0,0,1,0,0,0,0,0,0,"-","-","MARYSVILLE","YUBA","CA",0,0
"6088248",-121.5872679,39.1257424,2013,"5800","5","4","4","08",0,1,"A",,,"Y",,,2400,3,"E","J","A","RIVERSIDE DR","SYCAMORE AV",250,"S","N","2014-07-03",9285,"2013-03-21",2246,"18632",,"3","9","0","3",,"2","002","-","N",,0,0,,,0,,,,"Y",1,"A","-",22107,,"N","A","H","-","D","D","0","Y","C","02",0,0,1,0,0,0,0,0,1,"-","-","UNINCORPORATED","YUBA","CA",-121.58715,39.12543
"6088244",-121.5501437,39.1012999,2013,"5800","4","7","4","08",0,1,"C",,,,,,1800,3,"E","I","A","POWERLINE RD","OLIVEHURST AV",276,"S","N","2014-07-03",9285,"2013-03-31",1725,"18107",,"2","9","0","2",,"1","022","F","N",,0,0,,,0,,,,"Y",1,"A","-",22107,,"N","C","H","-","A","A","0","Y","A","01",0,0,1,0,0,0,0,0,0,"-","-","UNINCORPORATED","YUBA","CA",-121.54894,39.10104
"6075598",-121.4408853,39.0059986,2013,"5800","5","4","4","09",0,1,"A",,,,,,1800,4,"D","C","A","WHEATLAND RD","LEWIS RD",105,"W","N","2014-02-15",9285,"2013-04-25",1518,"15849",,"2","9","0","3",,"2","002","-","N",,0,0,,,0,,,,"Y",2,"A","-",21804,"A","N","A","H","-","A","D","0","Y","A","01",0,0,1,0,0,0,0,0,0,"-","-","UNINCORPORATED","YUBA","CA",0,0
"6075582",-121.5822418,39.1276651,2013,"5800","3","1","3","08",0,1,"A",,,,,,1800,4,"E","I","A","RT 70","FEATHER RIVER BL N",1056,"N","N","2014-02-15",9285,"2013-04-22",1745,"16968",,"2","9","0","1",,"1","020","-","Y","YUB",3,70,"-","-",13.2,"H","-","E","N",1,"A","-",22107,,"N","A","H","-","A","D","4","Y","A","01",0,1,0,0,0,0,0,0,0,"-","-","UNINCORPORATED","YUBA","CA",-121.58126,39.12714
"6075554",-121.529633,39.2753394,2013,"5800","5","7","3","08",0,2,"A",,,,,,300,4,"E","I","A","RAMIREZ RD","TANABE RD",3696,"N","N","2014-02-15",9285,"2013-04-07",119,"17080",,"3","9","0","3",,"2","006","-","N",,0,0,,,0,,,,"Y",1,"A","-",22107,,"N","A","H","-","D","D","0","Y","A","01",0,1,1,0,0,0,0,0,0,"-","-","UNINCORPORATED","YUBA","CA",-121.52914,39.27706
"6075399",-121.0823614,39.5842691,2013,"5800","4","2","3","08",0,1,"A",,,"Y",,,1800,4,"F","I","A","LA PORTE RD","SCALES RD",2112,"W","N","2014-02-19",9285,"2013-04-30",1510,"17393",,"2","9","0","2",,"2","082","-","N",,0,0,,,0,,,,"N",1,"A","-",22107,,"N","A","B","-","A","D","0","Y","C","02",0,1,0,0,0,0,0,0,1,"-","-","UNINCORPORATED","YUBA","CA",-121.08823,39.58453
"6072097",0,0,2013,"5800","5","5","2","08",0,2,"A",,,,,,1200,5,"F","A","A","CHUCK YEAGER RD","DAUGHTERY RD",528,"S","N","2014-02-21",9285,"2013-05-03",1020,"15849",,"1","9","0","3",,"2","004","-","N",,0,0,,,0,,,,"Y",1,"A","-",22107,,"N","A","H","-","A","D","0","Y","A","07",1,1,0,0,0,0,0,0,0,"-","-","UNINCORPORATED","YUBA","CA",-121.3047,39.18211