"CASEID","POINT_X","POINT_Y","YEAR_","LOCATION","CHPTYPE","DAYWEEK","CRASHSEV","VIOLCAT","KILLED","INJURED","WEATHER1","PEDCOL","BICCOL","MCCOL","TRUCKCOL","ETOH","TIMECAT","MONTH_","CRASHTYP","INVOLVE","PED","PRIMARYRD","SECONDRD","DISTANCE","DIRECT","INTERSECT_","PROCDATE","JURIS","DATE_","TIME_","BADGE","JURIDIST","SHIFT","POP","SPECIAL","BEATTYPE","LAPDDIV","BEATCLAS","BEATNUMB","WEATHER2","STATEHW","CALTRANC","CALTRAND","STROUTE","ROUTESUF","POSTPRE","POSTMILE","LOCATYPE","RAMP","SIDEHW","TOWAWAY","PARTIES","PCF","VIOLCODE","VIOL","VIOLSUB","HITRUN","ROADSURF","RDCOND1","RDCOND2","LIGHTING","RIGHTWAY","CHPRDTYP","NOTPRIV","STFAULT","CHPFAULT","SEVINJ","OTHERINJ","COP","PEDKILL","PEDINJ","BICKILL","BICINJ","MCKILL","MCINJURE","RAMP1","RAMP2","CITY","COUNTY","STATE","X_CHP","Y_CHP"
"6072089",-121.4449427,39.3009503,2013,"5800","5","4","4","09",0,1,"A",,,"Y",,,900,5,"D","C","A","HILL RD","VICKIE DR",31,"N","N","2014-02-21",9285,"2013-05-09",720,"15048",,"1","9","0","3",,"2","006","-","N",,0,0,,,0,,,,"N",2,"A","-",21801,"A","N","A","H","-","A","D","0","Y","A","01",0,0,1,0,0,0,0,0,0,"-","-","UNINCORPORATED","YUBA","CA",-121.44479,39.296
"6072081",0,0,2013,"5800","5","7","3","01",0,1,"A",,,"Y",,"Y",1800,5,"E","I","A","GOLDFIELDS","DANTONI RD",7920,"E","N","2014-02-21",9285,"2013-05-05",1520,"17118",,"2","9","0","3",,"2","004","-","N",,0,0,,,0,,,,"N",1,"A","-",23152,"A","N","A","G","-","A","D","0","Y","C","06",0,1,0,0,0,0,0,0,1,"-","-","UNINCORPORATED","YUBA","CA",-121.48793,39.18706
"6066023",-121.5913066,39.1378815,2013,"5801","0","3","4","03",0,1,"A",,,,,,1800,4,"C","C","A","3RD ST","F ST",133,"E","N","2014-02-20",5801,"2013-04-24",1615,"316","5801","5","3","0","0",,"0","00W","-","N",,0,0,,,0,,,,"N",3,"A","-",22350,,"N","A","H","-","A","A","0","Y","D","22",0,0,1,0,0,0,0,0,0,"-","-","MARYSVILLE","YUBA","CA",0,0
"6064285",-121.5630145,39.1273502,2013,"5800","4","3","4","07",0,1,"A",,,,,,2100,4,"B","C","A","NORTH BEALE RD","LOWE AV",528,"W","N","2014-02-21",9285,"2013-04-03",2005,"18632",,"2","9","0","2",,"1","041","-","N",,0,0,,,0,,,,"N",2,"A","-",21658,"A","N","A","H","-","C","D","0","Y","E","22",0,0,1,0,0,0,0,0,0,"-","-","UNINCORPORATED","YUBA","CA",0,0
"6064281",-121.5677817,39.1259557,2013,"5800","4","4","4","03",0,1,"A",,,,,,2100,3,"C","C","A","NORTH BEALE RD","AVONDALE AV",170,"W","N","2014-02-08",9285,"2013-03-28",1855,"018107",,"2","9","0","2",,"1","041","-","N",,0,0,,,0,,,,"Y",3,"A","-",22350,,"N","A","H","-","C","A","0","Y","A","07",0,0,1,0,0,0,0,0,0,"-","-","UNINCORPORATED","YUBA","CA",-121.56796,39.12582
"6064265",-121.5453615,39.0983438,2013,"5800","3","1","3","03",0,1,"C",,,,"Y",,1200,5,"E","I","A","RT 70","OLIVEHURST AV",2112,"S","N","2014-03-11",9285,"2013-05-06",907,"017534",,"1","9","0","1",,"1","020","-","Y","YUB",3,70,"-","R",8.88,"H","-","E","Y",2,"A","-",22350,,"N","B","H","-","A","D","1","Y","G","26",0,1,0,0,0,0,0,0,0,"-","-","UNINCORPORATED","YUBA","CA",-121.5453,39.09822
"6064224",-121.4554757,38.9998976,2013,"5800","5","1","2","05",0,2,"A",,,,,,1200,4,"A","C","A","WHEATLAND RD","SERENO LN",1092,"W","N","2014-02-21",9285,"2013-04-29",1123,"18475",,"1","9","0","3",,"2","002","-","N",,0,0,,,0,,,,"Y",2,"A","-",21650,,"N","A","H","-","A","A","0","Y","A","07",1,0,1,0,0,0,0,0,0,"-","-","UNINCORPORATED","YUBA","CA",-121.45518,38.99995
"6062071",-121.5837832,39.146395,2013,"5801","0","7","3","05",0,1,"A",,"Y",,,,1500,4,"H","G","A","YUBA ST","EAST 10TH ST",0,,"Y","2014-02-18",5801,"2013-04-28",1307,"352",,"5","3","0","0",,"0",,"-","N",,0,0,,,0,,,,"N",2,"A","-",21650,"1","N","A","H","-","A","D","0","Y","D","22",0,1,0,0,0,0,1,0,0,"-","-","MARYSVILLE","YUBA","CA",0,0
"6027826",-121.5898329,39.1504444,2013,"5801","0","4","4","03",0,1,"A",,,,,,1800,3,"C","C","A","14TH ST","D ST",174,"E","N","2014-02-05",5801,"2013-03-14",1640,"391",,"5","3","0","0",,"0",,"-","N",,0,0,,,0,,,,"N",2,"A","-",22350,,"F","A","H","-","A","D","0","Y","A","01",0,0,1,0,0,0,0,0,0,"-","-","MARYSVILLE","YUBA","CA",0,0
"6019691",-121.5879338,39.1543602,2013,"5801","0","2","4","05",0,1,"B",,,,"Y",,1500,3,"E","I","A","RT 70","EAST 18TH ST",230,"S","N","2014-12-12",5801,"2013-03-19",1357,"391",,"5","3","0","0",,"0",,"-","Y","YUB",3,70,"-","-",15.12,"H","-","W","Y",1,"A","-",21650,,"N","A","H","-","A","D","0","Y","G","26",0,0,1,0,0,0,0,0,0,"-","-","MARYSVILLE","YUBA","CA",0,0
"6014964",-121.5907632,39.1412951,2013,"5801","0","5","4","12",0,1,"A",,,,,,1800,3,"D","C","A","E ST","6TH ST",0,,"Y","2015-01-14",5801,"2013-03-15",1754,"305","5801","5","3","0","0",,"0",,"-","N",,0,0,,,0,,,,"Y",2,"A","-",21453,"A","N","A","H","-","A","A","0","Y","A","01",0,0,1,0,0,0,0,0,0,"-","-","MARYSVILLE","YUBA","CA",0,0
"6013503",0,0,2013,"5800","5","7","3","03",0,1,"A",,,"Y",,,2400,3,"E","I","A","SHAD RD","NORTH BEALE RD",1056,"E","N","2014-02-08",9285,"2013-03-10",2210,"16968",,"3","9","0","3",,"2","004","-","N",,0,0,,,0,,,,"N",1,"A","-",22350,,"N","A","H","-","C","D","0","Y","C","02",0,1,0,0,0,0,0,0,1,"-","-","UNINCORPORATED","YUBA","CA",-121.58129,39.13002
"6013499",-121.5408732,39.1854652,2013,"5800","4","1","4","09",0,2,"A",,,,,,1500,3,"D","C","A","RT 20","WALNUT AV",0,,"Y","2014-02-08",9285,"2013-03-11",1335,"15491",,"1","9","0","2",,"2","062","-","Y","YUB",3,20,"-","R",5.206,"I","5","E","Y",2,"A","-",21802,"A","N","A","H","-","A","A","0","Y","A","01",0,0,2,0,0,0,0,0,0,"-","-","UNINCORPORATED","YUBA","CA",-121.54082,39.18548
"6013487",-121.5705132,39.124375,2013,"5800","4","6","4","21",0,2,"A",,,,,,1500,3,"C","C","A","LINDHURST AV","NORTH BEALE RD",0,,"Y","2014-02-08",9285,"2013-03-16",1220,"14241",,"1","9","0","2",,"1","022","-","N",,0,0,,,0,,,,"N",2,"A","-",22106,,"N","A","H","-","A","A","0","Y","A","01",0,0,2,0,0,0,0,0,0,"-","-","UNINCORPORATED","YUBA","CA",-121.57037,39.12421
"6013479",-121.5416399,39.2143549,2013,"5800","5","5","4","08",0,1,"A",,,,,,900,3,"F","I","A","WOODRUFF LN","MATHEWS LN",528,"E","N","2014-02-08",9285,"2013-03-08",735,"14241",,"1","9","0","3",,"2","006","-","N",,0,0,,,0,,,,"Y",1,"A","-",22107,,"N","A","H","-","A","D","0","Y","A","01",0,0,1,0,0,0,0,0,0,"-","-","UNINCORPORATED","YUBA","CA",-121.54173,39.2143
"6013472",-121.5318623,39.0825764,2013,"5800","4","5","3","01",0,1,"A",,,,,,600,3,"E","I","A","RT 65","MCGOWAN PKWY",2112,"N","N","2014-12-23",9285,"2013-03-01",424,"17080",,"3","9","0","2",,"2","025","-","Y","YUB",3,65,"-","R",8.43,"H","-","N","N",1,"A","-",23152,"A","N","A","H","-","C","A","1","Y","A","01",0,1,0,0,0,0,0,0,0,"-","-","UNINCORPORATED","YUBA","CA",-121.53187,39.98275
"6013471",-121.5858833,39.1219406,2013,"5800","5","5","3","03",0,1,"A",,,"Y",,,2100,3,"-","-","A","RIVERSIDE DR","ALICIA AV",528,"S","N","2014-02-08",9285,"2013-03-08",1920,"17080",,"2","9","0","3",,"2","002","-","N",,0,0,,,0,,,,"N",1,"A","-",22350,,"N","A","H","-","D","D","0","Y","C","06",0,1,0,0,0,0,0,0,1,"-","-","UNINCORPORATED","YUBA","CA",-121.58571,39.12151
"6013468",-121.1940567,39.5146481,2013,"5800","4","7","3","08",0,1,"A",,,"Y",,,1200,3,"F","I","A","LA PORTE RD","FORBESTOWN RD",2112,"E","N","2014-02-08",9285,"2013-03-10",1150,"17393",,"1","9","0","2",,"2","082","-","N",,0,0,,,0,,,,"Y",1,"A","-",22107,,"N","A","B","-","A","D","0","Y","C","02",0,1,0,0,0,0,0,0,1,"-","-","UNINCORPORATED","YUBA","CA",-121.19115,39.52037
"6013464",-121.5802805,39.1264798,2013,"5800","3","6","4","03",0,1,"A",,,,,,1200,3,"E","I","A","RT 70","FEATHER RIVER BL",528,"S","N","2014-12-12",9285,"2013-03-16",1100,"15048",,"1","9","0","1",,"1","020","-","Y","YUB",3,70,"-","-",13.05,"H","-","E","N",1,"A","-",22350,,"N","A","H","-","A","D","4","Y","A","01",0,0,1,0,0,0,0,0,0,"-","-","UNINCORPORATED","YUBA","CA",-121.57466,39.12343
"6013279",0,0,2013,"5800","4","4","4","08",0,1,"A",,,,,,2100,2,"E","I","A","HAMMONTON SMARTVILLE RD","THOUSAND OAKS LN",1584,"E","N","2014-01-30",9285,"2013-02-28",1950,"018522",,"2","9","0","2",,"1","042","-","N",,0,0,,,0,,,,"Y",1,"A","-",22107,,"N","A","H","-","D","D","0","Y","A","01",0,0,1,0,0,0,0,0,0,"-","-","UNINCORPORATED","YUBA","CA",-121.30178,39.19849
"6013224",-121.3707624,39.2368797,2013,"5800","5","2","3","01",0,1,"A",,,,,"Y",2400,2,"F","A","A","PEORIA RD","RT 20",1317,"N","N","2014-12-04",9285,"2013-02-12",2200,"014480",,"3","9","0","3",,"2","006","-","N",,0,0,,,0,,,,"Y",1,"A","-",23152,"A","N","A","H","-","D","D","0","Y","A","01",0,1,0,0,0,0,0,0,0,"-","-","UNINCORPORATED","YUBA","CA",-121.37061,39.23655
"6013220",-121.5505359,39.1026095,2013,"5800","3","3","2","05",0,5,"A",,,,,,1800,2,"E","I","A","RT 70","ERLE RD",28,"S","N","2014-12-12",9285,"2013-02-06",1625,"014878",,"2","9","0","1",,"1","020","-","Y","YUB",3,70,"-","R",10.12,"H","-","E","Y",1,"A","-",21650,,"N","A","H","-","A","D","1","Y","A","01",3,2,0,0,0,0,0,0,0,"-","-","UNINCORPORATED","YUBA","CA",-121.55889,39.11315
"6013216",-121.5629031,39.1131051,2013,"5800","5","4","4","03",0,3,"A",,,,,,1500,2,"C","C","A","ERLE RD","CHESTNUT RD",0,,"Y","2014-01-30",9285,"2013-02-21",1340,"014793",,"1","9","0","3",,"2","002","-","N",,0,0,,,0,,,,"Y",2,"A","-",22350,,"N","A","H","-","A","D","0","Y","A","01",0,0,3,0,0,0,0,0,0,"-","-","UNINCORPORATED","YUBA","CA",-121.56309,39.11303
"6013212",-121.3356276,39.3430322,2013,"5800","4","2","3","08",0,2,"B",,,,,,1500,2,"E","I","A","MARYSVILLE RD","COLLINS LAKE RD",24,"S","N","2014-01-30",9285,"2013-02-19",1413,"017393",,"2","9","0","2",,"2","081","-","N",,0,0,,,0,,,,"Y",1,"A","-",22107,,"N","B","H","-","A","D","0","Y","A","01",0,1,1,0,0,0,0,0,0,"-","-","UNINCORPORATED","YUBA","CA",-121.33561,39.34295
"6013208",-121.3505278,39.1912566,2013,"5800","4","6","3","-",0,1,"A",,,,,,2100,2,"E","I","A","HAMMONTON SMARTVILLE RD","SOUTH GOLDEN PKWY",10771,"W","N","2014-01-30",9285,"2013-02-23",2041,"014480",,"2","9","0","2",,"1","042","-","N",,0,0,,,0,,,,"Y",1,"A","-",0,,"N","A","H","-","D","D","0","Y","A","01",0,1,0,0,0,0,0,0,0,"-","-","UNINCORPORATED","YUBA","CA",-121.35073,39.19119
"6012942",-121.5996685,39.244541,2013,"5800","3","1","3","03",0,1,"A",,,,"Y",,900,3,"C","C","A","RT 70","MAGNOLIA RD",2376,"N","N","2014-12-12",9285,"2013-03-04",620,"16868",,"1","9","0","1",,"1","060","-","Y","YUB",3,70,"-","-",21.4,"H","-","E","Y",2,"A","-",22350,,"N","A","H","-","B","D","0","Y","G","27",0,1,0,0,0,0,0,0,0,"-","-","UNINCORPORATED","YUBA","CA",-121.59973,39.24309
"6012934",-121.3962142,39.1796625,2013,"5800","4","2","3","01",0,1,"A",,,,,"Y",2100,3,"F","A","A","HAMMONTON SMARTVILLE RD","LAUGHLIN RD",200,"W","N","2014-02-03",9285,"2013-03-12",1955,"014480",,"2","9","0","2",,"1","042","-","N",,0,0,,,0,,,,"Y",1,"A","-",23152,"A","N","A","H","-","D","D","0","Y","D","22",0,1,0,0,0,0,0,0,0,"-","-","UNINCORPORATED","YUBA","CA",-121.39688,39.17929
"6012922",-121.5324272,39.0823189,2013,"5800","5","1","3","08",0,1,"B",,,"Y",,,1800,3,"D","C","A","OLIVE AV","MARTEL DR",599,"S","N","2014-02-03",9285,"2013-03-18",1544,"014878",,"2","9","0","3",,"2","002","-","N",,0,0,,,0,,,,"N",2,"A","-",22107,,"N","A","H","-","A","D","0","Y","C","03",0,1,0,0,0,0,0,0,1,"-","-","UNINCORPORATED","YUBA","CA",-121.53222,39.08214
"6012901",-121.5814504,39.1269765,2013,"5800","3","2","4","03",0,1,"A",,,,,,1800,2,"C","C","A","RT 70","FEATHER RIVER BL",549,"N","N","2014-12-12",9285,"2013-02-26",1506,"13174",,"2","9","0","1",,"1","020","-","Y","YUB",3,70,"-","-",13.12,"H","-","W","Y",2,"A","-",22350,,"N","A","H","-","A","D","4","Y","D","22",0,0,1,0,0,0,0,0,0,"-","-","UNINCORPORATED","YUBA","CA",-121.57882,39.12548
"6011440",-121.5811868,39.1494035,2013,"5801","0","3","4","09",0,1,"A",,,,,,900,2,"A","C","A","SWEZY ST","EAST 12TH ST",186,"N","N","2014-01-29",5801,"2013-02-20",722,"303",,"5","3","0","0",,"0",,"-","N",,0,0,,,0,,,,"Y",2,"A","-",21804,"A","N","A","H","-","A","D","0","Y","A","01",0,0,1,0,0,0,0,0,0,"-","-","MARYSVILLE","YUBA","CA",0,0
"6007520",-121.5949118,39.291889,2013,"5800","3","5","3","08",0,1,"A",,,,"Y",,600,2,"E","I","A","RT 70","CHANDLER DR",528,"S","N","2014-10-30",9285,"2013-02-15",518,"015849",,"3","9","0","1",,"1","060","-","Y","YUB",3,70,"-","-",24.65,"H","-","W","Y",1,"A","-",22107,,"N","A","H","-","D","D","0","Y","G","27",0,1,0,0,0,0,0,0,0,"-","-","UNINCORPORATED","YUBA","CA",-121.59477,39.28954
"6007508",-121.5388217,39.2310116,2013,"5800","3","7","2","01",0,1,"A",,,,,,1800,2,"F","I","A","MATHEWS LN","WOODRUFF LN",6336,"N","N","2014-01-30",9285,"2013-02-17",1700,"014825",,"2","9","0","1",,"2","061","-","N",,0,0,,,0,,,,"Y",1,"A","-",23152,"A","N","A","H","-","A","D","0","Y","D","22",1,0,0,0,0,0,0,0,0,"-","-","UNINCORPORATED","YUBA","CA",-121.53899,39.22625
"6007504",-121.579336,39.1225077,2013,"5800","4","2","2","11",0,1,"A","Y",,,,,2100,2,"G","B","D","FEATHER RIVER BL","ARBOGA RD",223,"S","N","2014-01-30",9285,"2013-02-12",1805,"017889",,"2","9","0","2",,"1","021","-","N",,0,0,,,0,,,,"N",2,"A","-",21954,"A","N","A","H","-","D","D","0","Y","N","60",1,0,0,0,1,0,0,0,0,"-","-","UNINCORPORATED","YUBA","CA",-121.57935,39.12244
"6002899",-121.4254324,39.009732,2013,"5802","0","4","4","04",0,1,"A",,,,,,2100,2,"C","D","A","RT 65","3RD ST",0,,"Y","2014-01-27",5802,"2013-02-07",1914,"605",,"5","1","0","0",,"0",,"-","Y","YUB",3,65,"-","-",0.81,"H","-","N","N",4,"A","-",21703,,"N","A","H","-","C","A","0","Y","A","01",0,0,1,0,0,0,0,0,0,"-","-","WHEATLAND","YUBA","CA",0,0
"6002895",-121.4247259,39.0093173,2013,"5802","0","5","4","04",0,1,"A",,,,,,1800,2,"C","D","A","RT 65","4TH ST",0,,"Y","2014-01-27",5802,"2013-02-01",1521,"602",,"5","1","0","0",,"0",,"-","Y","YUB",3,65,"-","-",0.76,"H","-","N","Y",3,"A","-",21703,,"N","A","H","-","A","A","0","Y","A","01",0,0,1,0,0,0,0,0,0,"-","-","WHEATLAND","YUBA","CA",0,0
"6002510",-121.6087377,39.1808607,2013,"5800","5","7","2","08",0,1,"A",,,"Y",,,1500,1,"E","I","A","SILVA AV","SAHARA WY",2726,"W","N","2014-01-25",9285,"2013-01-13",1458,"16868",,"2","9","0","3",,"2","006","-","N",,0,0,,,0,,,,"N",1,"A","-",22107,,"N","A","H","-","A","D","0","Y","C","02",1,0,0,0,0,0,0,0,1,"-","-","UNINCORPORATED","YUBA","CA",-121.60875,39.18093
"5988679",-121.587035,39.1480518,2013,"5801","0","7","4","04",0,1,"A",,,,,,1200,3,"C","C","A","B ST","EAST 12TH ST",133,"S","N","2014-12-04",5801,"2013-03-03",1034,"363",,"5","3","0","0",,"0",,"-","N",,0,0,,,0,,,,"N",2,"A","-",21703,,"N","A","H","-","A","A","0","Y","D","22",0,0,1,0,0,0,0,0,0,"-","-","MARYSVILLE","YUBA","CA",0,0
"5987370",-121.5951493,39.145576,2013,"5801","0","6","4","05",0,1,"A",,"Y",,,,1500,1,"B","G","A","MAPLE ST","10TH ST",15,"N","N","2014-04-02",5801,"2013-01-26",1303,"363","YUBAS","5","3","0","0",,"0","5801","-","N",,0,0,,,0,,,,"N",2,"A","-",21202,,"N","A","H","-","A","D","0","Y","L","04",0,0,1,0,0,0,1,0,0,"-","-","MARYSVILLE","YUBA","CA",0,0
"5980814",-121.0846332,39.3950252,2013,"5800","3","2","2","01",0,1,"A",,,,,"Y",300,1,"H","A","A","RT 49","MOONSHINE RD",40,"N","N","2014-12-23",9230,"2013-01-29",30,"018098",,"3","9","0","1",,"1","081","-","Y","YUB",3,49,"-","R",0.04,"H","-","N","Y",1,"A","-",23152,"A","N","A","H","-","D","D","0","Y","A","07",1,0,0,0,0,0,0,0,0,"-","-","UNINCORPORATED","YUBA","CA",-121.08474,39.39496
"5972018",-121.4238832,39.0088152,2013,"5802","0","2","4","09",0,1,"B",,,,,,2100,1,"A","C","A","MAIN ST","D ST",0,,"Y","2014-12-19",5802,"2013-01-01",1800,"601","5802","5","1","0","0",,"0",,"-","Y","YUB",3,65,"-","-",0.7,"I","5","N","Y",2,"A","-",21801,"A","N","A","H","-","D","A","0","Y","A","01",0,0,1,0,0,0,0,0,0,"-","-","WHEATLAND","YUBA","CA",0,0
"5911964",0,0,2013,"5800","5","4","1","03",1,0,"A",,"Y",,,"Y",2400,10,"H","G","A","SIMPSON LN","10TH ST",1056,"S","N","2015-01-12",9285,"2013-10-24",2237,"18522",,"3","9","0","3",,"2","004","-","N",,0,0,,,0,,,,"Y",2,"A","-",22350,,"N","A","H","-","D","D","0","Y","A","07",0,0,0,0,0,1,0,0,0,"-","-","UNINCORPORATED","YUBA","CA",-121.57964,39.14258
"5911643",-121.5901314,39.1687948,2013,"5800","3","4","1","08",1,0,"A",,"Y",,,,1800,7,"H","G","A","RT 70","LAURELLEN RD",428,"S","N","2015-01-09",9285,"2013-07-25",1743,"18107",,"2","9","0","1",,"1","060","-","Y","YUB",3,70,"-","-",16.14,"H","-","E","Y",2,"A","-",22107,,"N","A","H","-","A","D","0","Y","L","04",0,0,0,0,0,1,0,0,0,"-","-","UNINCORPORATED","YUBA","CA",-121.59005,39.16887
"5910822",-121.5970573,39.2659512,2013,"5800","3","1","1","08",1,0,"B",,,,"Y",,2400,6,"A","C","A","RT 70","RAMIREZ RD",123,"S","N","2013-08-16",9285,"2013-06-24",2325,"017163",,"3","9","0","1",,"1","060","-","Y","YUB",3,70,"-","-",22.87,"H","-","E","Y",2,"A","-",22107,,"N","B","H","-","D","D","0","Y","A","01",0,0,0,0,0,0,0,0,0,"-","-","UNINCORPORATED","YUBA","CA",-121.35505,39.15499
"5910558",-121.5420332,39.1844152,2013,"5800","4","3","1","08",1,2,"A",,,,,,900,5,"D","C","A","RT 20","WALNUT AV",528,"W","N","2015-01-12",9285,"2013-05-15",750,"14825",,"1","9","0","2",,"2","062","-","Y","YUB",3,20,"-","R",5.11,"H","-","W","Y",2,"A","-",22107,,"N","A","H","-","A","D","0","Y","A","01",0,1,1,0,0,0,0,0,0,"-","-","UNINCORPORATED","YUBA","CA",-121.54186,39.18451
"5910060",-121.3304023,39.2195598,2013,"5800","5","4","1","08",1,0,"A",,,,,,2100,3,"E","I","A","TIMBUCTOO RD","RT 20",1056,"N","N","2015-01-16",9285,"2013-03-28",1805,"18632",,"2","9","0","3",,"2","006","-","N",,0,0,,,0,,,,"Y",1,"A","-",22107,,"N","A","H","-","A","D","0","Y","A","07",0,0,0,0,0,0,0,0,0,"-","-","UNINCORPORATED","YUBA","CA",-121.32964,39.21975
"5910047",-121.0858579,39.3918388,2013,"5800","5","2","1","05",1,0,"A",,,,,"Y",2100,4,"E","I","A","MOONSHINE RD","RT 49",1137,"W","N","2015-01-12",9230,"2013-04-09",1930,"019235",,"2","9","0","3",,"2","080","-","N",,0,0,,,0,,,,"Y",1,"A","-",21650,,"N","A","H","-","B","A","0","Y","D","22",0,0,0,0,0,0,0,0,0,"-","-","UNINCORPORATED","YUBA","CA",-121.08576,39.39194
"5902681",-121.5940326,39.1376678,2013,"5801","0","3","4","05",0,1,"A",,"Y",,"Y",,1200,1,"D","G","A","3RD ST","H ST",200,"E","N","2014-04-01",5801,"2013-01-16",953,"313","YUBAS","5","3","0","0",,"0","5801","-","N",,0,0,,,0,,,,"N",2,"A","-",21202,,"N","A","H","-","A","D","0","Y","G","26",0,0,1,0,0,0,1,0,0,"-","-","MARYSVILLE","YUBA","CA",0,0
"5889289",-121.5919115,39.1445687,2013,"5801","0","2","4","11",0,1,"A","Y",,,"Y",,1200,1,"D","B","C","WILLOW ST","9TH ST",6,"S","N","2014-04-01",5801,"2013-01-08",1020,"313","YUBAS","5","3","0","0",,"0","5801","-","N",,0,0,,,0,,,,"N",2,"A","-",21950,"B","N","A","H","-","A","D","0","Y","F","26",0,0,1,0,1,0,0,0,0,"-","-","MARYSVILLE","YUBA","CA",0,0
"5639907",-121.5944992,39.1455874,2013,"5801","0","2","1","17",1,0,"B",,"Y",,,"Y",1800,3,"H","G","A","10TH ST","G ST",0,,"N","2013-04-15",5801,"2013-03-19",1653,"313","YUBAS","5","3","0","0",,"0","5801","-","Y","YUB",3,20,"-","-",0.75,"I","5","W","Y",2,"A","-",21200,,"N","A","H","-","A","A","0","Y","A","01",0,0,0,0,0,1,0,0,0,"-","-","MARYSVILLE","YUBA","CA",0,0
"90195401",-121.3655432,39.3329251,2016,"5800","5","7","4","21",0,1,"A",,,"Y",,,1200,6,"F","A","A","LOS VERJELES RD","LOMA RICA RD",0,,"Y","2016-06-06",9285,"2016-06-05",1030,"016343",,"1","9","0","3",,"1","006","-","N",,0,0,,,0,,,,"Y",1,"A","-",22106,,"N","A","H","-","A","A","0","Y","C","02",0,0,1,0,0,0,0,0,1,"-","-","UNINCORPORATED","YUBA","CA",-121.36552,39.33285
"90195392",-121.5739432,39.1180451,2016,"5800","5","7","4","09",0,1,"A",,,"Y",,,900,6,"F","A","A","N. GLEDHILL AVENUE","HOLLY AVENUE",0,,"Y","2016-06-06",9285,"2016-06-05",715,"016343",,"1","9","0","3",,"1","004","-","N",,0,0,,,0,,,,"Y",2,"A","-",21801,"A","N","A","H","-","A","D","0","Y","A","01",0,0,1,0,0,0,0,0,1,"-","-","UNINCORPORATED","YUBA","CA",-121.574,39.11802
"90195184",0,0,2016,"5800","5","4","3","01",0,1,"A",,,,,"Y",1500,6,"E","I","A","DYE RD","BROADWAY RD",25,"N","N","2016-06-06",9285,"2016-06-02",1241,"017118",,"1","9","0","3",,"1","002","-","N",,0,0,,,0,,,,"Y",1,"A","-",23152,"A","N","A","H","-","A","A","0","Y","A","01",0,1,0,0,0,0,0,0,0,"-","-","UNINCORPORATED","YUBA","CA",-121.56465,39.04764
"90194774",0,0,2016,"5800","3","2","4","03",0,1,"A",,,,,,900,5,"C","C","A","SR-70 S/B","ERLE RD",2640,"N","N","2016-06-06",9285,"2016-05-31",635,"016343",,"1","9","0","1",,"1","020","-","Y",,0,0,,,0,,,,"Y",3,"A","-",22350,,"N","A","H","-","A","D","0","Y","A","07",0,0,1,0,0,0,0,0,0,"-","-","UNINCORPORATED","YUBA","CA",-121.56637,39.11782
"90194756",-121.5236532,39.1282251,2016,"5800","4","4","2","09",0,2,"A",,,,,,1800,5,"D","C","A","GRIFFITH AVE","N. BEALE ROAD",0,,"Y","2016-06-06",9285,"2016-05-26",1502,"017118",,"2","9","0","2",,"1","042","-","N",,0,0,,,0,,,,"Y",2,"A","-",21802,"A","N","A","H","-","A","A","0","Y","A","01",1,1,0,0,0,0,0,0,0,"-","-","UNINCORPORATED","YUBA","CA",-121.52361,39.1282
"90194740",-121.550975,39.132181,2016,"5800","5","2","2","01",0,1,"A",,,,,"Y",2400,5,"E","I","A","HILE AVE","HAMMONTON SMARTVILLE RD",550,"E","N","2016-06-06",9285,"2016-05-31",2100,"018153",,"2","9","0","3",,"1","004","-","N",,0,0,,,0,,,,"Y",1,"A","-",23152,"A","N","A","H","-","C","D","0","Y","A","07",1,0,0,0,0,0,0,0,0,"-","-","UNINCORPORATED","YUBA","CA",-121.33032,39.07559
"90192544",-121.4264903,39.2260317,2016,"5800","3","1","4","08",0,2,"A",,,,,,1500,5,"D","C","A","SR-20","MARYSVILLE RD",3590,"W","N","2016-06-01",9285,"2016-05-30",1232,"014401",,"1","9","0","1",,"1","062","-","Y",,0,0,,,0,,,,"Y",2,"A","-",22107,,"N","A","H","-","A","D","0","Y","A","01",0,0,2,0,0,0,0,0,0,"-","-","UNINCORPORATED","YUBA","CA",-121.42671,39.27594
"90192250",-121.4356907,39.0717302,2016,"5800","5","4","4","03",0,1,"A",,,,,,1800,5,"C","C","A","S. BEALE ROAD","OSTROM RD",25,"E","N","2016-06-01",9285,"2016-05-26",1650,"017118",,"2","9","0","3",,"1","002","-","N",,0,0,,,0,,,,"Y",2,"A","-",22350,,"N","A","H","-","A","A","0","Y","A","01",0,0,1,0,0,0,0,0,0,"-","-","UNINCORPORATED","YUBA","CA",-121.43567,39.0719