"CASEID","POINT_X","POINT_Y","YEAR_","LOCATION","CHPTYPE","DAYWEEK","CRASHSEV","VIOLCAT","KILLED","INJURED","WEATHER1","PEDCOL","BICCOL","MCCOL","TRUCKCOL","ETOH","TIMECAT","MONTH_","CRASHTYP","INVOLVE","PED","PRIMARYRD","SECONDRD","DISTANCE","DIRECT","INTERSECT_","PROCDATE","JURIS","DATE_","TIME_","BADGE","JURIDIST","SHIFT","POP","SPECIAL","BEATTYPE","LAPDDIV","BEATCLAS","BEATNUMB","WEATHER2","STATEHW","CALTRANC","CALTRAND","STROUTE","ROUTESUF","POSTPRE","POSTMILE","LOCATYPE","RAMP","SIDEHW","TOWAWAY","PARTIES","PCF","VIOLCODE","VIOL","VIOLSUB","HITRUN","ROADSURF","RDCOND1","RDCOND2","LIGHTING","RIGHTWAY","CHPRDTYP","NOTPRIV","STFAULT","CHPFAULT","SEVINJ","OTHERINJ","COP","PEDKILL","PEDINJ","BICKILL","BICINJ","MCKILL","MCINJURE","RAMP1","RAMP2","CITY","COUNTY","STATE","X_CHP","Y_CHP"
"90192062",-121.2168111,39.4833843,2016,"5800","4","4","3","01",0,1,"A",,,,,"Y",2100,5,"E","I","A","LA PORTE RD","OLD LA PORTE RD",1584,"E","N","2016-06-01",9285,"2016-05-26",1830,"014480",,"2","9","0","2",,"2","082","-","N",,0,0,,,0,,,,"Y",1,"A","-",23152,"A","N","A","H","-","A","D","0","Y","D","22",0,1,0,0,0,0,0,0,0,"-","-","UNINCORPORATED","YUBA","CA",-121.21494,39.48895
"90192054",0,0,2016,"5800","3","3","4","03",0,2,"A",,,,,,1800,5,"C","C","A","SR-20","BV SCHOOL RD",2,"W","N","2016-06-01",9285,"2016-05-25",1628,"014401",,"2","9","0","1",,"1","062","-","Y",,0,0,,,0,,,,"Y",2,"A","-",22350,,"N","A","H","-","A","D","0","Y","A","01",0,0,2,0,0,0,0,0,0,"-","-","UNINCORPORATED","YUBA","CA",-121.40722,39.23032
"90192023",-121.5798031,39.1067651,2016,"5800","4","3","2","12",0,4,"A",,,,,,1500,5,"A","C","A","FEATHER RIVER BLVD","GRAND AVE",0,,"Y","2016-06-01",9285,"2016-05-25",1358,"014401",,"1","9","0","2",,"2","021","-","N",,0,0,,,0,,,,"Y",2,"A","-",22450,"A","N","A","H","-","A","A","0","Y","A","01",1,0,3,0,0,0,0,0,0,"-","-","UNINCORPORATED","YUBA","CA",-121.57978,39.1067
"90191740",-121.3182519,39.1981869,2016,"5800","4","6","3","08",0,1,"A",,,,,,300,5,"E","I","A","HAMMONTON SMARTVILLE RD","SOUTH GOLDEN PKY",592,"S","N","2016-05-31",9285,"2016-05-28",230,"018636",,"3","9","0","2",,"1","042","-","N",,0,0,,,0,,,,"Y",1,"A","-",22107,,"N","A","H","-","D","D","0","Y","A","07",0,1,0,0,0,0,0,0,0,"-","-","UNINCORPORATED","YUBA","CA",-121.31838,39.19816
"90191720",-121.595152,39.3019443,2016,"5800","3","4","3","06",0,2,"A",,,,,,2100,5,"E","I","A","SR-70","CHANDLER ROAD",200,"N","N","2016-05-31",9285,"2016-05-26",1816,"018636",,"2","9","0","1",,"1","060","-","Y",,0,0,,,0,,,,"Y",1,"A","-",21750,,"N","A","H","-","A","D","0","Y","A","07",0,1,1,0,0,0,0,0,0,"-","-","UNINCORPORATED","YUBA","CA",-121.59489,39.2926
"90191465",-121.5510432,39.1277251,2016,"5800","4","4","4","09",0,1,"A",,,,,,900,5,"D","C","A","NORTH BEALE ROAD","WIGET AVE",0,,"Y","2016-05-31",9285,"2016-05-19",720,"018107",,"1","9","0","2",,"1","041","-","N",,0,0,,,0,,,,"Y",3,"A","-",21801,"A","N","A","H","-","A","D","0","Y","D","22",0,0,1,0,0,0,0,0,0,"-","-","UNINCORPORATED","YUBA","CA",-121.55116,39.12764
"90188352",-121.40148,39.3186279,2016,"5800","4","1","3","01",0,2,"A",,,,,"Y",2400,5,"E","I","A","LOMA RICA RD","BAYSHORE ST",55,"N","N","2016-05-26",9285,"2016-05-23",2145,"019168",,"2","9","0","2",,"1","061","-","N",,0,0,,,0,,,,"Y",1,"A","-",23152,"A","N","A","H","-","D","D","0","Y","D","22",0,2,0,0,0,0,0,0,0,"-","-","UNINCORPORATED","YUBA","CA",-121.40095,39.319
"90185488",-121.2447974,39.4838805,2016,"5800","5","6","3","01",0,3,"C",,,,,"Y",1800,5,"D","C","A","CHALLENGE CUT OFF ROAD","LA PORTE ROAD",150,"N","N","2016-05-23",9285,"2016-05-21",1655,"017129",,"2","9","0","3",,"1","008","-","N",,0,0,,,0,,,,"Y",2,"A","-",23152,"A","N","B","H","-","A","D","0","Y","A","01",0,2,1,0,0,0,0,0,0,"-","-","UNINCORPORATED","YUBA","CA",-121.24513,39.48407
"90185346",-121.4346682,39.0164362,2016,"5800","4","6","4","03",0,1,"A",,,,,,1800,5,"C","C","A","SR-65","EVERGREEN DR",30,"S","N","2016-05-23",9285,"2016-05-21",1635,"018107",,"2","9","0","2",,"2","025","-","Y",,0,0,,,0,,,,"N",2,"A","-",22350,,"N","A","H","-","A","D","0","Y","A","01",0,0,1,0,0,0,0,0,0,"-","-","UNINCORPORATED","YUBA","CA",-121.43454,39.01648
"90182844",-121.5713377,39.1553589,2016,"5801","S","5","3","10",0,1,"B","Y",,,,,900,4,"G","B","D","17TH ST.","HUSTON ST",13,"E","N","2016-05-19",9285,"2016-04-22",735,"015976",,"1","3","1","4",,"2","901","-","N",,0,0,,,0,,,,"N",2,"A","-",21950,"A","N","B","H","-","A","A","0","Y","H","13",0,1,0,0,1,0,0,0,0,"-","-","MARYSVILLE","YUBA","CA",-121.57124,39.15527
"90182452",-121.6004584,39.2336993,2016,"5800","3","5","2","08",0,2,"B",,,,,,1500,5,"F","J","A","SR-70","MAGNOLIA RD",1056,"S","N","2016-05-18",9285,"2016-05-06",1410,"015976",,"2","9","0","1",,"1","060","-","Y",,0,0,,,0,,,,"Y",1,"A","-",22107,,"N","A","H","-","A","D","0","Y","D","22",2,0,0,0,0,0,0,0,0,"-","-","UNINCORPORATED","YUBA","CA",-121.60061,39.23283
"90181556",0,0,2016,"5800","5","2","3","08",0,1,"A",,"Y",,,,1200,4,"C","G","A","POWERLINE RD.","MCGOWAN PKY",50,"S","N","2016-05-17",9285,"2016-04-26",1020,"018291",,"1","9","0","3",,"1","002","-","N",,0,0,,,0,,,,"N",2,"A","-",22107,,"N","A","H","-","A","D","0","Y","L","04",0,1,0,0,0,0,1,0,0,"-","-","UNINCORPORATED","YUBA","CA",-121.551,39.10136
"90180930",-121.5568197,39.1685909,2016,"5800","3","2","3","08",0,1,"A",,,,,"Y",1500,5,"D","C","A","SR-20","PLANTZ RD",5808,"W","N","2016-05-17",9285,"2016-05-03",1420,"016343",,"2","9","0","1",,"1","062","-","Y",,0,0,,,0,,,,"Y",2,"A","-",22107,,"N","A","H","-","A","D","0","Y","A","07",0,1,0,0,0,0,0,0,0,"-","-","UNINCORPORATED","YUBA","CA",-121.55649,39.16892
"90178052",-121.0788933,39.4002549,2016,"5800","3","6","1","01",1,2,"A",,,,,"Y",2100,2,"E","I","A","SR-49","MOONSHINE RD",2640,"N","N","2016-05-12",9230,"2016-02-13",1855,"020411",,"2","9","0","1",,"1","081","-","Y",,0,0,,,0,,,,"Y",1,"A","-",23152,"A","N","A","H","-","D","D","0","Y","D","23",1,1,0,0,0,0,0,0,0,"-","-","UNINCORPORATED","YUBA","CA",-121.07893,39.40083
"90177734",-121.5788132,39.1229651,2016,"5800","4","4","4","12",0,1,"A",,,"Y",,,1800,4,"D","D","A","FEATHER RIVER BLVD.","ARBOGA ROAD",0,,"Y","2016-05-12",9285,"2016-04-28",1535,"013966",,"2","9","0","2",,"2","021","-","N",,0,0,,,0,,,,"N",2,"A","-",22450,"A","N","A","H","-","A","D","0","Y","C","02",0,0,1,0,0,0,0,0,0,"-","-","UNINCORPORATED","YUBA","CA",-121.57898,39.12305
"90177023",-121.5789232,39.069335,2016,"5800","4","3","3","09",0,2,"A",,,,,,1800,5,"F","C","A","FEATHER RIVER BLVD ","ELLA AVE.",0,,"Y","2016-05-11",9285,"2016-05-04",1535,"018291",,"2","9","0","2",,"2","021","-","N",,0,0,,,0,,,,"Y",2,"A","-",21801,"A","N","A","H","-","A","D","0","Y","A","01",0,1,1,0,0,0,0,0,0,"-","-","UNINCORPORATED","YUBA","CA",-121.57896,39.06936
"90176998",0,0,2016,"5800","3","7","1","01",1,2,"A",,,,,"Y",1500,4,"D","C","A","SR-70 N/B","MAGNOLIA ROAD",326,"S","N","2016-05-11",9285,"2016-04-24",1257,"018522",,"1","9","0","1",,"1","060","-","Y",,0,0,,,0,,,,"Y",2,"A","-",23153,"A","N","A","H","-","A","D","0","Y","A","01",0,1,1,0,0,0,0,0,0,"-","-","UNINCORPORATED","YUBA","CA",-121.60029,39.23566
"90176889",0,0,2016,"5800","4","5","3","01",0,1,"A",,,,,"Y",1800,5,"F","I","A","MARYSVILLE RD","LEANNE WAY",75,"N","N","2016-05-11",9285,"2016-05-06",1635,"017393",,"2","9","0","2",,"2","081","-","N",,0,0,,,0,,,,"Y",1,"A","-",23152,"A","N","A","H","-","A","D","0","Y","A","01",0,1,0,0,0,0,0,0,0,"-","-","UNINCORPORATED","YUBA","CA",-121.3262,39.35692
"90176024",0,0,2016,"5800","4","6","4","07",0,2,"B",,,,,,1800,4,"B","C","A","ARBOGA RD.","BUCKSKIN WAY",466,"S","N","2016-05-10",9285,"2016-04-09",1525,"015976",,"2","9","0","2",,"1","022","-","N",,0,0,,,0,,,,"Y",2,"A","-",21658,"A","N","A","H","-","A","D","0","Y","A","01",0,0,2,0,0,0,0,0,0,"-","-","UNINCORPORATED","YUBA","CA",-121.56129,39.07345
"90176016",-121.3164078,39.2107674,2016,"5800","3","1","3","01",0,1,"A",,,,,"Y",300,4,"E","I","A","SR-20","RIVERVIEW TER",1056,"E","N","2016-05-10",9285,"2016-04-18",15,"017080",,"3","9","0","1",,"1","062","-","Y",,0,0,,,0,,,,"Y",1,"A","-",23152,"A","N","A","H","-","D","D","0","Y","A","01",0,1,0,0,0,0,0,0,0,"-","-","UNINCORPORATED","YUBA","CA",-121.31562,39.21068
"90175980",-121.5416142,39.1279614,2016,"5800","4","6","3","18",0,1,"A",,,"Y",,,2100,4,"E","H","A","NORTH BEALE ROAD","LINDA AVE",65,"E","N","2016-05-10",9285,"2016-04-23",2058,"018561",,"2","9","0","2",,"1","041","-","N",,0,0,,,0,,,,"N",1,"C","-",0,,"N","A","H","-","C","A","0","Y","-","-",0,1,0,0,0,0,0,0,1,"-","-","UNINCORPORATED","YUBA","CA",-121.5415,39.12796
"90174288",-121.57376,39.1413962,2016,"5800","5","4","4","03",0,1,"B",,,,,,1800,5,"C","C","A","SIMPSON LN","BABBINGTON RD",1056,"W","N","2016-05-06",9285,"2016-05-05",1610,"018286",,"2","9","0","3",,"1","004","C","N",,0,0,,,0,,,,"Y",2,"A","-",22350,,"N","B","H","-","A","D","0","Y","D","22",0,0,1,0,0,0,0,0,0,"-","-","UNINCORPORATED","YUBA","CA",-121.57231,39.14111
"90173727",-121.5551569,39.1374921,2016,"5800","5","3","2","08",0,1,"A",,,"Y",,,300,5,"F","A","A","SIMPSON LANE","SIMPSON DANTONI RD",1115,"W","N","2016-05-05",9285,"2016-05-04",115,"018632",,"3","9","0","3",,"1","004","-","N",,0,0,,,0,,,,"Y",1,"A","-",22107,,"N","A","H","-","C","D","0","Y","C","02",1,0,0,0,0,0,0,0,1,"-","-","UNINCORPORATED","YUBA","CA",-121.5551,39.1376
"90173506",-121.5568197,39.1685909,2016,"5800","3","2","4","03",0,2,"A",,,,,,1800,4,"B","C","A","SR-20","PLANTZ RD",5808,"W","N","2016-05-05",9285,"2016-04-26",1514,"016343",,"2","9","0","1",,"1","062","-","Y",,0,0,,,0,,,,"Y",3,"A","-",22350,,"N","A","H","-","A","D","0","Y","A","07",0,0,2,0,0,0,0,0,0,"-","-","UNINCORPORATED","YUBA","CA",-121.55672,39.16896
"90171578",-121.5406425,39.1856907,2016,"5800","3","4","4","08",0,1,"A",,,,,,1800,4,"F","A","A","SR-20","WALNUT AVE",105,"E","N","2016-05-03",9285,"2016-04-28",1529,"014480",,"2","9","0","1",,"1","062","-","Y",,0,0,,,0,,,,"Y",1,"A","-",22107,,"N","A","H","-","A","D","0","Y","A","01",0,0,1,0,0,0,0,0,0,"-","-","UNINCORPORATED","YUBA","CA",-121.54079,39.18545
"90171572",-121.5951532,39.302025,2016,"5800","3","5","2","08",0,1,"A",,,,,,2100,4,"D","C","A","SR-70","OLD STATE HIGHWAY",0,,"N","2016-05-03",9285,"2016-04-15",2045,"018632",,"2","9","0","1",,"1","060","-","Y",,0,0,,,0,,,,"Y",2,"A","-",22107,,"N","A","H","-","D","D","0","Y","A","01",1,0,0,0,0,0,0,0,0,"-","-","UNINCORPORATED","YUBA","CA",-121.5952,39.30303
"90171449",0,0,2016,"5800","3","7","4","04",0,1,"B",,,,,,1500,3,"C","C","A","SR-70 N/B","GARDEN AVE",230,"N","N","2016-05-03",9285,"2016-03-13",1400,"018475",,"2","9","0","1",,"1","020","C","Y",,0,0,,,0,,,,"Y",2,"A","-",21703,,"N","B","H","-","A","D","0","Y","A","01",0,0,1,0,0,0,0,0,0,"-","-","UNINCORPORATED","YUBA","CA",-121.58495,39.12936
"90168096",-121.5727744,39.118858,2016,"5800","4","7","3","08",0,3,"A",,,,,,2100,4,"A","C","A","ARBOGA RD","JANET AVE",82,"S","N","2016-04-28",9285,"2016-04-03",2055,"018107",,"2","9","0","2",,"1","022","-","N",,0,0,,,0,,,,"Y",2,"A","-",22107,,"F","A","H","-","C","D","0","Y","A","01",0,1,2,0,0,0,0,0,0,"-","-","UNINCORPORATED","YUBA","CA",-121.97263,39.11882
"90167637",0,0,2016,"5800","3","5","3","08",0,1,"C","Y",,,,,900,4,"C","E","F","SR-70 S/B","FEATHER RIVER BLVD N.",1000,"S","N","2016-04-28",9285,"2016-04-22",822,"018522",,"1","9","0","1",,"1","020","-","Y",,0,0,,,0,,,,"N",3,"A","-",22107,,"N","B","H","-","A","D","0","Y","A","01",0,1,0,0,1,0,0,0,0,"-","-","UNINCORPORATED","YUBA","CA",-121.5744,39.12263
"90165785",-121.560736,39.0962745,2016,"5800","4","4","4","03",0,3,"A",,,,,,1200,4,"C","C","A","ARBOGA RD","SKY HARBOR DR",135,"S","N","2016-04-26",9285,"2016-04-21",928,"017118",,"1","9","0","2",,"1","022","-","N",,0,0,,,0,,,,"Y",2,"A","-",22350,,"N","A","H","-","A","D","0","Y","A","01",0,0,3,0,0,0,0,0,0,"-","-","UNINCORPORATED","YUBA","CA",-121.56071,39.09628
"90165626",-121.4723006,39.2189886,2016,"5800","3","3","4","03",0,1,"A",,,,,,1800,4,"C","C","A","SR-20","SPRING VALLEY RD",1925,"W","N","2016-04-26",9285,"2016-04-20",1610,"014480",,"2","9","0","1",,"1","062","-","Y",,0,0,,,0,,,,"Y",2,"A","-",22350,,"N","A","H","-","A","D","0","Y","D","22",0,0,1,0,0,0,0,0,0,"-","-","UNINCORPORATED","YUBA","CA",-121.47192,39.21861
"90165069",-121.5438959,39.1823295,2016,"5800","3","5","4","18",0,1,"A",,,"Y",,,1500,4,"F","I","A","SR-20","PLANTZ RD",427,"E","N","2016-04-25",9285,"2016-04-15",1315,"017118",,"1","9","0","1",,"1","062","-","Y",,0,0,,,0,,,,"Y",1,"C","-",0,,"N","A","H","-","A","D","0","Y","-","-",0,0,1,0,0,0,0,0,1,"-","-","UNINCORPORATED","YUBA","CA",-121.54407,39.18219
"90162394",-121.4444033,39.1676432,2016,"5800","4","3","3","08",0,1,"A",,,,,,1200,4,"E","I","A","HAMMONTON SMARTVILLE ROAD","DOOLITTLE DRIVE",1584,"W","N","2016-04-21",9285,"2016-04-20",1155,"014596",,"1","9","0","2",,"1","042","-","N",,0,0,,,0,,,,"Y",1,"A","-",22107,,"N","A","H","-","A","D","0","Y","A","01",0,1,0,0,0,0,0,0,0,"-","-","UNINCORPORATED","YUBA","CA",-121.4422,39.16825
"90161908",-121.3105332,39.4023073,2016,"5800","4","1","2","08",0,1,"A",,,,"Y",,1200,4,"F","A","A","WILLOW GLEN ROAD","SKY GLEN DR",9504,"N","N","2016-04-20",9285,"2016-04-18",920,"018291",,"1","9","0","2",,"2","081","-","N",,0,0,,,0,,,,"Y",1,"A","-",22107,,"N","A","H","-","A","D","0","Y","F","27",1,0,0,0,0,0,0,0,0,"-","-","UNINCORPORATED","YUBA","CA",-121.31043,39.40319
"90158069",-121.5499731,39.103625,2016,"5800","4","5","3","05",0,2,"A",,,,,,900,4,"B","C","A","LINDHURST AVENUE","OLIVEHURST AVENUE",0,,"Y","2016-04-14",9285,"2016-04-01",630,"017118",,"1","9","0","2",,"1","022","-","N",,0,0,,,0,,,,"Y",2,"A","-",21460,"A","N","A","H","-","B","A","0","Y","A","01",0,1,1,0,0,0,0,0,0,"-","-","UNINCORPORATED","YUBA","CA",-121.5506,39.10358
"90154797",-121.557893,39.1275573,2016,"5800","4","3","4","07",0,1,"A",,,,,,1800,3,"B","C","A","NORTH BEALE ROAD","PARK AVENUE",193,"E","N","2016-04-11",9285,"2016-03-30",1705,"017534",,"2","9","0","2",,"1","041","-","N",,0,0,,,0,,,,"N",2,"A","-",21658,"A","N","A","H","-","A","D","0","Y","A","07",0,0,1,0,0,0,0,0,0,"-","-","UNINCORPORATED","YUBA","CA",-121.55788,39.1275
"90151748",0,0,2016,"5800","3","1","1","11",1,0,"B","Y",,,,,600,3,"G","B","E","STATE ROUTE 99","RICHLAND ROAD",735,"S","N","2016-04-06",9285,"2016-03-14",350,"018636",,"3","9","0","1",,"1","051","-","Y",,0,0,,,0,,,,"N",3,"A","-",21954,"A","N","B","H","-","D","D","0","Y","N","60",0,0,0,1,0,0,0,0,0,"-","-","UNINCORPORATED","YUBA","CA",-121.63477,39.11569
"90150511",0,0,2016,"5800","3","6","1","01",1,1,"C",,,,,"Y",2100,3,"E","J","A","NORTHBOUND STATE ROUTE 70","SR-65",70,"S","N","2016-04-05",9285,"2016-03-05",1915,"018107",,"2","9","0","1",,"1","020","-","Y",,0,0,,,0,,,,"Y",1,"A","-",23152,"A","N","B","F","G","D","A","0","Y","A","01",0,0,1,0,0,0,0,0,0,"-","-","UNINCORPORATED","YUBA","CA",-121.54042,39.09096
"90150368",0,0,2016,"5800","3","1","4","03",0,1,"A",,,"Y",,,1800,3,"C","C","A","STATE ROUTE 70 S/B TO OLIVEHURST AVENUE","OLIVEHURST AVE",10,"N","N","2016-04-04",9285,"2016-03-28",1655,"017272",,"2","9","0","1",,"1","020","-","Y",,0,0,,,0,,,,"Y",2,"A","-",22350,,"N","A","H","-","A","A","0","Y","C","02",0,0,1,0,0,0,0,0,1,"-","-","UNINCORPORATED","YUBA","CA",-121.55096,39.1021
"90150339",-121.3979167,39.255107,2016,"5800","4","1","3","08",0,1,"B",,,,,,1800,3,"E","I","A","MARYSVILLE RD","CLELL WAY",528,"N","N","2016-04-04",9285,"2016-03-28",1530,"016343",,"2","9","0","2",,"1","061","-","N",,0,0,,,0,,,,"Y",1,"A","-",22107,,"N","A","H","-","A","D","0","Y","A","01",0,1,0,0,0,0,0,0,0,"-","-","UNINCORPORATED","YUBA","CA",-121.39806,39.25472
"90150295",0,0,2016,"5800","4","5","4","09",0,1,"A",,,,,,1800,3,"D","C","A","SR-70 N/B TO MCGOWAN PARKWAY","MCGOWAN PARKWAY",0,,"Y","2016-04-04",9285,"2016-03-25",1725,"017118",,"2","9","0","2",,"1","022","-","Y",,0,0,,,0,,,,"Y",2,"A","-",21802,"A","N","A","H","-","A","A","0","Y","A","01",0,0,1,0,0,0,0,0,0,"-","-","UNINCORPORATED","YUBA","CA",-121.5407,39.07742
"90150246",-121.5506653,39.0771497,2016,"5800","4","2","4","03",0,1,"A","Y",,,,,900,3,"G","B","C","MCGOWAN PARKWAY","DEATON DRIVE",452,"W","N","2016-04-04",9285,"2016-03-22",802,"017272",,"1","9","0","2",,"1","022","-","N",,0,0,,,0,,,,"N",2,"A","-",22350,,"N","A","H","-","A","A","0","Y","A","01",0,0,1,0,1,0,0,0,0,"-","-","UNINCORPORATED","YUBA","CA",-121.55077,39.07711
"90149777",-121.0758834,39.4328348,2016,"5800","3","6","2","03",0,1,"A",,,"Y",,,1500,3,"E","I","A","SR-49","MARYSVILLE RD",2640,"S","N","2016-04-04",9230,"2016-03-19",1315,"020411",,"1","9","0","1",,"1","081","-","Y",,0,0,,,0,,,,"Y",1,"A","-",22350,,"N","A","H","-","A","D","0","Y","C","02",1,0,0,0,0,0,0,0,1,"-","-","UNINCORPORATED","YUBA","CA",-121.076,39.43063
"90148205",-121.5550075,39.1098169,2016,"5800","4","7","4","09",0,2,"B",,,,,,1800,3,"A","C","A","LINDHURST AVE","ERLE RD.",1600,"S","N","2016-03-30",9285,"2016-03-13",1546,"018475",,"2","9","0","2",,"1","022","C","N",,0,0,,,0,,,,"Y",2,"A","-",21801,"A","N","B","H","-","A","D","0","Y","A","01",0,0,2,0,0,0,0,0,0,"-","-","UNINCORPORATED","YUBA","CA",-121.55504,39.10963
"90147674",-121.5295932,39.265597,2016,"5800","5","6","3","03",0,1,"A",,,,,,1200,3,"F","A","A","RAMIREZ RD","TANABE RD",148,"N","N","2016-03-30",9285,"2016-03-26",1148,"017129",,"1","9","0","3",,"1","006","-","N",,0,0,,,0,,,,"Y",1,"A","-",22350,,"N","A","H","-","A","D","0","Y","A","07",0,1,0,0,0,0,0,0,0,"-","-","UNINCORPORATED","YUBA","CA",-121.52957,39.26551
"90147566",0,0,2016,"5800","3","6","3","03",0,2,"A",,,"Y",,,1800,3,"C","C","A","STATE ROUTE 20","SMARTSVILLE ROAD",42,"W","N","2016-03-30",9285,"2016-03-19",1752,"017393",,"2","9","0","1",,"1","062","-","Y",,0,0,,,0,,,,"Y",2,"A","-",22350,,"N","A","H","-","A","D","0","Y","C","02",0,2,0,0,0,0,0,0,2,"-","-","UNINCORPORATED","YUBA","CA",-121.30714,39.20962
"90147336",0,0,2016,"5800","3","3","4","03",0,4,"A",,,,,,1500,3,"C","C","A","SR-70 S/B","LAURELLEN RAOD",1900,"N","N","2016-03-29",9285,"2016-03-23",1322,"017129",,"1","9","0","1",,"1","060","-","Y",,0,0,,,0,,,,"Y",3,"A","-",22350,,"N","A","H","-","A","D","0","Y","A","01",0,0,4,0,0,0,0,0,0,"-","-","UNINCORPORATED","YUBA","CA",-121.59066,39.1752
"90142339",0,0,2016,"5800","3","1","4","08",0,1,"B",,,,,,900,3,"E","I","A","STATE ROUTE 70 S/B","MCGOWAN PKY",7128,"S","N","2016-03-23",9285,"2016-03-21",705,"017272",,"1","9","0","1",,"1","020","-","Y",,0,0,,,0,,,,"Y",1,"A","-",22107,,"N","A","H","-","A","A","0","Y","A","01",0,0,1,0,0,0,0,0,0,"-","-","UNINCORPORATED","YUBA","CA",-121.54431,39.05813
"90142168",0,0,2016,"5800","3","2","4","03",0,2,"A",,,,,,1800,3,"C","C","A","SR-70 (SOUTHBOUND)","YUBA RIVER",3168,"S","N","2016-03-28",9285,"2016-03-22",1725,"014793",,"2","9","0","1",,"1","020","-","Y",,0,0,,,0,,,,"N",2,"A","-",22350,,"N","A","H","-","A","D","0","Y","A","07",0,0,2,0,0,0,0,0,0,"-","-","UNINCORPORATED","YUBA","CA",-121.58466,39.12888
"90141111",-121.5687874,39.12566,2016,"5800","4","6","3","11",0,1,"A","Y",,,,"Y",1800,3,"G","B","E","NORTH BEALE RD","AVONDALE AVE",475,"W","N","2016-03-22",9285,"2016-03-19",1724,"014401",,"2","9","0","2",,"1","041","-","N",,0,0,,,0,,,,"N",2,"A","-",21956,"A","N","A","H","-","A","D","0","Y","N","60",0,1,0,0,1,0,0,0,0,"-","-","UNINCORPORATED","YUBA","CA",-121.56878,39.12574
"90140684",-121.5611632,39.1274751,2016,"5800","4","4","4","03",0,1,"A",,,,,,1500,3,"C","C","A","N. BEALE RD.","LOWE AVE",0,,"Y","2016-03-21",9285,"2016-03-17",1240,"018475",,"1","9","0","2",,"1","041","-","N",,0,0,,,0,,,,"N",3,"A","-",22350,,"N","A","H","-","A","D","0","Y","D","22",0,0,1,0,0,0,0,0,0,"-","-","UNINCORPORATED","YUBA","CA",-121.55153,39.12736
"90140513",0,0,2016,"5800","5","3","4","05",0,1,"A",,"Y",,,,1800,3,"D","G","A","EDGEWATER CIRCLE","BAYWOOD WAY",0,,"Y","2016-03-21",9285,"2016-03-16",1500,"15048",,"2","9","0","3",,"1","004","-","N",,0,0,,,0,,,,"N",2,"A","-",21202,"A","N","A","H","-","A","A","0","Y","L","04",0,0,1,0,0,0,1,0,0,"-","-","UNINCORPORATED","YUBA","CA",-121.54708,39.11785
"90140143",-121.3926632,39.2804651,2016,"5800","5","4","4","08",0,1,"B",,,,,,2100,3,"F","I","A","SANDY WAY","MARYSVILLE ROAD",0,,"N","2016-03-21",9285,"2016-03-10",1925,"018636",,"2","9","0","3",,"1","006","C","N",,0,0,,,0,,,,"Y",1,"A","-",22107,,"N","B","H","-","D","D","0","Y","J","43",0,0,1,0,0,0,0,0,0,"-","-","UNINCORPORATED","YUBA","CA",-121.38288,39.28259
"90139083",0,0,2016,"5800","4","6","4","03",0,5,"C",,,,,,2100,3,"C","C","A"," SR-65 N/B (HUTCHINSON CREEK BRIDGE)","MCGOWAN PKY",1,"S","N","2016-04-28",9285,"2016-03-05",1852,"015976",,"2","9","0","2",,"2","025","G","Y",,0,0,,,0,,,,"Y",3,"A","-",22350,,"N","B","G","-","C","D","0","Y","A","01",0,0,5,0,0,0,0,0,0,"-","-","UNINCORPORATED","YUBA","CA",-121.52035,39.06978
"90138853",-121.560899,39.1274823,2016,"5800","4","3","4","04",0,2,"A",,,,,,2100,3,"C","C","A","N. BEALE ROAD","LOWE AVE",75,"E","N","2016-03-17",9285,"2016-03-16",2033,"018561",,"2","9","0","2",,"1","041","-","N",,0,0,,,0,,,,"Y",3,"A","-",21703,,"N","A","H","-","C","A","0","Y","A","01",0,0,2,0,0,0,0,0,0,"-","-","UNINCORPORATED","YUBA","CA",-121.56084,39.12757
"90135820",-121.2471563,39.4822367,2016,"5800","4","1","3","03",0,1,"D",,,,,,300,3,"E","J","A","LA PORTE ROAD","CHALLENGE CUT OFF RD",1056,"W","N","2016-03-14",9285,"2016-03-07",30,"017393",,"3","9","0","2",,"2","082","-","N",,0,0,,,0,,,,"Y",1,"A","-",22350,,"N","C","H","-","D","D","0","Y","A","01",0,1,0,0,0,0,0,0,0,"-","-","UNINCORPORATED","YUBA","CA",-121.24944,39.48143
"90135773",0,0,2016,"5800","3","5","4","08",0,1,"B",,,,,,1500,3,"D","C","A","SR-99"," FEATHER RIVER BLVD (NORTH)",220,"S","N","2016-03-14",9285,"2016-03-04",1320,"017118",,"1","9","0","1",,"1","020","C","Y",,0,0,,,0,,,,"Y",2,"A","-",22107,,"N","B","H","-","A","D","0","Y","A","07",0,0,1,0,0,0,0,0,0,"-","-","UNINCORPORATED","YUBA","CA",-121.5764,39.12415