"CASEID","POINT_X","POINT_Y","YEAR_","LOCATION","CHPTYPE","DAYWEEK","CRASHSEV","VIOLCAT","KILLED","INJURED","WEATHER1","PEDCOL","BICCOL","MCCOL","TRUCKCOL","ETOH","TIMECAT","MONTH_","CRASHTYP","INVOLVE","PED","PRIMARYRD","SECONDRD","DISTANCE","DIRECT","INTERSECT_","PROCDATE","JURIS","DATE_","TIME_","BADGE","JURIDIST","SHIFT","POP","SPECIAL","BEATTYPE","LAPDDIV","BEATCLAS","BEATNUMB","WEATHER2","STATEHW","CALTRANC","CALTRAND","STROUTE","ROUTESUF","POSTPRE","POSTMILE","LOCATYPE","RAMP","SIDEHW","TOWAWAY","PARTIES","PCF","VIOLCODE","VIOL","VIOLSUB","HITRUN","ROADSURF","RDCOND1","RDCOND2","LIGHTING","RIGHTWAY","CHPRDTYP","NOTPRIV","STFAULT","CHPFAULT","SEVINJ","OTHERINJ","COP","PEDKILL","PEDINJ","BICKILL","BICINJ","MCKILL","MCINJURE","RAMP1","RAMP2","CITY","COUNTY","STATE","X_CHP","Y_CHP"
"90133339",0,0,2016,"5800","4","1","2","08",0,1,"B",,,,,,1500,3,"E","I","A","WILLOW GLEN ROAD","MEADOW GLEN ",2376,"S","N","2016-03-10",9285,"2016-03-07",1200,"017393",,"1","9","0","2",,"2","081","-","N",,0,0,,,0,,,,"Y",1,"A","-",22107,,"N","B","H","-","A","D","0","Y","A","07",1,0,0,0,0,0,0,0,0,"-","-","UNINCORPORATED","YUBA","CA",-121.29208,39.41942
"90131666",0,0,2016,"5800","5","1","4","08",0,1,"A",,,,,,1800,3,"A","C","A","BAMBOO STREET","YARROW STREET",0,,"Y","2016-03-08",9285,"2016-03-07",1720,"014793",,"2","9","0","3",,"1","002","-","N",,0,0,,,0,,,,"Y",2,"A","-",22107,,"N","A","H","-","B","D","0","Y","A","01",0,0,1,0,0,0,0,0,0,"-","-","UNINCORPORATED","YUBA","CA",-121.56804,39.05744
"90131303",-121.5705132,39.124375,2016,"5800","4","5","3","10",0,2,"B","Y",,,,,2400,2,"G","B","B","N. BEALE ROAD","LINDHURST AVE",0,,"Y","2016-03-08",9285,"2016-02-19",2105,"018632",,"2","9","0","2",,"1","041","-","N",,0,0,,,0,,,,"N",3,"A","-",21950,"A","N","B","H","-","C","A","0","Y","D","22",0,2,0,0,2,0,0,0,0,"-","-","UNINCORPORATED","YUBA","CA",-121.57134,39.12452
"90131297",-121.5510931,39.101405,2016,"5800","4","2","2","10",0,1,"A","Y",,,,,2100,3,"G","B","B","OLIVEHURST AVE","POWERLINE RD",0,,"Y","2016-03-08",9285,"2016-03-01",1855,"018107",,"2","9","0","2",,"1","022","-","N",,0,0,,,0,,,,"N",2,"A","-",21950,"A","N","A","H","-","C","A","0","Y","A","07",1,0,0,0,1,0,0,0,0,"-","-","UNINCORPORATED","YUBA","CA",-121.55115,39.10136
"90130332",-121.5373422,39.0787375,2016,"5800","5","2","4","03",0,1,"A",,,,,,1800,2,"C","C","A","EVELYN DR","MARTEL DR",100,"S","N","2016-03-07",9285,"2016-02-23",1518,"018561",,"2","9","0","3",,"1","002","-","N",,0,0,,,0,,,,"N",2,"A","-",22350,,"N","A","H","-","A","D","0","Y","A","01",0,0,1,0,0,0,0,0,0,"-","-","UNINCORPORATED","YUBA","CA",-121.53743,39.07864
"90127088",-121.5811692,39.1203211,2016,"5800","4","1","4","11",0,1,"A","Y",,,,,1800,2,"G","B","D","FEATHER RIVER BLVD","ALICIA AVE",160,"N","N","2016-03-01",9285,"2016-02-29",1650,"019168",,"2","9","0","2",,"2","021","-","N",,0,0,,,0,,,,"N",2,"A","-",21950,"B","N","A","H","-","A","D","0","Y","N","60",0,0,1,0,1,0,0,0,0,"-","-","UNINCORPORATED","YUBA","CA",-121.58111,39.12036
"90126186",-121.5306113,39.07754,2016,"5800","5","3","4","21",0,1,"B",,,,,,1800,2,"C","C","A","OLIVE AVE","MCGOWAN PKY",20,"N","N","2016-03-01",9285,"2016-02-17",1521,"018561",,"2","9","0","3",,"1","002","-","Y",,0,0,,,0,,,,"N",2,"A","-",22106,,"N","A","H","-","A","A","0","Y","D","22",0,0,1,0,0,0,0,0,0,"-","-","UNINCORPORATED","YUBA","CA",-121.53066,39.07751
"90125968",0,0,2016,"5800","3","7","3","08",0,1,"A",,,,,,300,2,"F","I","A","SR-70 N/B","ELLIS RD",1584,"S","N","2016-02-29",9285,"2016-02-28",240,"018522",,"3","9","0","1",,"1","060","-","Y",,0,0,,,0,,,,"Y",1,"A","-",22107,,"N","A","H","-","D","D","0","Y","A","01",0,1,0,0,0,0,0,0,0,"-","-","UNINCORPORATED","YUBA","CA",-121.59483,39.19332
"90125903",0,0,2016,"5800","4","3","4","00",0,1,"A",,,,,,900,2,"A","C","A","HAMMONTON SMARTSVILLE ROAD","SIMPSON LANE",0,,"Y","2016-02-29",9285,"2016-02-17",725,"017900",,"1","9","0","2",,"1","042","-","N",,0,0,,,0,,,,"Y",2,"D","-",0,,"N","A","H","-","A","A","0","Y","-","-",0,0,1,0,0,0,0,0,0,"-","-","UNINCORPORATED","YUBA","CA",-121.55203,39.13437
"90125809",-121.3691044,39.3129511,2016,"5800","4","6","4","01",0,1,"A",,,,,"Y",1800,2,"E","I","A","MARYSVILLE RD","SCOTT GRANT RD",297,"S","N","2016-02-29",9285,"2016-02-27",1750,"014480",,"2","9","0","2",,"1","061","-","N",,0,0,,,0,,,,"Y",1,"A","-",23152,"A","M","A","H","-","D","D","0","Y","A","01",0,0,1,0,0,0,0,0,0,"-","-","UNINCORPORATED","YUBA","CA",-121.36909,39.31228
"90125760",0,0,2016,"5800","3","3","4","03",0,2,"A",,,,,,900,2,"C","C","A","SR-70 N/B","FEATHER RIVER BLVD",3168,"N","N","2016-02-29",9285,"2016-02-24",753,"018561",,"1","9","0","1",,"1","020","-","Y",,0,0,,,0,,,,"Y",2,"A","-",22350,,"N","A","H","-","A","D","0","Y","A","07",0,0,2,0,0,0,0,0,0,"-","-","UNINCORPORATED","YUBA","CA",-121.58543,39.12955
"90125151",-121.5973032,39.2644651,2016,"5800","3","5","4","09",0,1,"A",,,,,,2400,2,"B","C","A","SR-70","RAMIREZ RD",0,,"Y","2016-02-29",9285,"2016-02-12",2200,"018475",,"3","9","0","1",,"1","060","-","N",,0,0,,,0,,,,"N",2,"A","-",21801,"A","N","A","H","-","D","A","0","Y","A","01",0,0,1,0,0,0,0,0,0,"-","-","UNINCORPORATED","YUBA","CA",-121.59713,39.26459
"90123636",-121.5514665,39.0996816,2016,"5800","4","3","4","03",0,2,"A",,,,,,1500,2,"C","C","A","OLIVEHURST AVE","5TH AVENUE",45,"S","N","2016-02-25",9285,"2016-02-24",1441,"017129",,"2","9","0","2",,"1","022","-","N",,0,0,,,0,,,,"Y",2,"A","-",22350,,"N","A","H","-","A","D","0","Y","A","01",0,0,2,0,0,0,0,0,0,"-","-","UNINCORPORATED","YUBA","CA",-121.55141,39.09961
"90121326",-121.5629031,39.1131051,2016,"5800","5","3","4","09",0,1,"B",,,,,,2100,2,"D","C","A","ERLE ROAD","CHESTNUT RD",0,,"Y","2016-02-23",9285,"2016-02-03",1800,"018107",,"2","9","0","3",,"1","004","C","N",,0,0,,,0,,,,"N",2,"A","-",21802,"A","N","B","H","-","D","A","0","Y","A","01",0,0,1,0,0,0,0,0,0,"-","-","UNINCORPORATED","YUBA","CA",-121.56285,39.11311
"90120916",0,0,2016,"5800","5","3","4","03",0,2,"B",,,,,,900,2,"C","C","A","ERLE RD","SR-70 S/B",30,"W","N","2016-02-22",9285,"2016-02-17",730,"018561",,"1","9","0","3",,"1","002","-","Y",,0,0,,,0,,,,"N",2,"A","-",22350,,"N","A","H","-","A","D","0","Y","A","01",0,0,2,0,0,0,0,0,0,"-","-","UNINCORPORATED","YUBA","CA",-121.56002,39.11323
"90120545",-121.5758161,39.1256242,2016,"5800","4","3","4","03",0,1,"B",,,,,,1800,2,"C","C","A","FEATHER RIVER BLVD","N. BEALE ROAD",10,"W","N","2016-02-22",9285,"2016-02-17",1750,"017118",,"2","9","0","2",,"2","021","C","N",,0,0,,,0,,,,"N",2,"A","-",22350,,"N","B","H","-","D","A","0","Y","A","07",0,0,1,0,0,0,0,0,0,"-","-","UNINCORPORATED","YUBA","CA",-121.3433,39.0732
"90120250",0,0,2016,"5800","3","6","2","08",0,1,"A",,,,,,900,2,"E","I","A","SR-70 N/B","OLIVEHURST AVE",1584,"S","N","2016-02-22",9285,"2016-02-13",830,"017129",,"1","9","0","1",,"1","020","-","Y",,0,0,,,0,,,,"Y",1,"A","-",22107,,"N","A","H","-","A","D","0","Y","A","01",1,0,0,0,0,0,0,0,0,"-","-","UNINCORPORATED","YUBA","CA",-121.54648,39.09979
"90120229",-121.5542132,39.113335,2016,"5800","5","6","3","09",0,1,"A",,,"Y",,,2100,1,"B","C","A","ERLE ROAD","EDGEWATER CIR",0,,"Y","2016-02-22",9285,"2016-01-30",1814,"018522",,"2","9","0","3",,"1","002","-","N",,0,0,,,0,,,,"Y",2,"A","-",21801,"A","N","A","H","-","C","A","0","Y","A","01",0,1,0,0,0,0,0,0,1,"-","-","UNINCORPORATED","YUBA","CA",-121.55437,39.11336
"90118541",-121.3653297,39.2753994,2016,"5800","5","3","2","01",0,1,"A",,,"Y",,"Y",1800,2,"E","I","A","PEORIA ROAD","SAENGER TRAIL",792,"S","N","2016-02-18",9285,"2016-02-10",1530,"017534",,"2","9","0","3",,"1","006","-","N",,0,0,,,0,,,,"N",1,"A","-",23152,"A","N","A","H","-","A","D","0","Y","C","06",1,0,0,0,0,0,0,0,1,"-","-","UNINCORPORATED","YUBA","CA",-121.36529,39.27548
"90118472",0,0,2016,"5800","4","6","3","09",0,4,"A",,,,,,900,2,"D","C","A","SR-65 N/B","S. BEALE RD",0,,"Y","2016-02-18",9285,"2016-02-06",620,"016343",,"1","9","0","2",,"2","025","-","Y",,0,0,,,0,,,,"Y",2,"A","-",21802,"A","N","A","H","-","D","A","0","Y","A","01",0,1,3,0,0,0,0,0,0,"-","-","UNINCORPORATED","YUBA","CA",-121.47166,39.04077
"90118228",-121.5683074,39.1206694,2016,"5800","5","5","2","03",0,1,"C","Y",,,,,600,1,"G","B","E","HAMMONTON SMARTVILLE RD","RUPERT AVENUE",350,"E","N","2016-06-09",9285,"2016-01-29",535,"018522",,"3","9","0","3",,"1","004","-","N",,0,0,,,0,,,,"N",3,"A","-",22350,,"N","B","H","-","D","D","0","Y","A","01",1,0,0,0,1,0,0,0,0,"-","-","UNINCORPORATED","YUBA","CA",-121.56276,39.12353
"90116369",-121.5424568,39.0913728,2016,"5800","5","1","2","03",0,1,"A",,,"Y",,,1800,2,"C","C","A","POWERLINE ROAD","9TH STREET",30,"S","N","2016-02-16",9285,"2016-02-15",1610,"017272",,"2","9","0","3",,"1","002","-","N",,0,0,,,0,,,,"N",2,"A","-",22350,,"N","A","H","-","A","A","0","Y","C","02",1,0,0,0,0,0,0,0,1,"-","-","UNINCORPORATED","YUBA","CA",-121.54241,39.09129
"90116319",-121.3453103,39.1931072,2016,"5800","4","6","2","08",0,1,"A",,,"Y",,,1200,2,"E","I","A","HAMMONTON SMARTVILLE ROAD","SOUTH GOLDEN PKWY",8976,"W","N","2016-02-16",9285,"2016-02-13",1015,"15048",,"1","9","0","2",,"1","042","-","N",,0,0,,,0,,,,"Y",1,"A","-",22107,,"N","A","H","-","A","D","0","Y","C","02",1,0,0,0,0,0,0,0,1,"-","-","UNINCORPORATED","YUBA","CA",-121.34606,39.19346
"90116221",-121.5495765,39.0805674,2016,"5800","5","5","4","09",0,1,"A",,,,,,1800,2,"D","C","A","ARDMORE AVENUE","BAUGH STREET",32,"S","N","2016-02-16",9285,"2016-02-12",1615,"15048",,"2","9","0","3",,"1","002","-","N",,0,0,,,0,,,,"N",2,"A","-",21801,"A","N","A","H","-","A","D","0","Y","D","22",0,0,1,0,0,0,0,0,0,"-","-","UNINCORPORATED","YUBA","CA",-121.54963,39.08047
"90113721",0,0,2016,"5800","4","6","3","08",0,1,"A",,,,,,1200,2,"E","I","A","HAMMONTON SMARTVILLE RD","WALLEN DRIVE",1650,"E","N","2016-02-11",9285,"2016-02-06",910,"017272",,"1","9","0","2",,"1","042","-","N",,0,0,,,0,,,,"Y",1,"A","-",22107,,"N","A","H","-","A","A","0","Y","D","22",0,1,0,0,0,0,0,0,0,"-","-","UNINCORPORATED","YUBA","CA",-121.51065,39.14298
"90113659",0,0,2016,"5800","3","1","4","07",0,1,"A",,,,,,900,2,"A","C","A","SR-70 N/B","FEATHER RIVER BLVD (NORTH)",0,,"Y","2016-02-11",9285,"2016-02-01",750,"018561",,"1","9","0","1",,"1","020","-","Y",,0,0,,,0,,,,"Y",2,"A","-",21658,"A","N","A","H","-","A","D","0","Y","A","01",0,0,1,0,0,0,0,0,0,"-","-","UNINCORPORATED","YUBA","CA",-121.57721,39.12469
"90113650",0,0,2016,"5800","3","5","3","03",0,1,"C",,,,,,1200,1,"F","A","A","STATE ROUTE 20  W/B","PLANTZ RD",500,"E","N","2016-02-11",9285,"2016-01-22",1130,"017129",,"1","9","0","1",,"1","062","-","Y",,0,0,,,0,,,,"Y",1,"A","-",22350,,"N","B","H","-","A","D","0","Y","A","01",0,1,0,0,0,0,0,0,0,"-","-","UNINCORPORATED","YUBA","CA",-121.54367,39.18271
"90111144",-121.5491233,39.0755312,2016,"5800","5","7","3","11",0,1,"A","Y",,,,,1500,1,"G","B","D","DEATON DRIVE","LARRY STREET",239,"N","N","2016-02-08",9285,"2016-01-31",1310,"017118",,"1","9","0","3",,"1","002","-","N",,0,0,,,0,,,,"N",2,"A","-",21954,"A","N","A","H","-","A","D","0","Y","N","60",0,1,0,0,1,0,0,0,0,"-","-","UNINCORPORATED","YUBA","CA",-121.54911,39.0756
"90107533",0,0,2016,"5800","3","2","4","03",0,1,"A",,,,,,900,1,"C","C","A","SR 70 (NORTHBOUND)","NORTH BEALE ROAD ON-RAMP",37,"S","N","2016-02-02",9285,"2016-01-26",800,"015048",,"1","9","0","1",,"1","020","-","Y",,0,0,,,0,,,,"Y",2,"A","-",22350,,"N","A","H","-","A","D","0","Y","D","22",0,0,1,0,0,0,0,0,0,"-","-","UNINCORPORATED","YUBA","CA",-121.58582,39.12991
"90106863",-121.5945432,39.189455,2016,"5800","3","5","2","03",0,1,"C",,,"Y",,,300,1,"F","I","A","SR-70","SADDLEBACK DR",0,,"Y","2016-02-01",9285,"2016-01-29",35,"018475",,"3","9","0","1",,"1","060","-","Y",,0,0,,,0,,,,"Y",1,"A","-",22350,,"N","B","H","-","D","D","0","Y","C","02",1,0,0,0,0,0,0,0,1,"-","-","UNINCORPORATED","YUBA","CA",-121.59443,39.1895
"90102315",0,0,2016,"5800","5","6","4","01",0,1,"A",,,,,"Y",2100,1,"E","I","A","SR-20 (E/B)","TIMBUCTOO ROAD",1100,"W","N","2016-01-26",9285,"2016-01-23",1840,"018291",,"2","9","0","3",,"1","006","-","Y",,0,0,,,0,,,,"Y",1,"A","-",23152,"A","N","A","H","-","D","D","0","Y","D","22",0,0,1,0,0,0,0,0,0,"-","-","UNINCORPORATED","YUBA","CA",-121.31359,39.21046
"90102313",0,0,2016,"5800","4","6","4","11",0,1,"A","Y",,,,,2100,1,"G","B","E","LOMA RICA RD","FRUITLAND RD",528,"W","N","2016-01-26",9285,"2016-01-23",1902,"019168",,"2","9","0","2",,"1","061","-","N",,0,0,,,0,,,,"N",2,"A","-",21956,,"N","A","H","-","C","D","0","Y","N","60",0,0,1,0,1,0,0,0,0,"-","-","UNINCORPORATED","YUBA","CA",-121.41988,39.30977
"90101330",-121.5754923,39.114694,2016,"5800","5","3","3","08",0,1,"A","Y",,,,,2100,1,"G","B","E","GRAND AVE.","ALICIA AVE",330,"S","N","2016-01-25",9285,"2016-01-13",1940,"018291",,"2","9","0","3",,"1","002","-","N",,0,0,,,0,,,,"N",2,"A","-",22107,,"F","A","H","-","C","D","0","Y","D","22",0,1,0,0,1,0,0,0,0,"-","-","UNINCORPORATED","YUBA","CA",-121.57533,39.11476
"90099930",-121.5965732,39.2085351,2016,"5800","3","6","4","09",0,1,"B",,,,,,1800,1,"D","C","A","NOBLE ROAD","STATE ROUTE 70",0,,"Y","2016-01-21",9285,"2016-01-16",1730,"017129",,"2","9","0","1",,"1","060","-","Y",,0,0,,,0,,,,"Y",2,"A","-",21802,"A","N","B","H","-","D","A","0","Y","A","01",0,0,1,0,0,0,0,0,0,"-","-","UNINCORPORATED","YUBA","CA",-121.59639,39.20859
"90099395",-121.3043778,39.20657,2016,"5800","3","1","3","18",0,1,"A",,,,,,1800,1,"E","I","A","WESTBOUND STATE ROUTE 20","SMARTVILLE RD",1270,"E","N","2016-01-21",9285,"2016-01-11",1740,"017534",,"2","9","0","1",,"1","062","-","Y",,0,0,,,0,,,,"Y",1,"C","-",0,,"N","A","H","-","D","D","0","Y","-","-",0,1,0,0,0,0,0,0,0,"-","-","UNINCORPORATED","YUBA","CA",-121.30463,39.20696
"90099167",-121.5516041,39.0952394,2016,"5800","5","4","4","10",0,1,"B","Y",,,,,1800,1,"G","B","B","OLIVEHURST AVENUE","7TH STREET ",13,"S","N","2016-01-20",9285,"2016-01-14",1630,"015069",,"2","9","0","3",,"1","002","-","N",,0,0,,,0,,,,"N",2,"A","-",21950,"A","F","B","H","-","A","A","0","Y","D","22",0,0,1,0,1,0,0,0,0,"-","-","UNINCORPORATED","YUBA","CA",-121.55172,39.09518
"90098928",-121.4172744,39.3125602,2016,"5800","4","5","4","01",0,1,"B",,,,,"Y",1800,1,"A","C","A","LOMA RICA RD","SUMMIT AVE",40,"S","N","2016-01-20",9285,"2016-01-15",1705,"014480",,"2","9","0","2",,"1","061","-","N",,0,0,,,0,,,,"Y",2,"A","-",23153,"A","N","A","H","-","D","D","0","Y","A","07",0,0,1,0,0,0,0,0,0,"-","-","UNINCORPORATED","YUBA","CA",-121.41712,39.31253
"90098935",-121.2711159,39.3578164,2016,"5800","4","6","3","08",0,1,"B",,,,,,1200,1,"F","A","A","MARYSVILLE RD","RICES CROSSING RD",2376,"E","N","2016-01-20",9285,"2016-01-16",1000,"014480",,"1","9","0","2",,"2","081","C","N",,0,0,,,0,,,,"Y",1,"A","-",22107,,"N","B","H","-","A","D","0","Y","A","07",0,1,0,0,0,0,0,0,0,"-","-","UNINCORPORATED","YUBA","CA",-121.27222,39.35752
"90098872",-121.3163818,39.1985698,2016,"5800","4","3","4","08",0,1,"B",,,,,,1200,1,"E","I","A","HAMMONTON SMARTVILLE RD","S. GOLDEN PARKWAY",28,"S","N","2016-01-20",9285,"2016-01-13",955,"016343",,"1","9","0","2",,"1","042","-","N",,0,0,,,0,,,,"Y",1,"A","-",22107,,"N","B","H","-","A","D","0","Y","A","07",0,0,1,0,0,0,0,0,0,"-","-","UNINCORPORATED","YUBA","CA",-121.34381,39.19264
"90098569",-121.5557806,39.1273877,2016,"5800","4","5","4","03",0,1,"B",,,,,,900,1,"C","C","A","HAMMONTON SMARTVILLE RD","N BEALE ROAD",100,"S","N","2016-01-20",9285,"2016-01-15",745,"017129",,"1","9","0","2",,"1","042","-","N",,0,0,,,0,,,,"N",2,"A","-",22350,,"N","A","H","-","A","D","0","Y","A","07",0,0,1,0,0,0,0,0,0,"-","-","UNINCORPORATED","YUBA","CA",-121.55594,39.12735
"90095132",-121.2636703,39.4753656,2016,"5800","4","1","2","01",0,1,"A",,,"Y",,,2100,1,"E","J","A","LA PORTE ROAD","NERO ROAD",1584,"N","N","2016-01-14",9285,"2016-01-11",1910,"017393",,"2","9","0","2",,"2","082","-","N",,0,0,,,0,,,,"Y",1,"A","-",23152,"E","N","A","H","-","D","D","0","Y","C","02",1,0,0,0,0,0,0,0,1,"-","-","UNINCORPORATED","YUBA","CA",-121.26507,39.47453
"90094419",0,0,2016,"5800","3","3","4","08",0,1,"B",,,,,,2400,1,"H","A","A","SR-70 (N/B)","ERLE ROAD OVERCROSSING",300,"S","N","2016-01-13",9285,"2016-01-06",2120,"018291",,"2","9","0","1",,"1","020","-","Y",,0,0,,,0,,,,"N",1,"A","-",22107,,"N","B","H","-","C","D","0","Y","A","01",0,0,1,0,0,0,0,0,0,"-","-","UNINCORPORATED","YUBA","CA",-121.55793,39.11208
"90094409",0,0,2016,"5800","3","1","3","03",0,1,"B",,,,"Y",,1500,1,"C","C","A","SR-70 N/B OFF RAMP TO MCGOWAN PKWY","MCGOWAN PARKWAY",80,"S","N","2016-01-13",9285,"2016-01-04",1325,"016343",,"1","9","0","1",,"1","020","-","Y",,0,0,,,0,,,,"Y",2,"A","-",22350,,"N","B","H","-","A","A","0","Y","A","07",0,1,0,0,0,0,0,0,0,"-","-","UNINCORPORATED","YUBA","CA",-121.54057,39.07715
"90094379",-121.2112234,39.3694972,2016,"5800","5","6","2","08",0,1,"A",,,,,,2400,1,"E","I","A","TEXAS HILL RD","INGERSOLL DR",185,"E","N","2016-01-13",9285,"2016-01-02",2131,"018522",,"2","9","0","3",,"1","008","-","N",,0,0,,,0,,,,"N",1,"A","-",22107,,"N","A","H","-","D","D","0","Y","A","08",1,0,0,0,0,0,0,0,0,"-","-","UNINCORPORATED","YUBA","CA",-121.21095,39.36967
"90089004",-121.5864331,39.123325,2016,"5800","5","5","3","01",0,1,"A",,,,,"Y",300,1,"E","I","A","ALICIA AVE","RIVERSIDE DR",0,,"Y","2016-01-06",9285,"2016-01-01",30,"019168",,"3","9","0","3",,"1","002","-","N",,0,0,,,0,,,,"Y",1,"A","-",23152,"A","N","A","H","-","C","A","0","Y","A","01",0,1,0,0,0,0,0,0,0,"-","-","UNINCORPORATED","YUBA","CA",-121.58657,39.12312
"8284500",0,0,2016,"5801","0","5","4","09",0,1,"A",,"Y",,,,1200,12,"D","G","A","9TH ST","E ST",184,"E","N","2017-01-24",5801,"2016-12-23",958,"308","YUBAS","5","3","0","0",,"0","5801","-","Y",,0,0,,,0,,,,"N",2,"A","-",21804,"A","N","A","H","-","A","A","0","Y","L","04",0,0,1,0,0,0,1,0,0,"-","-","MARYSVILLE","YUBA","CA",0,0
"8284434",-121.5912732,39.1446351,2016,"5801","0","7","4","21",0,1,"A","Y",,,,,1800,12,"G","B","F","E ST","9TH ST",0,,"Y","2017-01-23",5801,"2016-12-25",1523,"327","5801","5","3","0","0",,"0",,"-","N",,0,0,,,0,,,,"N",2,"A","-",22106,,"N","A","H","-","A","D","0","Y","A","01",0,0,1,0,0,0,0,0,0,"-","-","MARYSVILLE","YUBA","CA",0,0
"8283208",-121.5947332,39.137605,2016,"5801","0","2","4","12",0,1,"A",,,,,,1200,12,"D","C","A","3RD ST","H ST",0,,"Y","2017-02-17",5801,"2016-12-27",1009,"321","YUBA","5","3","0","0",,"0",,"-","N",,0,0,,,0,,,,"Y",2,"A","-",21453,"A","N","A","H","-","A","A","0","Y","A","01",0,0,1,0,0,0,0,0,0,"-","-","MARYSVILLE","YUBA","CA",0,0
"8283073",-121.5866099,39.1484546,2016,"5801","0","4","3","09",0,1,"A",,,,,,900,12,"A","C","A","EAST 12TH ST","B ST",135,"E","N","2017-01-24",5801,"2016-12-01",625,"308","YUBAS","5","3","0","0",,"0","5801","-","Y",,0,0,,,0,,,,"Y",2,"A","-",21804,"A","N","A","-","-","C","A","0","Y","A","01",0,1,0,0,0,0,0,0,0,"-","-","MARYSVILLE","YUBA","CA",0,0
"8280817",0,0,2016,"5801","0","7","4","03",0,1,"A",,,,,,1200,12,"C","C","A","10TH ST","I ST",421,"E","N","2017-01-17",5801,"2016-12-25",942,"317","5801","5","3","0","0",,"0",,"-","Y",,0,0,,,0,,,,"N",3,"A","-",22350,,"N","A","H","-","A","D","0","Y","A","01",0,0,1,0,0,0,0,0,0,"-","-","MARYSVILLE","YUBA","CA",0,0
"8280813",-121.5915133,39.1455351,2016,"5801","0","2","4","03",0,1,"A",,,"Y",,,1500,12,"H","I","A","E ST","RT 20",0,,"Y","2017-01-17",5801,"2016-12-20",1239,"316","5801","5","3","0","0",,"0",,"-","Y",,0,0,,,0,,,,"N",1,"A","-",22350,,"N","A","H","-","A","D","0","Y","C","03",0,0,1,0,0,0,0,0,1,"-","-","MARYSVILLE","YUBA","CA",0,0
"8203443",-121.5917732,39.1378451,2016,"5801","0","7","3","09",0,2,"A",,,,,,1800,12,"D","C","A","3RD ST","F ST",0,,"Y","2017-01-09",5801,"2016-12-18",1510,"317","5801","5","3","0","0",,"0",,"-","N",,0,0,,,0,,,,"Y",2,"A","-",21801,"A","N","A","H","-","A","A","0","Y","A","01",0,1,1,0,0,0,0,0,0,"-","-","MARYSVILLE","YUBA","CA",0,0
"8201875",0,0,2016,"5801","0","5","4","03",0,3,"B",,,,,,1800,12,"E","J","A","EAST 12TH ST","BUCHANAN ST",602,"N","N","2017-01-06",5801,"2016-12-09",1711,"327",,"5","3","0","0",,"0",,"-","N",,0,0,,,0,,,,"N",1,"A","-",22350,,"N","B","H","-","C","D","0","Y","A","01",0,0,3,0,0,0,0,0,0,"-","-","MARYSVILLE","YUBA","CA",0,0
"8201871",-121.5935331,39.1501451,2016,"5801","0","4","4","12",0,1,"B",,,,,,2100,12,"D","C","A","14TH ST","F ST",0,,"Y","2017-01-06",5801,"2016-12-15",1931,"319",,"5","3","0","0",,"0",,"-","N",,0,0,,,0,,,,"Y",2,"A","-",22450,"A","N","B","H","-","C","A","0","Y","A","01",0,0,1,0,0,0,0,0,0,"-","-","MARYSVILLE","YUBA","CA",0,0
"8198685",-121.5958166,39.1454805,2016,"5801","0","2","4","03",0,1,"A",,,,,,1800,11,"C","C","A","10TH ST","10TH ST BRIDGE",19,"N","N","2017-01-05",5801,"2016-11-29",1733,"315","5801","5","3","0","0",,"0",,"-","Y",,0,0,,,0,,,,"Y",2,"A","-",22350,,"N","A","H","-","A","D","0","Y","D","22",0,0,1,0,0,0,0,0,0,"-","-","MARYSVILLE","YUBA","CA",0,0
"8198560",-121.5936332,39.1510651,2016,"5801","0","2","3","00",0,1,"A",,,,,,1500,11,"D","C","A","B ST","15TH ST",0,,"Y","2016-12-30",5801,"2016-11-29",1339,"317","5801","5","3","0","0",,"0",,"-","Y",,0,0,,,0,,,,"Y",2,"A","-",21755,"A","N","A","H","-","A","D","0","Y","A","01",0,1,0,0,0,0,0,0,0,"-","-","MARYSVILLE","YUBA","CA",0,0
"8189289",-121.5940416,39.1455022,2016,"5801","0","3","4","03",0,3,"B",,,,,,1800,11,"C","C","A","10TH ST","I ST",732,"W","N","2016-12-15",5801,"2016-11-30",1624,"318","YUBA","5","3","0","0",,"0",,"-","Y",,0,0,,,0,,,,"Y",2,"A","-",22350,,"N","A","H","-","B","A","0","Y","A","01",0,0,3,0,0,0,0,0,0,"-","-","MARYSVILLE","YUBA","CA",0,0
"8176914",-121.5911032,39.143525,2016,"5801","0","7","4","00",0,1,"A",,,,,,1500,11,"D","C","A","E ST","8TH ST",0,,"Y","2016-12-02",5801,"2016-11-13",1408,"317","5801","5","3","0","0",,"0",,"-","Y",,0,0,,,0,,,,"N",3,"A","-",22453,,"N","A","H","-","A","A","0","Y","A","01",0,0,1,0,0,0,0,0,0,"-","-","MARYSVILLE","YUBA","CA",0,0
"8172850",-121.5646233,39.1586051,2016,"5801","0","5","4","09",0,4,"B",,,,,,1500,11,"A","I","A","RT 20","EAST 22ND ST",0,,"Y","2016-11-29",5801,"2016-11-11",1350,"318",,"5","3","0","0",,"0","5801","-","Y",,0,0,,,0,,,,"Y",2,"A","-",21801,"A","N","A","H","-","A","D","0","Y","A","01",0,0,4,0,0,0,0,0,0,"-","-","MARYSVILLE","YUBA","CA",0,0