"CASEID","POINT_X","POINT_Y","YEAR_","LOCATION","CHPTYPE","DAYWEEK","CRASHSEV","VIOLCAT","KILLED","INJURED","WEATHER1","PEDCOL","BICCOL","MCCOL","TRUCKCOL","ETOH","TIMECAT","MONTH_","CRASHTYP","INVOLVE","PED","PRIMARYRD","SECONDRD","DISTANCE","DIRECT","INTERSECT_","PROCDATE","JURIS","DATE_","TIME_","BADGE","JURIDIST","SHIFT","POP","SPECIAL","BEATTYPE","LAPDDIV","BEATCLAS","BEATNUMB","WEATHER2","STATEHW","CALTRANC","CALTRAND","STROUTE","ROUTESUF","POSTPRE","POSTMILE","LOCATYPE","RAMP","SIDEHW","TOWAWAY","PARTIES","PCF","VIOLCODE","VIOL","VIOLSUB","HITRUN","ROADSURF","RDCOND1","RDCOND2","LIGHTING","RIGHTWAY","CHPRDTYP","NOTPRIV","STFAULT","CHPFAULT","SEVINJ","OTHERINJ","COP","PEDKILL","PEDINJ","BICKILL","BICINJ","MCKILL","MCINJURE","RAMP1","RAMP2","CITY","COUNTY","STATE","X_CHP","Y_CHP"
"8172846",-121.5869634,39.1475118,2016,"5801","0","2","3","09",0,2,"A",,,,,,1200,11,"D","C","A","B ST","11TH ST",83,"N","N","2016-11-29",5801,"2016-11-08",1018,"315","5801","5","3","0","0",,"0",,"-","Y",,0,0,,,0,,,,"Y",3,"A","-",21804,,"N","A","H","-","A","A","0","Y","A","07",0,1,1,0,0,0,0,0,0,"-","-","MARYSVILLE","YUBA","CA",0,0
"8170030",-121.5823032,39.146515,2016,"5801","0","3","3","12",0,1,"A",,"Y",,,,1800,11,"G","G","A","10TH ST","RAMIREZ ST",0,,"Y","2016-11-17",5801,"2016-11-02",1740,"327","5801","5","3","0","0",,"0",,"-","N",,0,0,,,0,,,,"N",2,"A","-",21453,"A","N","A","H","-","A","A","0","Y","L","04",0,1,0,0,0,0,1,0,0,"-","-","MARYSVILLE","YUBA","CA",0,0
"8169168",-121.5903231,39.1379651,2016,"5801","0","6","3","12",0,3,"A",,,,,,2400,10,"D","D","A","E ST","3RD ST",0,,"Y","2017-01-05",5801,"2016-10-29",2103,"326","YUBAS","5","3","0","0",,"0","5801","-","Y",,0,0,,,0,,,,"Y",2,"A","-",21453,"A","N","A","H","-","C","A","0","Y","A","01",0,1,2,0,0,0,0,0,0,"-","-","MARYSVILLE","YUBA","CA",0,0
"8154934",-121.5879961,39.150587,2016,"5801","0","6","2","05",0,1,"B",,,,,,300,10,"A","I","A","14TH ST","B ST",169,"W","N","2016-11-02",5801,"2016-10-01",219,"302","MARYS","5","3","0","0",,"0",,"-","N",,0,0,,,0,,,,"Y",1,"A","-",21650,,"N","B","H","-","C","D","0","Y","A","01",1,0,0,0,0,0,0,0,0,"-","-","MARYSVILLE","YUBA","CA",0,0
"8151367",0,0,2016,"5801","0","1","3","05",0,2,"A",,,,,,1800,9,"A","C","A","5TH ST","J ST",1172,"W","N","2016-10-26",5801,"2016-09-26",1546,"P104","5801","5","3","0","0",,"0",,"-","N",,0,0,,,0,,,,"Y",2,"A","-",21651,"A","N","A","H","-","A","D","0","Y","D","22",0,2,0,0,0,0,0,0,0,"-","-","MARYSVILLE","YUBA","CA",0,0
"8148642",-121.5981232,39.1396151,2016,"5801","0","3","4","00",0,1,"A",,,,,,1800,8,"C","C","A","5TH ST BRIDGE","W J ST",0,,"Y","2016-10-19",5801,"2016-08-03",1552,"P149","YUBAC","5","3","0","0",,"0","5801","-","N",,0,0,,,0,,,,"N",2,"A","-",22350,"A","N","A","H","-","A","A","0","Y","A","01",0,0,1,0,0,0,0,0,0,"-","-","MARYSVILLE","YUBA","CA",0,0
"8146195",-121.5944032,39.1455951,2016,"5801","0","5","4","01",0,1,"A",,,,,"Y",2400,9,"D","C","A","10TH ST","G ST",0,,"Y","2016-10-20",5801,"2016-09-30",2334,"351",,"5","3","0","0",,"0",,"-","N",,0,0,,,0,,,,"Y",2,"A","-",23152,,"N","A","H","-","C","A","0","Y","D","22",0,0,1,0,0,0,0,0,0,"-","-","MARYSVILLE","YUBA","CA",0,0
"8145827",-121.5794861,39.1590186,2016,"5801","0","7","4","01",0,1,"A",,,,,"Y",300,9,"C","E","A","BUCHANAN ST","RIDEOUT WY",199,"N","N","2016-10-17",5801,"2016-09-25",222,"367","5801","5","3","0","0",,"0",,"-","N",,0,0,,,0,,,,"Y",1,"A","-",23152,,"N","B","H","-","C","D","0","Y","A","01",0,0,1,0,0,0,0,0,0,"-","-","MARYSVILLE","YUBA","CA",0,0
"8133985",-121.5768531,39.150825,2016,"5801","0","5","3","12",0,1,"A",,"Y",,,,1200,9,"D","G","A","COVILLAUD ST","BRYDEN WY",0,,"Y","2016-11-16",5801,"2016-09-02",1128,"P104","5801","5","3","0","0",,"0",,"-","N",,0,0,,,0,,,,"N",2,"A","-",22450,"A","N","A","H","-","A","D","0","Y","L","04",0,1,0,0,0,0,1,0,0,"-","-","MARYSVILLE","YUBA","CA",0,0
"8123987",-121.5905657,39.1408092,2016,"5801","0","2","3","09",0,1,"A",,,"Y","Y",,1800,8,"D","C","A","5TH ST","E ST",0,,"Y","2017-02-24",5801,"2016-08-30",1624,"317",,"5","3","0","0",,"0",,"-","Y","YUB",3,70,"-","-",14.4,"I","5","E","N",2,"A","-",21801,"A","N","A","H","-","A","A","0","Y","F","26",0,1,0,0,0,0,0,0,1,"-","-","MARYSVILLE","YUBA","CA",0,0
"8121620",-121.5903497,39.1379628,2016,"5801","0","5","4","09",0,2,"A",,,,,,1800,9,"D","C","A","3RD ST","F ST",406,"E","N","2016-11-19",5801,"2016-09-09",1619,"327",,"5","3","0","0",,"0",,"-","N",,0,0,,,0,,,,"Y",2,"A","-",21804,"A","N","A","H","-","A","A","0","Y","D","22",0,0,2,0,0,0,0,0,0,"-","-","MARYSVILLE","YUBA","CA",0,0
"8121616",-121.5856393,39.1428406,2016,"5801","0","1","4","21",0,1,"A",,,,,"Y",1800,8,"H","C","A","7TH ST","B ST",195,"E","N","2016-11-19",5801,"2016-08-01",1619,"308",,"5","3","0","0",,"0",,"-","N",,0,0,,,0,,,,"N",2,"A","-",22106,,"N","A","H","-","A","A","0","Y","D","22",0,0,1,0,0,0,0,0,0,"-","-","MARYSVILLE","YUBA","CA",0,0
"8118322",-121.5935331,39.1501451,2016,"5801","0","1","3","09",0,1,"A",,,,,,1200,8,"D","C","A","14TH ST","F ST",0,,"Y","2016-09-12",5801,"2016-08-29",1104,"317","MPD","5","3","0","0",,"0",,"-","N",,0,0,,,0,,,,"N",2,"A","-",21802,"A","N","A","H","-","A","A","0","Y","A","07",0,1,0,0,0,0,0,0,0,"-","-","MARYSVILLE","YUBA","CA",0,0
"8107433",-121.5958529,39.1454776,2016,"5801","0","1","3","05",0,1,"A",,"Y",,,,1500,8,"B","G","A","10TH ST","H ST",0,,"Y","2017-02-24",5801,"2016-08-08",1322,"317","5801","5","3","0","0",,"0","5801","-","Y","YUB",3,20,"-","-",0.675,"I","6","W","N",2,"A","-",21650,"1","N","A","H","-","A","A","0","Y","L","04",0,1,0,0,0,0,1,0,0,"-","-","MARYSVILLE","YUBA","CA",0,0
"8105748",-121.5881671,39.144891,2016,"5801","0","1","3","03",0,1,"A",,,"Y",,,1500,8,"C","C","A","9TH ST","C ST",0,,"Y","2017-02-24",5801,"2016-08-15",1311,"317","5801","5","3","0","0",,"0","5801","-","Y","YUB",3,20,"-","-",1.15,"H","-","W","Y",2,"A","-",22350,,"N","-","H","-","A","D","0","Y","C","02",0,1,0,0,0,0,0,0,1,"-","-","MARYSVILLE","YUBA","CA",0,0
"8098715",-121.5870218,39.1479525,2016,"5801","0","6","3","09",0,1,"A",,,"Y",,,1800,7,"D","C","A","B ST","11TH ST",0,,"Y","2017-02-28",5801,"2016-07-23",1738,"305",,"5","3","0","0",,"0",,"-","Y","YUB",3,20,"-","-",1.44,"H","-","E","Y",2,"A","-",21801,"A","N","B","H","-","A","D","0","Y","A","01",0,1,0,0,0,0,0,0,1,"-","-","MARYSVILLE","YUBA","CA",0,0
"8096705",-121.5841132,39.1486552,2016,"5801","0","5","4","05",0,1,"A",,"Y",,,,1800,8,"D","G","A","EAST 12TH ST","YUBA ST",0,,"Y","2017-02-24",5801,"2016-08-05",1531,"302","MARYS","5","3","0","0",,"0",,"-","Y","YUB",3,20,"-","-",1.633,"I","6","E","N",2,"A","-",21650,"1","N","-","H","-","A","D","0","Y","L","04",0,0,1,0,0,0,1,0,0,"-","-","MARYSVILLE","YUBA","CA",0,0
"8081349",0,0,2016,"5801","0","7","2","01",0,1,"A",,,,,"Y",300,7,"E","I","A","WALNUT ST","C943",60,"S","N","2016-08-10",5801,"2016-07-31",151,"351",,"5","3","0","0",,"0",,"-","N",,0,0,,,0,,,,"Y",1,"A","-",23152,"A","N","A","E","-","C","D","0","Y","A","01",1,0,0,0,0,0,0,0,0,"-","-","MARYSVILLE","YUBA","CA",0,0
"8081287",-121.5935731,39.139955,2016,"5801","0","2","3","11",0,1,"A","Y",,,,,1800,7,"G","B","B","5TH ST","G ST",0,,"Y","2016-08-15",5801,"2016-07-12",1607,"316","YUBA","5","3","0","0",,"0",,"-","N",,0,0,,,0,,,,"N",2,"A","-",21950,"B","N","A","H","-","A","D","0","Y","N","60",0,1,0,0,1,0,0,0,0,"-","-","MARYSVILLE","YUBA","CA",0,0
"8079889",-121.6010362,39.1495766,2016,"5801","0","3","4","01",0,1,"A",,,"Y",,,900,6,"F","J","A","BIZZ JOHNSON","14TH ST",1,"N","N","2016-08-01",5801,"2016-06-29",802,"321","YUBA","5","3","0","0",,"0",,"-","N",,0,0,,,0,,,,"Y",1,"A","-",23152,"E","N","A","H","-","A","-","0","Y","C","06",0,0,1,0,0,0,0,0,1,"-","-","MARYSVILLE","YUBA","CA",0,0
"8075361",-121.5795473,39.1490376,2016,"5801","0","3","3","01",0,4,"A",,,,,"Y",1800,7,"D","C","A","EAST 12TH ST","SAMPSON ST",0,,"Y","2017-02-28",5801,"2016-07-13",1727,"318","YUBA","5","3","0","0",,"0",,"-","Y","YUB",3,20,"-","-",1.88,"I","5","W","Y",2,"A","-",23153,"A","N","A","H","-","A","D","0","Y","A","07",0,3,1,0,0,0,0,0,0,"-","-","MARYSVILLE","YUBA","CA",0,0
"8072616",-121.5781232,39.1491652,2016,"5801","0","3","3","01",0,1,"A",,,,,"Y",900,6,"F","I","A","RT 20","BUCHANAN ST",0,,"N","2017-02-11",5801,"2016-06-22",858,"319","MARYV","5","3","0","0",,"0",,"-","Y","YUB",3,20,"-","R",1.98,"H","-","E","Y",1,"A","-",23152,"A","N","A","H","-","A","D","0","Y","A","01",0,1,0,0,0,0,0,0,0,"-","-","MARYSVILLE","YUBA","CA",0,0
"8072615",-121.5903031,39.1390157,2016,"5801","0","7","3","01",0,3,"A",,,,,"Y",1200,6,"B","C","A","E ST","3RD ST",17,"N","N","2017-02-18",5801,"2016-06-12",1052,"316","MARYS","5","3","0","0",,"0","5801","-","Y","YUB",3,70,"-","-",14.26,"H","-","E","Y",2,"A","-",23152,,"F","A","H","-","A","A","0","Y","A","01",0,1,2,0,0,0,0,0,0,"-","-","MARYSVILLE","YUBA","CA",0,0
"8072143",0,0,2016,"5801","0","3","3","01",0,2,"A",,,,,"Y",1800,6,"A","C","A","5TH ST","OLIVE ST",1325,"W","N","2016-06-29",5801,"2016-06-22",1706,"302","MARYS","5","3","0","0",,"0",,"-","N",,0,0,,,0,,,,"N",2,"A","-",23153,"A","N","A","H","-","A","D","0","Y","A","01",0,1,1,0,0,0,0,0,0,"-","-","MARYSVILLE","YUBA","CA",0,0
"8060957",-121.5870832,39.1484152,2016,"5801","0","7","2","11",0,1,"A","Y",,,,,300,6,"G","B","D","9TH ST","E ST",0,,"Y","2017-02-18",5801,"2016-06-05",119,"317","5801","5","3","0","0",,"0",,"-","Y","YUB",3,20,"-","-",1.472,"I","6","W","N",2,"A","-",21954,"A","N","A","H","-","C","A","0","Y","A","01",1,0,0,0,1,0,0,0,0,"-","-","MARYSVILLE","YUBA","CA",0,0
"8059744",-121.3516119,39.2301839,2016,"5801","0","4","4","03",0,1,"A",,,,,,1800,5,"C","C","A","10TH ST BRIDGE","EFE06",48,"W","-","2017-02-24",5801,"2016-05-05",1751,"308","5801","5","3","0","0",,"0",,"-","Y","SUT",3,20,"-","-",16.9,"H","-","E","Y",3,"A","-",22350,,"N","A","H","-","A","D","0","Y","A","07",0,0,1,0,0,0,0,0,0,"-","-","MARYSVILLE","YUBA","CA",0,0
"8055717",-121.5869422,39.1473529,2016,"5801","0","3","3","11",0,1,"A","Y",,,,,2100,5,"G","B","D","B ST","11TH ST",0,,"Y","2017-02-24",5801,"2016-05-25",2059,"317","5801","5","3","0","0",,"0",,"-","Y","YUB",3,20,"-","-",1.397,"I","5","W","N",2,"A","-",21954,"A","N","A","H","-","C","D","0","Y","N","60",0,1,0,0,1,0,0,0,0,"-","-","MARYSVILLE","YUBA","CA",0,0
"8053300",-121.595382,39.1453945,2016,"5801","0","5","4","03",0,1,"A",,,,"Y",,900,5,"C","C","A","10TH ST","H ST",15,,"N","2017-02-24",5801,"2016-05-20",724,"321","YUBA","5","3","0","0",,"0",,"-","Y","YUB",3,20,"-","-",0.7,"H","-","E","Y",2,"A","-",22350,,"N","A","H","-","A","A","0","Y","G","25",0,0,1,0,0,0,0,0,0,"-","-","MARYSVILLE","YUBA","CA",0,0
"8042398",-121.5869393,39.1473311,2016,"5801","0","6","4","09",0,1,"B",,,,,,1500,5,"D","D","A","11TH ST","B ST",0,,"Y","2017-02-24",5801,"2016-05-07",1207,"321","YUBA","5","3","0","0",,"0",,"-","Y","YUB",3,20,"-","-",1.397,"I","5","E","Y",2,"A","-",21801,"A","N","A","H","-","A","A","0","Y","A","01",0,0,1,0,0,0,0,0,0,"-","-","MARYSVILLE","YUBA","CA",0,0
"8035220",-121.5920931,39.140075,2016,"5801","0","7","4","09",0,6,"A",,,,,,1800,5,"A","C","A","5TH ST","F ST",0,,"Y","2016-05-27",5801,"2016-05-15",1616,"316","5801","5","3","0","0",,"0",,"-","N",,0,0,,,0,,,,"Y",3,"A","-",21802,"A","N","A","H","-","A","A","0","Y","A","01",0,0,6,0,0,0,0,0,0,"-","-","MARYSVILLE","YUBA","CA",0,0
"8034135",-121.5860132,39.1405651,2016,"5801","0","6","4","09",0,1,"B",,,,,,1200,4,"D","C","A","B ST","5TH ST",0,,"Y","2016-05-11",5801,"2016-04-23",1144,"315","YUBA","5","3","0","0",,"0",,"-","N",,0,0,,,0,,,,"Y",2,"A","-",21800,"A","N","A","H","-","A","A","0","Y","A","01",0,0,1,0,0,0,0,0,0,"-","-","MARYSVILLE","YUBA","CA",0,0
"8033616",-121.5950831,39.1398351,2016,"5801","0","4","4","03",0,2,"B",,,,,,1500,4,"C","C","A","5TH ST","H ST",0,,"Y","2016-05-10",5801,"2016-04-21",1403,"311",,"5","3","0","0",,"0",,"-","N",,0,0,,,0,,,,"Y",2,"A","-",22350,,"N","A","H","-","A","A","0","Y","A","01",0,0,2,0,0,0,0,0,0,"-","-","MARYSVILLE","YUBA","CA",0,0
"8031172",-121.5948602,39.1455581,2016,"5801","0","5","4","03",0,1,"A",,,,,,1500,4,"C","C","A","10TH ST","H ST",28,"E","N","2017-02-24",5801,"2016-04-08",1213,"315","YUBA","5","3","0","0",,"0",,"-","Y","YUB",3,20,"-","-",0.73,"H","-","W","N",2,"A","-",22350,,"N","A","H","-","A","A","0","Y","A","01",0,0,1,0,0,0,0,0,0,"-","-","MARYSVILLE","YUBA","CA",0,0
"8031012",-121.5878134,39.1534895,2016,"5801","0","6","4","03",0,1,"A",,,,,,1800,4,"C","C","A","B ST","17TH ST",0,,"Y","2017-02-24",5801,"2016-04-16",1519,"323","5801","5","3","0","0",,"0",,"-","Y","YUB",3,70,"-","-",15.06,"H","-","E","Y",3,"A","-",22350,,"N","A","H","-","A","A","0","Y","A","01",0,0,1,0,0,0,0,0,0,"-","-","MARYSVILLE","YUBA","CA",0,0
"8028653",-121.5785798,39.1569022,2016,"5801","0","4","3","05",0,1,"A",,"Y",,,,1500,5,"D","G","A","EAST 19TH ST","SICARD ST",39,"W","N","2016-05-25",5801,"2016-05-12",1451,"311",,"5","3","0","0",,"0",,"-","N",,0,0,,,0,,,,"N",2,"A","-",21650,"1","N","A","H","-","A","D","0","Y","L","04",0,1,0,0,0,0,1,0,0,"-","-","MARYSVILLE","YUBA","CA",0,0
"8022775",-121.5833532,39.141955,2016,"5801","0","1","3","03",0,2,"A",,,,,,1500,4,"A","I","A","YUBA ST","6TH ST",0,,"Y","2016-04-21",5801,"2016-04-11",1459,"323",,"5","3","0","0",,"0",,"-","N",,0,0,,,0,,,,"Y",1,"A","-",22350,,"N","A","H","-","A","D","0","Y","A","01",0,1,1,0,0,0,0,0,0,"-","-","MARYSVILLE","YUBA","CA",0,0
"8022759",-121.5958529,39.1454776,2016,"5801","0","6","4","17",0,1,"A",,,,,,1500,4,"D","C","A","H ST","10TH ST",0,,"Y","2017-02-24",5801,"2016-04-16",1439,"306","YUBAS","5","3","0","0",,"0","5801","-","Y","YUB",3,20,"-","-",0.675,"I","5","W","Y",2,"A","-",21451,"A","N","A","H","-","A","A","0","Y","A","07",0,0,1,0,0,0,0,0,0,"-","-","MARYSVILLE","YUBA","CA",0,0
"8009932",-121.5600908,39.1635555,2016,"5801","0","5","4","09",0,2,"A",,,,,,1800,3,"D","C","A","RT 20","NORTH LEVEE RD",126,"N","N","2017-02-11",5801,"2016-03-25",1714,"308","MARYS","5","3","0","0",,"0",,"-","Y","YUB",3,20,"-","R",3.36,"H","-","E","N",2,"A","-",21804,"A","N","A","H","-","A","D","0","Y","A","01",0,0,2,0,0,0,0,0,0,"-","-","MARYSVILLE","YUBA","CA",0,0
"8003954",0,0,2016,"5801","0","5","4","03",0,1,"A",,,,"Y",,1800,3,"C","C","A","5TH ST","OLIVE ST",1739,"W","N","2016-04-14",5801,"2016-03-11",1501,"323",,"5","3","0","0",,"0","5801","-","N",,0,0,,,0,,,,"N",3,"A","-",22350,,"N","A","H","-","A","D","0","Y","F","26",0,0,1,0,0,0,0,0,0,"-","-","MARYSVILLE","YUBA","CA",0,0
"7213385",-121.5646232,39.1586052,2016,"5801","0","1","4","09",0,1,"B",,,,,,900,3,"D","C","A","RT 20","EAST 22ND ST",35,"N","N","2017-02-11",5801,"2016-03-07",745,"306",,"5","3","0","0",,"0",,"C","Y","YUB",3,20,"-","R",2.94,"I","5","W","Y",2,"A","-",21801,"A","N","B","H","-","A","D","0","Y","A","01",0,0,1,0,0,0,0,0,0,"-","-","MARYSVILLE","YUBA","CA",0,0
"7213063",-121.5975493,39.1452286,2016,"5801","0","7","2","03",0,2,"B",,,,,,1500,3,"B","C","A","I ST","RT 20",0,,"N","2017-02-11",5801,"2016-03-06",1329,"306","YUBA","5","3","0","0",,"0",,"-","Y","YUB",3,20,"-","-",0.58,"I","6","E","Y",2,"A","-",22350,,"N","B","H","-","A","D","0","Y","A","01",1,1,0,0,0,0,0,0,0,"-","-","MARYSVILLE","YUBA","CA",0,0
"7209672",-121.5902285,39.1385029,2016,"5801","0","6","4","01",0,1,"A",,,,"Y","Y",2400,2,"C","C","A","E ST","3RD ST",0,,"Y","2017-02-11",5801,"2016-02-27",2230,"304","5801","5","3","0","0",,"0",,"-","Y","YUB",3,70,"-","-",14.22,"H","-","E","N",2,"A","-",23153,"A","N","A","H","-","C","A","0","Y","F","26",0,0,1,0,0,0,0,0,0,"-","-","MARYSVILLE","YUBA","CA",0,0
"7198735",-121.588011,39.1549399,2016,"5801","0","2","4","12",0,1,"A",,,,,,900,2,"B","C","A","RT 70","EAST 18TH ST",0,,"Y","2017-02-11",5801,"2016-02-16",805,"319",,"5","3","0","0",,"0",,"-","Y","YUB",3,70,"-","-",15.16,"I","5","E","Y",2,"A","-",21453,"A","N","A","H","-","A","A","0","Y","A","01",0,0,1,0,0,0,0,0,0,"-","-","MARYSVILLE","YUBA","CA",0,0
"7198734",-121.5826883,39.14876,2016,"5801","0","6","4","12",0,1,"A",,,,,,1800,2,"C","C","A","RAMIREZ ST","RT 20",0,,"Y","2017-02-11",5801,"2016-02-20",1720,"319",,"5","3","0","0",,"0",,"-","Y","YUB",3,20,"-","-",1.71,"I","5","W","Y",2,"A","-",21453,"A","N","A","-","-","A","A","0","Y","A","01",0,0,1,0,0,0,0,0,0,"-","-","MARYSVILLE","YUBA","CA",0,0
"7190336",-121.5920547,39.1400782,2016,"5801","0","2","1","10",1,0,"A","Y",,,,,600,7,"G","B","B","5TH ST","F ST",11,"E","N","2016-08-18",5801,"2016-07-05",453,"305","YUBA","5","3","0","0",,"0","5801","-","N",,0,0,,,0,,,,"N",2,"A","-",21950,"A","N","A","H","-","C","D","0","Y","A","01",0,0,0,1,0,0,0,0,0,"-","-","MARYSVILLE","YUBA","CA",0,0
"7187859",-121.5958529,39.1454776,2016,"5801","0","4","4","17",0,1,"A",,,,,,1500,2,"-","C","A","10TH ST","G ST",0,,"Y","2017-02-11",5801,"2016-02-04",1237,"319",,"5","3","0","0",,"0",,"-","Y","YUB",3,20,"-","-",0.675,"I","5","W","Y",2,"A","-",21461,"A","N","A","H","-","A","A","0","Y","A","01",0,0,1,0,0,0,0,0,0,"-","-","MARYSVILLE","YUBA","CA",0,0
"7186083",-121.5898431,39.1458751,2016,"5801","0","1","4","03",0,1,"A",,,,,,1800,2,"E","I","A","D ST","10TH ST",0,,"Y","2016-02-22",5801,"2016-02-15",1554,"309",,"5","3","0","0",,"0",,"-","N",,0,0,,,0,,,,"Y",1,"A","-",22350,,"N","A","H","-","A","D","0","Y","A","01",0,0,1,0,0,0,0,0,0,"-","-","MARYSVILLE","YUBA","CA",0,0
"7184053",-121.5989332,39.139575,2016,"5801","0","1","4","03",0,1,"A",,,,,,900,1,"C","C","A","5TH ST","OLIVE ST",0,,"Y","2016-02-16",5801,"2016-01-25",806,"319",,"5","3","0","0",,"0",,"-","N",,0,0,,,0,,,,"Y",10,"A","-",22350,,"N","A","H","-","A","A","0","Y","A","01",0,0,1,0,0,0,0,0,0,"-","-","MARYSVILLE","YUBA","CA",0,0
"7180382",-121.576215,39.1501791,2016,"5801","0","2","4","03",0,2,"C",,,,,"Y",600,1,"D","C","A","RT 20","EAST 17TH ST",1320,"W","N","2017-02-10",5801,"2016-01-19",311,"368","YUBA","5","3","0","0",,"0","5801","-","Y","YUB",3,20,"-","R",2.11,"H","-","E","Y",2,"A","-",22350,,"N","B","H","-","D","D","0","Y","A","01",0,0,2,0,0,0,0,0,0,"-","-","MARYSVILLE","YUBA","CA",0,0
"7178434",-121.5826883,39.14876,2016,"5801","0","4","4","17",0,1,"B",,,,,,1200,1,"A","C","A","RAMIREZ ST","EAST 12TH ST",0,,"Y","2017-02-11",5801,"2016-01-28",1021,"312","YUBAS","5","3","0","0",,"0",,"C","Y","YUB",3,20,"-","-",1.71,"I","5","W","N",2,"A","-",21451,"A","N","B","H","-","A","A","0","Y","D","22",0,0,1,0,0,0,0,0,0,"-","-","MARYSVILLE","YUBA","CA",0,0
"7176524",-121.5896532,39.1447651,2016,"5801","0","5","4","09",0,1,"C","Y",,,,,1500,1,"A","B","B","D ST","9TH ST",0,,"Y","2016-02-12",5801,"2016-01-22",1237,"312","YUBAS","5","3","0","0",,"0",,"-","N",,0,0,,,0,,,,"N",2,"A","-",21802,,"N","B","H","-","A","A","0","Y","D","22",0,0,1,0,1,0,0,0,0,"-","-","MARYSVILLE","YUBA","CA",0,0
"7157047",-121.5957815,39.1454834,2016,"5801","0","6","4","03",0,1,"A",,,,,"Y",1800,1,"C","C","A","10TH ST","H ST",29,"E","N","2016-01-22",5801,"2016-01-02",1752,"315","YUBAC","5","3","0","0",,"0",,"-","N",,0,0,,,0,,,,"N",2,"A","-",22350,,"N","A","H","-","C","A","0","Y","A","01",0,0,1,0,0,0,0,0,0,"-","-","MARYSVILLE","YUBA","CA",0,0
"90097833",-121.5957262,39.2745334,2015,"5800","3","5","4","08",0,1,"B",,,"Y",,,1500,12,"B","C","A","RT 70","RAMIREZ ROAD",3696,"N","N","2016-01-19",9285,"2015-12-11",1455,"15048",,"2","9","0","1",,"1","060","-","Y",,0,0,,,0,,,,"N",2,"A","-",22107,,"F","A","H","-","A","D","0","Y","A","01",0,0,1,0,0,0,0,0,1,"-","-","UNINCORPORATED","YUBA","CA",-121.59596,39.27377
"90093429",-121.5515535,39.1025789,2015,"5800","5","7","3","01",0,1,"C",,,,,"Y",2400,12,"E","I","A","CHESTNUT RD","3RD AVENUE",15,"N","N","2016-01-12",9285,"2015-12-20",2238,"018522",,"3","9","0","3",,"1","002","-","N",,0,0,,,0,,,,"Y",1,"A","-",23152,"A","N","B","H","-","E","D","0","Y","A","01",0,1,0,0,0,0,0,0,0,"-","-","UNINCORPORATED","YUBA","CA",-121.55171,39.1028
"90093152",-121.5587001,39.1275417,2015,"5800","4","1","4","03",0,2,"A",,,,,,1500,12,"C","C","A","N. BEALE ROAD","PARK AVE",36,"W","N","2016-01-12",9285,"2015-12-28",1320,"018153",,"1","9","0","2",,"1","041","-","N",,0,0,,,0,,,,"Y",3,"A","-",22350,,"N","A","H","-","A","D","0","Y","A","01",0,0,2,0,0,0,0,0,0,"-","-","UNINCORPORATED","YUBA","CA",-121.55869,39.12755
"90089984",-121.5307032,39.1359351,2015,"5800","4","4","4","09",0,1,"A",,,,,,1500,12,"D","C","A","HAMMONTON SMARTVILLE ROAD","ALBERTA AVENUE",0,,"Y","2016-01-07",9285,"2015-12-31",1340,"015069",,"1","9","0","2",,"1","042","-","N",,0,0,,,0,,,,"Y",3,"A","-",21801,"A","N","A","H","-","A","A","0","Y","A","08",0,0,1,0,0,0,0,0,0,"-","-","UNINCORPORATED","YUBA","CA",-121.53076,39.13572
"90089977",-121.3309672,39.3475843,2015,"5800","4","1","4","05",0,3,"A",,,,,,2100,12,"A","C","A","MARYSVILLE ROAD","COLLINS LAKE ROAD",2112,"N","N","2016-01-07",9285,"2015-12-28",1830,"017080",,"2","9","0","2",,"2","081","-","N",,0,0,,,0,,,,"Y",2,"A","-",21460,"A","N","A","H","-","D","D","0","Y","A","01",0,0,3,0,0,0,0,0,0,"-","-","UNINCORPORATED","YUBA","CA",-121.33073,39.34786
"90089017",-121.5948956,39.1948654,2015,"5800","3","6","3","08",0,1,"A",,,,,,900,11,"E","I","A","SR-70","ELLIS RD",1056,"S","N","2016-01-06",9285,"2015-11-14",818,"015976",,"1","9","0","1",,"1","060","-","Y",,0,0,,,0,,,,"Y",1,"A","-",22107,,"N","A","H","-","A","D","0","Y","A","01",0,1,0,0,0,0,0,0,0,"-","-","UNINCORPORATED","YUBA","CA",-121.59368,39.19621
"90087704",0,0,2015,"5800","4","5","3","01",0,2,"A",,,,,"Y",2100,12,"E","I","A","MARYSVILLE ROAD","MERRIAM RD",2640,"N","N","2016-01-04",9285,"2015-12-25",1810,"019168",,"2","9","0","2",,"2","081","-","N",,0,0,,,0,,,,"Y",1,"A","-",23152,"A","N","A","H","-","C","D","0","Y","A","01",0,2,0,0,0,0,0,0,0,"-","-","UNINCORPORATED","YUBA","CA",-121.19721,39.37251
"90087146",0,0,2015,"5800","4","6","3","03",0,1,"B",,"Y",,,,2100,12,"D","G","A","LINDHURST AVE","SR-70",16,"N","N","2016-01-04",9285,"2015-12-19",1925,"018632",,"2","9","0","2",,"1","022","-","Y",,0,0,,,0,,,,"N",2,"A","-",22350,,"N","B","H","-","C","D","0","Y","L","04",0,1,0,0,0,0,1,0,0,"-","-","UNINCORPORATED","YUBA","CA",-121.55681,39.11156