"CASEID","POINT_X","POINT_Y","YEAR_","LOCATION","CHPTYPE","DAYWEEK","CRASHSEV","VIOLCAT","KILLED","INJURED","WEATHER1","PEDCOL","BICCOL","MCCOL","TRUCKCOL","ETOH","TIMECAT","MONTH_","CRASHTYP","INVOLVE","PED","PRIMARYRD","SECONDRD","DISTANCE","DIRECT","INTERSECT_","PROCDATE","JURIS","DATE_","TIME_","BADGE","JURIDIST","SHIFT","POP","SPECIAL","BEATTYPE","LAPDDIV","BEATCLAS","BEATNUMB","WEATHER2","STATEHW","CALTRANC","CALTRAND","STROUTE","ROUTESUF","POSTPRE","POSTMILE","LOCATYPE","RAMP","SIDEHW","TOWAWAY","PARTIES","PCF","VIOLCODE","VIOL","VIOLSUB","HITRUN","ROADSURF","RDCOND1","RDCOND2","LIGHTING","RIGHTWAY","CHPRDTYP","NOTPRIV","STFAULT","CHPFAULT","SEVINJ","OTHERINJ","COP","PEDKILL","PEDINJ","BICKILL","BICINJ","MCKILL","MCINJURE","RAMP1","RAMP2","CITY","COUNTY","STATE","X_CHP","Y_CHP"
"90084972",0,0,2015,"5800","3","7","4","03",0,2,"A",,,,,,2100,12,"C","C","A","SR-70 S/B","SILVA AVENUE",343,"N","N","2015-12-30",9285,"2015-12-27",1910,"017080",,"2","9","0","1",,"1","060","-","Y",,0,0,,,0,,,,"Y",2,"A","-",22350,,"N","A","H","-","D","D","0","Y","A","01",0,0,2,0,0,0,0,0,0,"-","-","UNINCORPORATED","YUBA","CA",-121.59263,39.18205
"90083273",-121.5911779,39.1769677,2015,"5800","3","3","2","08",0,1,"A",,,,,,2100,12,"E","I","A","SR-70","SILVA AVENUE",1584,"S","N","2015-12-28",9285,"2015-12-16",1833,"017080",,"2","9","0","1",,"1","060","-","Y",,0,0,,,0,,,,"Y",1,"A","-",22107,,"N","A","H","-","D","D","0","Y","D","22",1,0,0,0,0,0,0,0,0,"-","-","UNINCORPORATED","YUBA","CA",-121.59127,39.17697
"90082868",0,0,2015,"5800","3","1","4","03",0,1,"A",,,,,,900,12,"C","C","A","SR-70 N/B","FEATHER RIVER BLVD",167,"S","N","2015-12-28",9285,"2015-12-14",750,"018153",,"1","9","0","1",,"1","020","-","Y",,0,0,,,0,,,,"Y",2,"A","-",22350,,"N","A","H","-","A","D","0","Y","A","07",0,0,1,0,0,0,0,0,0,"-","-","UNINCORPORATED","YUBA","CA",-121.57643,39.1241
"90082874",0,0,2015,"5800","5","4","3","08",0,1,"A",,,,,,300,12,"E","I","A","CHUCK YEAGER ROAD","DAUGHTERY RD",61,"N","N","2015-12-28",9285,"2015-12-17",30,"017534",,"3","9","0","3",,"1","004","-","N",,0,0,,,0,,,,"Y",1,"A","-",22107,,"N","A","H","-","D","D","0","Y","A","01",0,1,0,0,0,0,0,0,0,"-","-","UNINCORPORATED","YUBA","CA",-121.30473,39.18441
"90081823",-121.3884193,39.3272957,2015,"5800","4","4","3","08",0,1,"B",,,,,,2100,12,"E","I","A","LOMA RICA RD","LONE TREE WAY",1215,"N","N","2015-12-24",9285,"2015-12-10",2030,"018632",,"2","9","0","2",,"1","061","C","N",,0,0,,,0,,,,"Y",1,"A","-",22107,,"N","B","H","-","D","D","0","Y","A","07",0,1,0,0,0,0,0,0,0,"-","-","UNINCORPORATED","YUBA","CA",-121.39936,39.32745
"90081772",-121.5305727,39.1281558,2015,"5800","4","4","4","03",0,1,"A",,,,,,2400,12,"E","I","A","N. BEALE RD.","ALBERTA AVE",20,"E","N","2015-12-24",9285,"2015-12-17",2124,"019168",,"2","9","0","2",,"1","041","-","N",,0,0,,,0,,,,"N",1,"A","-",22350,,"M","A","H","-","C","D","0","Y","D","22",0,0,1,0,0,0,0,0,0,"-","-","UNINCORPORATED","YUBA","CA",-121.53053,39.12835
"90081483",-121.5738993,39.1253215,2015,"5800","4","1","4","03",0,1,"B",,,,,,1800,12,"C","C","A","N BEALE ROAD","FEATHER RIVER BLVD",550,"S","N","2015-12-23",9285,"2015-12-21",1710,"018286",,"2","9","0","2",,"1","041","C","N",,0,0,,,0,,,,"N",2,"A","-",22350,,"N","B","H","-","C","D","0","Y","-","99",0,0,1,0,0,0,0,0,0,"-","-","UNINCORPORATED","YUBA","CA",-121.34245,39.07307
"90081474",0,0,2015,"5800","5","7","4","08",0,1,"B",,,,,,1500,12,"E","I","A","WHEATLAND RD","PLEASANT GROVE RD",1584,"E","N","2015-12-23",9285,"2015-12-20",1255,"017129",,"1","9","0","3",,"1","002","-","N",,0,0,,,0,,,,"Y",1,"A","-",22107,,"N","A","H","-","A","D","0","Y","A","01",0,0,1,0,0,0,0,0,0,"-","-","UNINCORPORATED","YUBA","CA",-121.48388,38.9928
"90081466",0,0,2015,"5800","4","7","4","03",0,2,"B",,,,,,1800,12,"C","C","A","N BEALE ROAD","N BEAL ROAD/LINDHURST AVE",25,"W","N","2015-12-23",9285,"2015-12-20",1545,"017129",,"2","9","0","2",,"1","041","C","N",,0,0,,,0,,,,"N",2,"A","-",22350,,"N","B","H","-","A","A","0","Y","A","07",0,0,2,0,0,0,0,0,0,"-","-","UNINCORPORATED","YUBA","CA",-121.57127,39.12477
"90081443",-121.4069732,39.230195,2015,"5800","3","5","4","03",0,2,"B",,,,,,2100,12,"C","C","A","SR-20","BROWNS VALLEY SCHOOL RD",0,,"Y","2015-12-23",9285,"2015-12-18",1800,"014480",,"2","9","0","1",,"1","062","C","Y",,0,0,,,0,,,,"Y",2,"A","-",22350,,"N","B","H","-","D","D","0","Y","A","08",0,0,2,0,0,0,0,0,0,"-","-","UNINCORPORATED","YUBA","CA",-121.40695,39.23017
"90081273",-121.5236532,39.1282251,2015,"5800","4","4","4","09",0,1,"A",,,,,,1800,12,"D","C","A","GRIFFITH AVE","N. BEALE ROAD",0,,"Y","2015-12-23",9285,"2015-12-17",1730,"017118",,"2","9","0","2",,"1","041","-","N",,0,0,,,0,,,,"Y",2,"A","-",21802,"A","N","A","H","-","D","A","0","Y","A","07",0,0,1,0,0,0,0,0,0,"-","-","UNINCORPORATED","YUBA","CA",-121.52352,39.12824
"90079472",0,0,2015,"5800","3","1","4","08",0,1,"A",,,,"Y",,900,12,"B","C","A","SR-70 S/B","E STREET",1267,"S","N","2015-12-21",9285,"2015-12-14",850,"018286",,"1","9","0","1",,"1","020","-","Y",,0,0,,,0,,,,"Y",2,"A","-",22107,,"N","A","H","-","A","D","0","Y","A","01",0,0,1,0,0,0,0,0,0,"-","-","UNINCORPORATED","YUBA","CA",-121.35227,39.08038
"90076514",-121.2492093,39.3649095,2015,"5800","4","7","4","03",0,1,"B",,,,,,1200,12,"E","J","A","MARYSVILLE ROAD","INDIANA SCHOOL RD",1056,"W","N","2015-12-17",9285,"2015-12-13",1005,"018286",,"1","9","0","2",,"2","081","C","N",,0,0,,,0,,,,"Y",1,"A","-",22350,,"N","B","C","-","A","D","0","Y","A","01",0,0,1,0,0,0,0,0,0,"-","-","UNINCORPORATED","YUBA","CA",-121.13145,39.22564
"90072665",0,0,2015,"5800","5","6","4","08",0,1,"B",,,,,,1200,12,"E","I","A","LOST CREEK DAM ROAD","LA PORTE ROAD",4224,"W","N","2015-12-14",9285,"2015-12-12",1000,"017393",,"1","9","0","3",,"1","008","-","N",,0,0,,,0,,,,"Y",1,"A","-",22107,,"N","B","H","-","A","D","0","Y","A","01",0,0,1,0,0,0,0,0,0,"-","-","UNINCORPORATED","YUBA","CA",-121.12806,39.56772
"90072657",-121.5788732,39.0797584,2015,"5800","4","6","3","09",0,1,"B",,,,,,2100,12,"D","C","A","FEATHER RIVER BLVD","CURTIS ST",840,"S","N","2015-12-14",9285,"2015-12-12",2000,"017272",,"2","9","0","2",,"2","021","-","N",,0,0,,,0,,,,"Y",2,"A","-",21801,"A","N","A","H","-","C","D","0","Y","A","01",0,1,0,0,0,0,0,0,0,"-","-","UNINCORPORATED","YUBA","CA",-121.57887,39.07972
"90072306",-121.5536461,39.1276719,2015,"5800","4","4","4","08",0,1,"B",,,,,,2100,12,"E","I","A","N BEALE ROAD","REDBURN AVE",215,"E","N","2015-12-14",9285,"2015-12-10",1852,"018632",,"2","9","0","2",,"1","041","-","N",,0,0,,,0,,,,"Y",1,"A","-",22107,,"N","B","H","-","D","D","0","Y","A","01",0,0,1,0,0,0,0,0,0,"-","-","UNINCORPORATED","YUBA","CA",-121.55347,39.12772
"90071996",-121.5588166,39.113757,2015,"5800","4","1","4","03",0,1,"A",,,,,,1800,12,"C","C","A","LINDHURST AVE","ERLE RD",205,"N","N","2015-12-14",9285,"2015-12-07",1725,"017272",,"2","9","0","2",,"1","022","-","N",,0,0,,,0,,,,"Y",2,"A","-",22350,,"N","A","H","-","D","A","0","Y","A","01",0,0,1,0,0,0,0,0,0,"-","-","UNINCORPORATED","YUBA","CA",-121.55886,39.1138
"90069615",-121.2026359,39.4979062,2015,"5800","4","4","3","01",0,1,"A",,,,,"Y",1800,11,"E","I","A","LA PORTE RD","OREGON HILL RD",8448,"E","N","2016-02-18",9285,"2015-11-12",1648,"017118",,"2","9","0","2",,"2","082","-","N",,0,0,,,0,,,,"Y",1,"A","-",23152,"A","N","A","H","-","A","D","0","Y","A","01",0,1,0,0,0,0,0,0,0,"-","-","UNINCORPORATED","YUBA","CA",-121.20257,39.49929
"90068795",-121.0779214,39.4036677,2015,"5800","3","5","4","05",0,1,"A",,,"Y",,,1500,11,"F","A","A","SR-49","MOONSHINE ROAD",4224,"N","N","2015-12-09",9230,"2015-11-27",1215,"019235",,"1","9","0","1",,"1","081","-","Y",,0,0,,,0,,,,"N",1,"A","-",21650,,"N","A","H","-","A","D","0","Y","C","02",0,0,1,0,0,0,0,0,1,"-","-","UNINCORPORATED","YUBA","CA",-121.07776,39.40395
"90068788",-121.0599458,39.4037484,2015,"5800","5","6","4","03",0,1,"A",,,,,,2100,11,"E","I","A","RIDGE ROAD","ALLEGHANY ROAD",2640,"E","N","2015-12-09",9230,"2015-11-21",1832,"019235",,"2","9","0","3",,"2","080","-","N",,0,0,,,0,,,,"Y",1,"A","-",22350,,"N","A","H","-","D","D","0","Y","A","01",0,0,1,0,0,0,0,0,0,"-","-","UNINCORPORATED","YUBA","CA",-121.04442,39.41695
"90068452",-121.5553366,39.1276214,2015,"5800","4","2","4","03",0,2,"A",,,,,,2100,12,"C","C","A","NORTH BEALE ROAD","HAMMONTON SMARTVILLE RD",70,"E","N","2015-12-09",9285,"2015-12-01",1830,"014793",,"2","9","0","2",,"1","041","-","N",,0,0,,,0,,,,"Y",4,"A","-",22350,,"N","A","H","-","C","A","0","Y","D","22",0,0,2,0,0,0,0,0,0,"-","-","UNINCORPORATED","YUBA","CA",-121.55506,39.12772
"90068313",-121.5515469,39.0971907,2015,"5800","4","1","4","08",0,1,"B",,,,,,2400,11,"C","E","A","OLIVEHURST AVENUE","6TH AVENUE",293,"S","N","2015-12-09",9285,"2015-11-09",2140,"018107",,"2","9","0","2",,"1","022","C","N",,0,0,,,0,,,,"N",2,"A","-",22107,,"F","B","H","-","C","D","0","Y","A","07",0,0,1,0,0,0,0,0,0,"-","-","UNINCORPORATED","YUBA","CA",-121.55158,39.09736
"90067680",-121.5536909,39.1300202,2015,"5800","4","7","4","03",0,1,"A",,,,,,1200,11,"B","C","A","HAMMONTON SMARTVILLE ROAD","LINDA AVE",113,"S","N","2015-12-08",9285,"2015-11-29",945,"018286",,"1","9","0","2",,"1","042","-","N",,0,0,,,0,,,,"Y",2,"A","-",22350,,"N","A","H","-","A","D","0","Y","A","08",0,0,1,0,0,0,0,0,0,"-","-","UNINCORPORATED","YUBA","CA",-121.33131,39.07483
"90067372",0,0,2015,"5800","4","1","4","21",0,1,"A",,,,,,1800,11,"C","C","A","NORTH BEALE ROAD S/B","LINDHURST AVENUE",30,"N","N","2015-12-08",9285,"2015-11-30",1645,"017272",,"2","9","0","2",,"1","041","-","N",,0,0,,,0,,,,"N",2,"A","-",22106,,"N","A","H","-","C","A","0","Y","A","01",0,0,1,0,0,0,0,0,0,"-","-","UNINCORPORATED","YUBA","CA",-121.57122,39.12466
"90067366",-121.573976,39.0076855,2015,"5800","5","6","2","01",0,1,"A",,,,,"Y",1200,11,"E","I","A","ALGODON RD","FEATHER RIVER BLVD",1056,"E","N","2015-12-08",9285,"2015-11-28",1155,"018153",,"1","9","0","3",,"1","002","-","N",,0,0,,,0,,,,"Y",1,"A","-",23152,"A","N","A","H","-","A","D","0","Y","D","22",1,0,0,0,0,0,0,0,0,"-","-","UNINCORPORATED","YUBA","CA",-121.57098,39.00882
"90067038",0,0,2015,"5800","3","5","4","03",0,4,"A",,,,,,1800,12,"C","C","A","STATE ROUTE 70 N/B","YUBA RIVER BRIDGE",330,"S","N","2015-12-07",9285,"2015-12-04",1540,"014744",,"2","9","0","1",,"1","020","-","Y",,0,0,,,0,,,,"N",2,"A","-",22350,,"N","A","H","-","A","D","0","Y","A","01",0,0,4,0,0,0,0,0,0,"-","-","UNINCORPORATED","YUBA","CA",-121.58455,39.12912
"90067020",0,0,2015,"5800","5","5","4","08",0,1,"A",,"Y",,,,1500,12,"H","G","A","TABLE MOUNTAIN DRIVE","GOLDEN GATE DRIVE",65,"W","N","2015-12-07",9285,"2015-12-04",1450,"017129",,"2","9","0","3",,"1","002","-","N",,0,0,,,0,,,,"N",2,"A","-",22107,,"N","A","H","-","A","D","0","Y","L","04",0,0,1,0,0,0,1,0,0,"-","-","UNINCORPORATED","YUBA","CA",-121.54938,39.01565
"90066963",-121.4768543,39.154726,2015,"5800","4","7","2","03",0,3,"A",,,"Y",,,1200,11,"B","C","A","HAMMONTON SMARTVILLE RD","HACKBERRY WAY",2050,"W","N","2015-12-07",9285,"2015-11-29",1150,"017272",,"1","9","0","2",,"1","042","-","N",,0,0,,,0,,,,"Y",2,"A","-",22350,,"N","A","H","-","A","D","0","Y","C","02",1,2,0,0,0,0,0,0,3,"-","-","UNINCORPORATED","YUBA","CA",-121.47691,39.15471
"90066473",-121.5542132,39.113335,2015,"5800","5","3","4","09",0,1,"A",,,,,,2400,12,"D","C","A","ERLE RD","EDGEWATER CIR",0,,"Y","2015-12-07",9285,"2015-12-02",2225,"019168",,"3","9","0","3",,"1","004","-","N",,0,0,,,0,,,,"Y",2,"A","-",21801,"A","N","A","H","-","C","D","0","Y","A","01",0,0,1,0,0,0,0,0,0,"-","-","UNINCORPORATED","YUBA","CA",-121.55406,39.11345
"90066415",-121.5433013,38.9802912,2015,"5800","3","2","4","03",0,2,"A",,,,,,900,12,"C","C","A","STATE ROUTE 70","FEATHER RIVER BOULEVARD",1000,"N","N","2015-12-07",9285,"2015-12-01",750,"017900",,"1","9","0","1",,"1","020","-","Y",,0,0,,,0,,,,"N",2,"A","-",22350,,"N","A","H","-","A","D","0","Y","D","22",0,0,2,0,0,0,0,0,0,"-","-","UNINCORPORATED","YUBA","CA",-121.58422,39.12868
"90064953",-121.5787661,39.1230059,2015,"5800","4","3","4","08",0,1,"A",,"Y",,,,1200,12,"B","G","A","FEATHER RIVER BLVD.","GARDEN AVENUE",20,"N","N","2015-12-03",9285,"2015-12-02",1100,"014744",,"1","9","0","2",,"2","021","B","N",,0,0,,,0,,,,"N",2,"A","-",22107,,"N","A","H","-","A","D","0","Y","L","04",0,0,1,0,0,0,1,0,0,"-","-","UNINCORPORATED","YUBA","CA",-121.57879,39.12301
"90064806",0,0,2015,"5800","5","5","2","01",0,1,"A",,,,,"Y",1800,11,"E","I","A","SR-20 E/B","SMARTVILLE RD",528,"E","N","2015-12-03",9285,"2015-11-27",1530,"017129",,"2","9","0","3",,"1","006","-","Y",,0,0,,,0,,,,"Y",1,"A","-",23152,"F","N","A","H","-","B","D","0","Y","D","22",1,0,0,0,0,0,0,0,0,"-","-","UNINCORPORATED","YUBA","CA",-121.30601,39.20837
"90064460",0,0,2015,"5800","4","5","4","11",0,1,"A","Y",,,,"Y",1800,11,"G","B","E","LOMA RICA RD","PRAIRIE CREEK LN",150,"N","N","2015-12-03",9285,"2015-11-20",1755,"014480",,"2","9","0","2",,"1","061","-","N",,0,0,,,0,,,,"N",2,"A","-",21954,"A","N","A","H","-","D","D","0","Y","N","60",0,0,1,0,1,0,0,0,0,"-","-","UNINCORPORATED","YUBA","CA",-121.43621,39.30319
"90063847",0,0,2015,"5800","5","4","1","05",1,6,"A",,,,,,1800,10,"A","C","A","CHUCK YEAGER ROAD","HAMMONTON SMARTVILLE ROAD",1402,"S","N","2015-12-02",9285,"2015-10-22",1540,"018632",,"2","9","1","3",,"1","004","-","N",,0,0,,,0,,,,"Y",2,"A","-",21460,"A","N","A","H","-","A","D","0","Y","D","22",1,0,5,0,0,0,0,0,0,"-","-","UNINCORPORATED","YUBA","CA",-121.30197,39.19839
"90062035",-121.5391222,39.1872965,2015,"5800","3","3","2","08",0,2,"A",,,,,,1500,11,"E","I","A","SR-20","WALNUT AVE",832,"E","N","2015-11-30",9285,"2015-11-25",1445,"019168",,"2","9","0","1",,"1","062","-","Y",,0,0,,,0,,,,"Y",1,"A","-",22107,,"N","A","H","-","A","D","0","Y","A","01",1,0,1,0,0,0,0,0,0,"-","-","UNINCORPORATED","YUBA","CA",-121.53901,39.18733
"90061222",-121.5577131,39.2144651,2015,"5800","5","6","4","08",0,1,"B",,,,,,1800,11,"E","J","A","WOODRUFF LN","JACK SLOUGH RD",0,,"Y","2015-11-30",9285,"2015-11-14",1645,"015976",,"2","9","0","3",,"1","006","-","N",,0,0,,,0,,,,"Y",1,"A","-",22107,,"N","A","H","-","B","D","0","Y","A","01",0,0,1,0,0,0,0,0,0,"-","-","UNINCORPORATED","YUBA","CA",-121.55677,39.21457
"90061121",0,0,2015,"5800","4","1","4","03",0,1,"C",,,,"Y",,600,11,"C","C","A","SR-65 S/B","RANCHO RD",200,"S","N","2015-11-30",9285,"2015-11-09",520,"018522",,"3","9","0","2",,"2","025","-","Y",,0,0,,,0,,,,"Y",2,"A","-",22350,,"N","B","H","-","D","D","0","Y","A","01",0,0,1,0,0,0,0,0,0,"-","-","UNINCORPORATED","YUBA","CA",-121.47756,39.04231
"90061101",0,0,2015,"5800","4","2","2","08",0,3,"A",,,,,"Y",300,10,"E","J","A","MARYSVILLE ROAD","DOLAN HARDING RD",308,"S","N","2015-11-30",9285,"2015-10-27",20,"017393",,"3","9","0","2",,"1","061","-","N",,0,0,,,0,,,,"Y",1,"A","-",22107,,"F","A","H","-","D","D","0","Y","A","07",1,2,0,0,0,0,0,0,0,"-","-","UNINCORPORATED","YUBA","CA",-121.3469,39.32018
"90058155",-121.5434416,38.9775965,2015,"5800","4","6","4","09",0,3,"A",,,,,,2100,11,"D","C","A","FEATHER RIVER BLVD","SR-70",41,"W","N","2015-11-24",9285,"2015-11-21",1944,"018636",,"2","9","0","2",,"2","021","-","N",,0,0,,,0,,,,"Y",2,"A","-",21801,"A","N","A","H","-","C","D","0","Y","A","07",0,0,3,0,0,0,0,0,0,"-","-","UNINCORPORATED","YUBA","CA",-121.5773,39.12424
"90058146",-121.4034812,39.1760771,2015,"5800","4","6","4","08",0,1,"A",,,,,,2400,11,"F","I","A","HAMMONTON SMARTVILLE RD","DOOLITTLE DR",10560,"E","N","2015-11-24",9285,"2015-11-21",2225,"018632",,"3","9","0","2",,"1","042","-","N",,0,0,,,0,,,,"Y",1,"A","-",22107,,"N","A","H","-","D","D","0","Y","A","01",0,0,1,0,0,0,0,0,0,"-","-","UNINCORPORATED","YUBA","CA",-121.40116,39.17686
"90057155",-121.5514799,39.0992341,2015,"5800","4","4","2","08",0,1,"A",,"Y",,,,1800,11,"G","G","A","OLIVEHURST AVE","5TH AVENUE",208,"S","N","2015-11-23",9285,"2015-11-12",1545,"017129",,"2","9","0","2",,"1","022","-","N",,0,0,,,0,,,,"N",2,"A","-",22107,,"N","A","H","-","A","D","0","Y","A","01",1,0,0,0,0,0,1,0,0,"-","-","UNINCORPORATED","YUBA","CA",-121.55154,39.1004
"90057004",0,0,2015,"5800","4","4","2","05",0,1,"A",,,,,,900,11,"B","C","A","MARYSVILLE RD","OLD DOBBINS RD",8976,"E","N","2015-11-23",9285,"2015-11-12",645,"014480",,"1","9","0","2",,"2","081","-","N",,0,0,,,0,,,,"Y",2,"A","-",21650,,"N","A","H","-","B","D","0","Y","A","07",1,0,0,0,0,0,0,0,0,"-","-","UNINCORPORATED","YUBA","CA",-121.17793,39.36661
"90052503",-121.3416599,39.0481763,2015,"5800","5","6","2","08",0,1,"A",,,"Y",,,1500,11,"F","I","A","CAMP FAR WEST RD","WINTUN WAY",543,"W","N","2015-11-17",9285,"2015-11-14",1320,"017272",,"1","9","0","3",,"1","002","-","N",,0,0,,,0,,,,"Y",1,"A","-",22107,,"N","A","H","-","A","A","0","Y","C","02",1,0,0,0,0,0,0,0,1,"-","-","UNINCORPORATED","YUBA","CA",-121.3423,39.04813
"90047930",-121.2183906,39.3823996,2015,"5800","4","2","4","08",0,1,"A",,,,,,1200,11,"E","I","A","MARYSVILLE RD","INDIANA RANCH RD",474,"W","N","2015-11-10",9285,"2015-11-03",1105,"017393",,"1","9","0","2",,"2","081","-","N",,0,0,,,0,,,,"Y",1,"A","-",22107,,"N","A","H","-","A","D","0","Y","A","01",0,0,1,0,0,0,0,0,0,"-","-","UNINCORPORATED","YUBA","CA",-121.218,39.38236
"90047909",-121.2344613,39.3730644,2015,"5800","4","2","3","08",0,1,"A",,,,,,900,11,"E","I","A","MARYSVILLE RD","FRENCHTOWN DOBBINS RD",1584,"W","N","2015-11-10",9285,"2015-11-03",800,"017393",,"1","9","0","2",,"2","081","-","N",,0,0,,,0,,,,"Y",1,"A","-",22107,,"N","A","H","-","A","D","0","Y","D","22",0,1,0,0,0,0,0,0,0,"-","-","UNINCORPORATED","YUBA","CA",-121.23438,39.37321
"90047038",-121.5511231,39.1013405,2015,"5800","4","4","4","03",0,1,"A",,,,,,900,11,"C","C","A","OLIVEHURST AVENUE","POWERLINE ROAD",25,"S","N","2015-11-09",9285,"2015-11-05",750,"019144",,"1","9","0","2",,"1","022","-","N",,0,0,,,0,,,,"N",2,"A","-",22350,,"M","A","H","-","A","A","0","Y","A","01",0,0,1,0,0,0,0,0,0,"-","-","UNINCORPORATED","YUBA","CA",-121.55116,39.10119
"90047014",0,0,2015,"5800","3","5","4","07",0,1,"A",,,,"Y",,900,11,"B","C","A"," SR-70 N/B","OLIVEHURST AVE",2006,"S","N","2015-11-09",9285,"2015-11-06",755,"014480",,"1","9","0","1",,"1","020","-","Y",,0,0,,,0,,,,"Y",2,"A","-",21658,"A","N","A","H","-","A","D","0","Y","G","25",0,0,1,0,0,0,0,0,0,"-","-","UNINCORPORATED","YUBA","CA",-121.54545,39.09858
"90045476",-121.3198151,39.1978816,2015,"5800","4","7","4","08",0,2,"B",,,,,,900,11,"F","A","A","HAMMONTON SMARTVILLE ROAD","S. GOLDEN PARKWAY",1056,"W","N","2015-11-05",9285,"2015-11-01",830,"018286",,"1","9","0","2",,"1","042","C","N",,0,0,,,0,,,,"Y",1,"A","-",22107,,"N","B","H","-","A","D","0","Y","A","01",0,0,2,0,0,0,0,0,0,"-","-","UNINCORPORATED","YUBA","CA",-121.19279,39.11508
"90045460",0,0,2015,"5800","5","4","3","08",0,2,"A",,,,,,1200,10,"E","I","A","STATE ROUTE 20","SMARTSVILLE ROAD",100,"W","N","2015-11-05",9285,"2015-10-22",1022,"017900",,"1","9","0","3",,"1","002","-","Y",,0,0,,,0,,,,"Y",1,"A","-",22107,,"N","A","G","-","A","D","0","Y","A","01",0,1,1,0,0,0,0,0,0,"-","-","UNINCORPORATED","YUBA","CA",-121.28961,39.20188
"90045431",-121.5965851,39.268657,2015,"5800","3","2","3","03",0,2,"A",,,,,,900,10,"C","C","A","SR-70","RAMIREZ RD",1540,"N","N","2015-11-05",9285,"2015-10-27",655,"016343",,"1","9","0","1",,"1","060","-","Y",,0,0,,,0,,,,"Y",4,"A","-",22350,,"N","A","H","-","D","D","0","Y","A","01",0,1,1,0,0,0,0,0,0,"-","-","UNINCORPORATED","YUBA","CA",-121.59654,39.26898
"90045424",-121.4471544,39.2213997,2015,"5800","3","1","3","08",0,1,"A",,,,,,900,10,"F","I","A","SR-20","JOINES RD",1056,"E","N","2015-11-05",9285,"2015-10-12",625,"015976",,"1","9","0","1",,"1","062","-","Y",,0,0,,,0,,,,"Y",1,"A","-",22107,,"N","A","H","-","B","D","0","Y","A","01",0,1,0,0,0,0,0,0,0,"-","-","UNINCORPORATED","YUBA","CA",-121.44602,39.2215
"90043113",-121.591995,39.1800161,2015,"5800","3","1","3","08",0,1,"A",,,,,,1800,10,"E","I","A","SR-70","SILVA AVE",450,"S","N","2015-11-03",9285,"2015-10-26",1600,"016343",,"2","9","0","1",,"1","060","-","Y",,0,0,,,0,,,,"Y",1,"A","-",22107,,"N","A","H","-","A","D","0","Y","A","07",0,1,0,0,0,0,0,0,0,"-","-","UNINCORPORATED","YUBA","CA",-121.59208,39.1799
"90042319",-121.5586065,39.1276519,2015,"5800","5","3","4","03",0,1,"B",,,,,,1200,10,"C","C","A","PARK AVENUE ","N. BEALE ROAD",40,"N","N","2015-11-02",9285,"2015-10-28",1120,"015069",,"1","9","0","3",,"1","004","-","N",,0,0,,,0,,,,"N",2,"A","-",22350,,"N","A","H","-","A","A","0","Y","A","01",0,0,1,0,0,0,0,0,0,"-","-","UNINCORPORATED","YUBA","CA",-121.55766,39.12745
"90042295",-121.4125551,39.2283892,2015,"5800","3","2","4","08",0,1,"B",,,,,,1200,10,"E","J","A","SR-20","MARYSVILLE ROAD",469,"E","N","2015-11-02",9285,"2015-10-27",1025,"017393",,"1","9","0","1",,"1","062","-","Y",,0,0,,,0,,,,"Y",1,"A","-",22107,,"N","A","H","-","A","D","0","Y","A","07",0,0,1,0,0,0,0,0,0,"-","-","UNINCORPORATED","YUBA","CA",-121.41236,39.22839
"90042281",-121.2739118,39.4716148,2015,"5800","4","1","4","08",0,1,"A",,,,,"Y",2100,10,"F","I","A","LA PORTE ROAD","KUMLE WAY",325,"S","N","2015-11-02",9285,"2015-10-26",1925,"017393",,"2","9","0","2",,"2","082","-","N",,0,0,,,0,,,,"Y",1,"A","-",22107,,"N","A","H","-","D","D","0","Y","A","01",0,0,1,0,0,0,0,0,0,"-","-","UNINCORPORATED","YUBA","CA",-121.16252,39.28177
"90042236",-121.5709425,39.1866442,2015,"5800","5","4","2","08",0,2,"A",,,,,,2100,10,"D","C","A","JACK SLOUGH ROAD","KIMBALL LANE",2640,"N","N","2015-11-02",9285,"2015-10-15",1942,"019144",,"2","9","0","3",,"1","006","-","N",,0,0,,,0,,,,"Y",2,"A","-",22107,,"N","A","H","-","D","D","0","Y","A","01",1,1,0,0,0,0,0,0,0,"-","-","UNINCORPORATED","YUBA","CA",-121.571,39.18635
"90042112",-121.5401407,39.0787452,2015,"5800","5","5","3","11",0,1,"A","Y",,,"Y",,1500,10,"G","B","E","VIRGILIA LANE","TWAIN DRIVE",528,"S","N","2015-11-02",9285,"2015-10-16",1305,"015069",,"1","9","0","3",,"1","002","-","N",,0,0,,,0,,,,"N",2,"A","-",21954,"A","N","A","H","-","A","D","0","Y","N","60",0,1,0,0,1,0,0,0,0,"-","-","UNINCORPORATED","YUBA","CA",-121.53987,39.07787