"CASEID","POINT_X","POINT_Y","YEAR_","LOCATION","CHPTYPE","DAYWEEK","CRASHSEV","VIOLCAT","KILLED","INJURED","WEATHER1","PEDCOL","BICCOL","MCCOL","TRUCKCOL","ETOH","TIMECAT","MONTH_","CRASHTYP","INVOLVE","PED","PRIMARYRD","SECONDRD","DISTANCE","DIRECT","INTERSECT_","PROCDATE","JURIS","DATE_","TIME_","BADGE","JURIDIST","SHIFT","POP","SPECIAL","BEATTYPE","LAPDDIV","BEATCLAS","BEATNUMB","WEATHER2","STATEHW","CALTRANC","CALTRAND","STROUTE","ROUTESUF","POSTPRE","POSTMILE","LOCATYPE","RAMP","SIDEHW","TOWAWAY","PARTIES","PCF","VIOLCODE","VIOL","VIOLSUB","HITRUN","ROADSURF","RDCOND1","RDCOND2","LIGHTING","RIGHTWAY","CHPRDTYP","NOTPRIV","STFAULT","CHPFAULT","SEVINJ","OTHERINJ","COP","PEDKILL","PEDINJ","BICKILL","BICINJ","MCKILL","MCINJURE","RAMP1","RAMP2","CITY","COUNTY","STATE","X_CHP","Y_CHP"
"90015262",-121.5535332,39.1303051,2015,"5800","5","1","4","09",0,1,"A",,,,,,900,8,"A","D","A","LINDA AVE","HAMMONTON SMARTVILLE RD",0,,"Y","2015-10-19",9285,"2015-08-31",740,"018340",,"1","9","0","3",,"1","004","-","N",,0,0,,,0,,,,"Y",2,"A","-",21802,"A","N","A","H","-","A","A","0","Y","D","22",0,0,1,0,0,0,0,0,0,"-","-","UNINCORPORATED","YUBA","CA",-121.55342,39.13033
"90014934",0,0,2015,"5800","5","7","2","08",0,1,"A",,,,,,1800,8,"E","I","A","BLACKFORD RD","PLACER COUNTY LINE",406,"N","N","2015-10-19",9285,"2015-08-30",1510,"018286",,"2","9","0","3",,"1","002","-","N",,0,0,,,0,,,,"Y",1,"A","-",22107,,"N","A","H","-","A","D","0","Y","A","01",1,0,0,0,0,0,0,0,0,"-","-","UNINCORPORATED","YUBA","CA",-121.31723,39.05109
"90014931",-121.5842192,39.1286602,2015,"5800","3","6","3","18",0,1,"A",,,,,,2100,8,"H","A","A","SR-70","3RD STREET",3960,"S","N","2015-10-19",9285,"2015-08-29",2030,"018107",,"2","9","0","1",,"1","020","-","Y",,0,0,,,0,,,,"N",1,"C","-",0,,"N","A","H","-","C","D","0","Y","-","-",0,1,0,0,0,0,0,0,0,"-","-","UNINCORPORATED","YUBA","CA",-121.58902,39.13319
"90014907",-121.3164078,39.2107674,2015,"5800","3","5","2","01",0,1,"A",,,,,"Y",1800,8,"E","I","A","SR-20","RIVERVIEW TER",1056,"E","N","2015-10-19",9285,"2015-08-28",1739,"017118",,"2","9","0","1",,"1","062","-","Y",,0,0,,,0,,,,"Y",1,"A","-",23152,"A","N","A","H","-","A","D","0","Y","A","01",1,0,0,0,0,0,0,0,0,"-","-","UNINCORPORATED","YUBA","CA",-121.31663,39.21883
"90014892",-121.5757932,39.125645,2015,"5800","4","1","4","12",0,1,"A",,,,,,1200,8,"D","C","A","NORTH BEALE RD.","FEATHER RIVER BLVD",0,,"Y","2015-10-19",9285,"2015-08-24",1145,"015976",,"1","9","0","2",,"1","041","-","N",,0,0,,,0,,,,"Y",2,"A","-",21453,"A","N","A","H","-","A","A","0","Y","A","07",0,0,1,0,0,0,0,0,0,"-","-","UNINCORPORATED","YUBA","CA",-121.57583,39.12629
"90014886",-121.5756553,39.1256223,2015,"5800","4","1","3","21",0,1,"A",,,,,,900,8,"C","C","A","NORTH BEALE ROAD","FEATHER RIVER BOULEVARD",40,"E","N","2015-10-19",9285,"2015-08-17",830,"017900",,"1","9","0","2",,"1","041","-","N",,0,0,,,0,,,,"N",2,"A","-",22106,,"N","A","H","-","A","A","0","Y","A","01",0,1,0,0,0,0,0,0,0,"-","-","UNINCORPORATED","YUBA","CA",-121.57546,39.12557
"90014881",0,0,2015,"5800","5","6","3","08",0,1,"A",,,"Y",,,1800,8,"F","A","A","CAMP FAR WEST RD","7544 CAMP FAR WEST ROAD",2344320,"E","N","2015-10-19",9285,"2015-08-01",1719,"018636",,"2","9","0","3",,"1","002","-","N",,0,0,,,0,,,,"N",1,"A","-",22107,,"N","A","B","-","A","D","0","Y","C","02",0,1,0,0,0,0,0,0,1,"-","-","UNINCORPORATED","YUBA","CA",-121.34093,39.04821
"90014297",-121.5756898,39.125628,2015,"5800","4","4","4","03",0,2,"A",,,,,,1800,8,"C","C","A","N BEALE ROAD","FEATHER RIVER BLVD",30,"S","N","2015-10-19",9285,"2015-08-27",1620,"018286",,"2","9","0","2",,"1","041","-","N",,0,0,,,0,,,,"N",2,"A","-",22350,,"N","A","H","-","A","D","0","Y","-","98",0,0,2,0,0,0,0,0,0,"-","-","UNINCORPORATED","YUBA","CA",-121.34319,39.07324
"90014142",-121.3875986,39.2887053,2015,"5800","4","1","4","08",0,1,"A",,,,,,900,8,"A","C","A","MARYSVILLE RD","GETTY WAY",420,"N","N","2015-10-19",9285,"2015-08-24",825,"018340",,"1","9","0","2",,"1","061","-","N",,0,0,,,0,,,,"Y",2,"A","-",22107,,"N","A","H","-","A","D","0","Y","D","22",0,0,1,0,0,0,0,0,0,"-","-","UNINCORPORATED","YUBA","CA",-121.38608,39.29025
"90014133",-121.5612338,39.1274751,2015,"5800","4","7","3","10",0,1,"A","Y",,,,,1500,8,"G","B","B","N. BEALE ROAD","LOWE AVE",20,"W","N","2015-10-19",9285,"2015-08-23",1440,"018340",,"2","9","0","2",,"1","041","-","N",,0,0,,,0,,,,"N",2,"A","-",21950,"A","N","A","H","-","A","A","0","Y","A","08",0,1,0,0,1,0,0,0,0,"-","-","UNINCORPORATED","YUBA","CA",-121.56132,39.12753
"90013433",-121.2529713,39.3631499,2015,"5800","4","5","3","08",0,1,"A",,,,,,1800,8,"E","I","A","MARYSVILLE RD","TEXAS HILL RD",185,"W","N","2015-10-19",9285,"2015-08-21",1750,"014480",,"2","9","0","2",,"2","081","-","N",,0,0,,,0,,,,"Y",1,"A","-",22107,,"N","A","H","-","A","D","0","Y","A","07",0,1,0,0,0,0,0,0,0,"-","-","UNINCORPORATED","YUBA","CA",-121.25302,39.36308
"90012310",0,0,2015,"5800","3","1","3","03",0,3,"A",,,,,,1500,8,"C","C","A","SR-70 S/B","PLUMAS LAKE BLVD",6336,"S","N","2015-10-19",9285,"2015-08-10",1355,"015976",,"1","9","0","1",,"1","020","-","Y",,0,0,,,0,,,,"Y",2,"A","-",22350,,"N","A","D","-","A","D","0","Y","A","01",0,1,2,0,0,0,0,0,0,"-","-","UNINCORPORATED","YUBA","CA",-121.54355,39.00023
"90011435",-121.3185851,39.1980441,2015,"5800","4","6","4","08",0,1,"A",,,,,,900,8,"E","I","A","HAMMONTON SMARTVILLE RD","SOUTH GOLDEN PKY",700,"W","N","2015-10-19",9285,"2015-08-22",700,"018340",,"1","9","0","2",,"1","042","-","N",,0,0,,,0,,,,"Y",1,"A","-",22107,,"N","A","H","-","A","D","0","Y","A","01",0,0,1,0,0,0,0,0,0,"-","-","UNINCORPORATED","YUBA","CA",-121.31866,39.19798
"90010481",-121.0719938,39.4358782,2015,"5800","3","1","4","18",0,1,"A",,,,,,1200,8,"E","I","A","SR-49","MARYSVILLE RD",1056,"S","N","2015-10-19",9230,"2015-08-17",1000,"019235",,"1","9","0","1",,"1","081","-","Y",,0,0,,,0,,,,"Y",1,"C","-",0,,"N","A","H","-","A","A","0","Y","-","-",0,0,1,0,0,0,0,0,0,"-","-","UNINCORPORATED","YUBA","CA",-121.07442,39.43423
"90010347",-121.4327489,39.0153371,2015,"5800","4","2","4","03",0,1,"A",,,,,,1500,8,"C","C","A","SR-65","MCDEVITT DR",620,"N","N","2015-10-19",9285,"2015-08-11",1240,"018340",,"1","9","0","2",,"2","025","-","Y",,0,0,,,0,,,,"Y",2,"A","-",22350,,"N","A","H","-","A","D","0","Y","A","01",0,0,1,0,0,0,0,0,0,"-","-","UNINCORPORATED","YUBA","CA",-121.43286,39.01534
"90010259",-121.5510931,39.101405,2015,"5800","4","1","4","09",0,1,"A",,,"Y",,,1500,8,"F","A","A","OLIVEHURST AVE","POWERLINE RD",0,,"Y","2015-10-19",9285,"2015-08-10",1235,"015976",,"1","9","0","2",,"1","022","-","N",,0,0,,,0,,,,"N",2,"A","-",21801,"A","N","A","H","-","A","D","0","Y","D","22",0,0,1,0,0,0,0,0,1,"-","-","UNINCORPORATED","YUBA","CA",-121.55092,39.1016
"90010254",-121.3727732,39.3002451,2015,"5800","4","4","3","22",0,3,"A",,,,,,1500,8,"F","A","A","MARYSVILLE ROAD","BAYBERRY LN",0,,"Y","2015-10-19",9285,"2015-08-13",1455,"016343",,"2","9","0","2",,"1","061","-","N",,0,0,,,0,,,,"Y",1,"B","-",0,,"N","A","H","-","A","D","0","Y","J","43",0,1,2,0,0,0,0,0,0,"-","-","UNINCORPORATED","YUBA","CA",-121.37266,39.30079
"90010122",-121.5957262,39.2745334,2015,"5800","3","7","3","01",0,1,"A",,,,,"Y",1800,8,"D","C","A","SR-70","RAMIREZ RD",3696,"N","N","2015-10-19",9285,"2015-08-09",1620,"017129",,"2","9","0","1",,"1","060","-","Y",,0,0,,,0,,,,"Y",2,"A","-",23152,"A","F","A","H","-","A","D","0","Y","A","01",0,1,0,0,0,0,0,0,0,"-","-","UNINCORPORATED","YUBA","CA",-121.59588,39.27477
"90009495",-121.5110268,39.2140404,2015,"5800","3","2","3","09",0,2,"A",,,"Y",,,900,8,"F","A","A","SR-20","LOMA RICA RD",80,"W","N","2015-10-19",9285,"2015-08-11",725,"018340",,"1","9","0","1",,"1","062","-","Y",,0,0,,,0,,,,"Y",2,"A","-",21801,"A","N","A","H","-","A","D","0","Y","D","22",0,2,0,0,0,0,0,0,2,"-","-","UNINCORPORATED","YUBA","CA",-121.51074,39.21411
"90009421",-121.5448679,39.1810638,2015,"5800","3","5","3","12",0,1,"A",,,,,,900,8,"F","A","A","SR-20","PLANTZ ROAD",110,"W","N","2015-10-19",9285,"2015-08-07",750,"016343",,"1","9","0","1",,"1","062","-","Y",,0,0,,,0,,,,"Y",1,"A","-",22450,"A","N","A","H","-","A","A","0","Y","A","07",0,1,0,0,0,0,0,0,0,"-","-","UNINCORPORATED","YUBA","CA",-121.5447,39.18131
"90008434",-121.2787944,39.4677728,2015,"5800","5","6","3","03",0,1,"A",,,"Y",,,1800,7,"F","A","A","LA PORTE ROAD","CEDAR LANE",2640,"W","N","2015-10-19",9285,"2015-07-25",1720,"018153",,"2","9","0","3",,"1","008","-","N",,0,0,,,0,,,,"Y",1,"A","-",22350,,"N","A","H","-","A","D","0","Y","C","02",0,1,0,0,0,0,0,0,1,"-","-","UNINCORPORATED","YUBA","CA",-121.37191,39.18928
"90007292",-121.5485223,39.1277886,2015,"5800","4","7","3","08",0,1,"A",,,,,,1200,8,"E","I","A","N. BEALE RD.","BEEDE AVE.",40,"E","N","2015-10-19",9285,"2015-08-02",1025,"018291",,"1","9","0","2",,"1","041","-","N",,0,0,,,0,,,,"N",1,"A","-",22107,,"N","A","H","-","A","A","0","Y","A","01",0,1,0,0,0,0,0,0,0,"-","-","UNINCORPORATED","YUBA","CA",-121.54848,39.1277
"90007288",-121.5237032,39.1381751,2015,"5800","4","2","3","08",0,1,"A",,,,,,300,8,"F","A","A","HAMMONTON SMARTVILLE RD","GRIFFITH AVE",0,"W","N","2015-10-19",9285,"2015-08-04",205,"017534",,"3","9","0","2",,"1","042","-","N",,0,0,,,0,,,,"Y",1,"A","-",22107,,"N","A","H","-","D","D","0","Y","A","07",0,1,0,0,0,0,0,0,0,"-","-","UNINCORPORATED","YUBA","CA",-121.52696,39.13718
"90007073",-121.5629703,39.1391421,2015,"5800","5","4","3","08",0,1,"A",,,,,,900,7,"E","I","A","SIMPSON LN","BABBINGTON RD",2112,"E","N","2015-10-19",9285,"2015-07-30",650,"018286",,"1","9","0","3",,"1","004","-","N",,0,0,,,0,,,,"Y",1,"A","-",22107,,"N","A","H","-","A","D","0","Y","A","01",0,1,0,0,0,0,0,0,0,"-","-","UNINCORPORATED","YUBA","CA",-121.56221,39.13906
"90006986",0,0,2015,"5800","3","5","4","18",0,2,"A",,,,,,1500,7,"E","I","A","SR-70 N/B","ERLE RD",245,"N","N","2015-10-19",9285,"2015-07-31",1442,"018286",,"2","9","0","1",,"1","020","-","Y",,0,0,,,0,,,,"Y",1,"C","-",0,,"N","A","H","-","A","D","0","Y","-","-",0,0,2,0,0,0,0,0,0,"-","-","UNINCORPORATED","YUBA","CA",-121.33347,39.06499
"90006967",0,0,2015,"5800","3","6","4","03",0,1,"A",,,"Y",,,2400,8,"F","A","A","SR-70 S/B","OLIVEHURST AVE",160,"S","N","2015-10-19",9285,"2015-08-01",2215,"019168",,"3","9","0","1",,"1","020","-","Y",,0,0,,,0,,,,"N",1,"A","-",22350,,"N","A","H","-","C","D","0","Y","C","02",0,0,1,0,0,0,0,0,1,"-","-","UNINCORPORATED","YUBA","CA",-121.55021,39.1019
"90006510",0,0,2015,"5800","5","1","4","18",0,1,"A",,,,,,600,7,"E","I","A","FRENCHTOWN ROAD","DOS LOCOS WAY",82,"N","N","2015-10-19",9285,"2015-07-27",430,"017393",,"3","9","0","3",,"1","008","-","N",,0,0,,,0,,,,"Y",1,"C","-",0,,"N","A","H","-","D","D","0","Y","-","-",0,0,1,0,0,0,0,0,0,"-","-","UNINCORPORATED","YUBA","CA",-121.26975,39.42446
"90006505",-121.5726984,39.1251009,2015,"5800","4","1","4","03",0,1,"A",,,,,,1800,7,"C","C","A","N BEALE ROAD","FEATHER RIVER BLVD",900,"E","N","2015-10-19",9285,"2015-07-13",1650,"017129",,"2","9","0","2",,"1","041","-","N",,0,0,,,0,,,,"N",2,"A","-",22350,,"N","A","H","-","A","A","0","Y","A","01",0,0,1,0,0,0,0,0,0,"-","-","UNINCORPORATED","YUBA","CA",-121.57243,39.12517
"90006440",0,0,2015,"5800","3","3","3","08",0,2,"A",,,,,,1800,7,"F","A","A","SR-70 N/B","MCGOWAN PKY",528,"N","N","2015-10-19",9285,"2015-07-22",1720,"018153",,"2","9","0","1",,"1","020","-","Y",,0,0,,,0,,,,"Y",1,"A","-",22107,,"N","A","H","-","A","D","0","Y","A","01",0,1,1,0,0,0,0,0,0,"-","-","UNINCORPORATED","YUBA","CA",-121.54164,39.0849
"90006364",-121.5898291,39.1715417,2015,"5800","3","7","2","06",0,4,"A",,,,"Y",,1500,7,"A","C","A","SR-70","LAURELLEN RD",580,"N","N","2015-10-19",9285,"2015-07-19",1230,"018340",,"1","9","0","1",,"1","060","-","Y",,0,0,,,0,,,,"Y",2,"A","-",21750,,"N","A","H","-","A","D","0","Y","A","01",1,0,3,0,0,0,0,0,0,"-","-","UNINCORPORATED","YUBA","CA",-121.58983,39.17161
"90006326",-121.5555832,39.127615,2015,"5800","4","6","3","08",0,1,"A",,,,,,2100,7,"E","I","A","N BEALE ROAD","HAMMONTON SMARTVILLE RD",0,,"Y","2015-10-19",9285,"2015-07-25",2059,"018107",,"2","9","0","2",,"1","041","-","N",,0,0,,,0,,,,"Y",1,"A","-",22107,,"N","A","H","-","C","A","0","Y","A","01",0,1,0,0,0,0,0,0,0,"-","-","UNINCORPORATED","YUBA","CA",-121.55588,38.12752
"90006318",-121.5952204,39.3037791,2015,"5800","3","4","4","09",0,1,"A",,,,,,600,7,"D","C","A","STATE ROUTE 70","OLD STATE HIGHWAY",639,"N","N","2015-10-19",9285,"2015-07-23",525,"017534",,"3","9","0","1",,"1","060","-","Y",,0,0,,,0,,,,"Y",2,"A","-",21801,"A","N","A","H","-","B","D","0","Y","A","01",0,0,1,0,0,0,0,0,0,"-","-","UNINCORPORATED","YUBA","CA",-121.35424,39.18104
"90006279",-121.4761027,39.1549919,2015,"5800","4","5","3","08",0,1,"B",,,,"Y",,900,7,"E","I","A","HAMMONTON-SMARTVILLE ROAD ","BROPHY ROAD ",3168,"E","N","2015-10-19",9285,"2015-07-10",707,"015069",,"1","9","0","2",,"1","042","-","N",,0,0,,,0,,,,"Y",1,"A","-",22107,,"N","A","H","-","A","D","0","Y","G","25",0,1,0,0,0,0,0,0,0,"-","-","UNINCORPORATED","YUBA","CA",-121.47575,39.15515
"90006060",-121.5790441,39.1006001,2015,"5800","4","5","4","08",0,1,"A",,,,,"Y",2100,7,"B","C","A","FEATHER RIVER BLVD","MYRNA AVE",319,"S","N","2015-10-19",9285,"2015-07-17",1837,"018636",,"2","9","0","2",,"1","022","-","N",,0,0,,,0,,,,"Y",2,"A","-",22107,,"N","A","H","-","A","D","0","Y","D","22",0,0,1,0,0,0,0,0,0,"-","-","UNINCORPORATED","YUBA","CA",-121.57909,39.10055
"90006057",-121.5433214,38.9746452,2015,"5800","3","5","4","03",0,1,"A",,,,,,1800,7,"C","C","A","SR-70","FEATHER RIVER BLVD",1056,"S","N","2015-10-19",9285,"2015-07-17",1712,"018636",,"2","9","0","1",,"1","020","-","Y",,0,0,,,0,,,,"Y",2,"A","-",22350,,"N","A","H","-","A","D","0","Y","A","01",0,0,1,0,0,0,0,0,0,"-","-","UNINCORPORATED","YUBA","CA",-121.56786,39.11902
"90005753",-121.2872815,39.4346686,2015,"5800","5","1","3","01",0,1,"A",,,,,,900,7,"F","J","A","WILLOW GLEN RD.","DOUBLE A RANCH RD",5280,"S","N","2015-10-19",9285,"2015-07-13",645,"015976",,"1","9","0","3",,"1","008","-","N",,0,0,,,0,,,,"Y",1,"A","-",23152,"E","N","A","H","-","A","D","0","Y","D","22",0,1,0,0,0,0,0,0,0,"-","-","UNINCORPORATED","YUBA","CA",-121.28825,39.43344
"90005730",-121.5128732,39.213255,2015,"5800","3","2","4","09",0,2,"A",,,,,,1800,7,"A","C","A","STATE ROUTE 20","WOODRUFF LN",0,,"Y","2015-10-19",9285,"2015-07-07",1635,"017900",,"2","9","0","1",,"1","062","-","Y",,0,0,,,0,,,,"Y",2,"A","-",21802,"A","N","A","H","-","A","A","0","Y","A","07",0,0,2,0,0,0,0,0,0,"-","-","UNINCORPORATED","YUBA","CA",-121.51285,39.21344
"90005724",0,0,2015,"5800","5","2","2","12",0,1,"A",,,,,"Y",2400,7,"E","I","A","DAIRY ROAD ","40 MILE ROAD",0,,"Y","2015-10-19",9285,"2015-07-07",2300,"015069",,"3","9","0","3",,"1","002","-","N",,0,0,,,0,,,,"Y",1,"A","-",22450,"A","N","A","H","-","D","A","0","Y","A","01",1,0,0,0,0,0,0,0,0,"-","-","UNINCORPORATED","YUBA","CA",-121.49895,39.00852
"90005677",-121.3032631,39.0652451,2015,"5800","5","7","3","08",0,1,"A",,,,,,1200,7,"E","I","A","CAMP FAR WEST RD","WICHITA WAY",0,"E","N","2015-10-19",9285,"2015-07-19",1053,"018636",,"1","9","0","3",,"1","002","-","N",,0,0,,,0,,,,"Y",1,"A","-",22107,,"N","A","H","-","A","D","0","Y","A","07",0,1,0,0,0,0,0,0,0,"-","-","UNINCORPORATED","YUBA","CA",-121.29937,39.06702
"90005640",0,0,2015,"5800","3","6","4","08",0,1,"A",,,,,,1500,7,"E","I","A","SR-70 N/B","OLIVEHURST AVE",3168,"S","N","2015-10-19",9285,"2015-07-18",1243,"018286",,"1","9","0","1",,"1","020","-","Y",,0,0,,,0,,,,"Y",2,"A","-",22107,,"N","A","H","-","A","D","0","Y","A","01",0,0,1,0,0,0,0,0,0,"-","-","UNINCORPORATED","YUBA","CA",-121.54381,39.09658
"90005415",-121.48149,39.153152,2015,"5800","5","3","4","08",0,1,"A",,,,,,1200,7,"F","A","A","HAMMONTON SMARTVILLE RD","BROPHY RD",1500,"E","N","2015-10-19",9285,"2015-07-15",923,"018291",,"1","9","0","3",,"1","004","-","N",,0,0,,,0,,,,"Y",1,"A","-",22107,,"N","A","H","-","A","D","0","Y","A","07",0,0,1,0,0,0,0,0,0,"-","-","UNINCORPORATED","YUBA","CA",-121.48126,39.15317
"90005407",-121.5128732,39.213255,2015,"5800","3","1","4","01",0,1,"A",,,,,"Y",1500,7,"D","C","A","SR-20","WOODRUFF LN",0,,"Y","2015-10-19",9285,"2015-07-13",1430,"015976",,"2","9","0","1",,"1","062","-","Y",,0,0,,,0,,,,"Y",2,"A","-",23152,"A","N","A","H","-","A","A","0","Y","D","22",0,0,1,0,0,0,0,0,0,"-","-","UNINCORPORATED","YUBA","CA",-121.51302,39.21337
"90005117",-121.5974059,39.2638109,2015,"5800","5","5","4","18",0,1,"A",,,,,,1200,7,"F","A","A","SR-70","RAMIREZ RD",240,"S","N","2015-10-19",9285,"2015-07-10",1100,"018286",,"1","9","0","3",,"1","006","-","Y",,0,0,,,0,,,,"Y",1,"C","-",0,,"N","A","H","-","A","D","0","Y","-","-",0,0,1,0,0,0,0,0,0,"-","-","UNINCORPORATED","YUBA","CA",-121.59755,39.26385
"90005059",0,0,2015,"5800","5","5","3","09",0,1,"A",,"Y",,,,1800,7,"D","G","A","KENSINGTON DRIVE","RIVER OAKS DR",85,"E","N","2015-12-09",9285,"2015-07-03",1707,"018636",,"2","9","0","3",,"1","002","-","N",,0,0,,,0,,,,"N",2,"A","-",21804,"A","N","A","H","-","A","D","0","Y","L","04",0,1,0,0,0,0,1,0,0,"-","-","UNINCORPORATED","YUBA","CA",-121.55307,39.00095
"90005053",-121.5135009,39.0270677,2015,"5800","5","5","3","08",0,1,"A",,,,,,2100,7,"F","I","A","FORTY MILE RD","HOFFMAN RD",1056,"S","N","2015-10-19",9285,"2015-07-10",1843,"018522",,"2","9","0","3",,"1","002","-","N",,0,0,,,0,,,,"Y",1,"A","-",22107,,"N","A","H","-","A","D","0","Y","D","22",0,1,0,0,0,0,0,0,0,"-","-","UNINCORPORATED","YUBA","CA",-121.50218,39.0142
"90005019",0,0,2015,"5800","5","6","3","08",0,1,"A",,,,,,1200,7,"F","A","A","LA PORTE ROAD","JUNIPER LANE",300,"S","N","2015-10-19",9285,"2015-07-11",1138,"017129",,"1","9","0","3",,"1","008","-","N",,0,0,,,0,,,,"Y",1,"A","-",22107,,"N","A","H","-","A","D","0","Y","A","07",0,1,0,0,0,0,0,0,0,"-","-","UNINCORPORATED","YUBA","CA",-121.10222,39.57047
"90004913",0,0,2015,"5800","5","1","4","08",0,1,"A",,,,,,1500,7,"E","I","A","RIVER OAKS DR","SANTA BARBARA WAY",0,,"N","2015-10-19",9285,"2015-07-06",1440,"018340",,"2","9","0","3",,"1","002","-","N",,0,0,,,0,,,,"Y",1,"A","-",22107,,"N","A","H","-","A","D","0","Y","A","07",0,0,1,0,0,0,0,0,0,"-","-","UNINCORPORATED","YUBA","CA",-121.54721,38.98337
"90004858",0,0,2015,"5800","4","7","4","01",0,2,"A",,,,,,1500,7,"E","I","A","SR-65 N/B","OAKLEY LN",1584,"N","N","2015-10-19",9285,"2015-07-05",1355,"018286",,"1","9","0","2",,"2","025","-","Y",,0,0,,,0,,,,"Y",1,"A","-",23152,"E","N","A","H","-","A","D","0","Y","A","01",0,0,2,0,0,0,0,0,0,"-","-","UNINCORPORATED","YUBA","CA",-121.4664,39.03705
"90004576",-121.5613132,39.0787851,2015,"5800","5","7","4","09",0,1,"A",,,,,,2100,7,"D","C","A","BUTTERFLY LN","ARBOGA RD",0,,"Y","2015-10-19",9285,"2015-07-05",1950,"018636",,"2","9","0","3",,"1","002","-","N",,0,0,,,0,,,,"N",2,"A","-",21802,"A","N","A","H","-","A","A","0","Y","A","01",0,0,1,0,0,0,0,0,0,"-","-","UNINCORPORATED","YUBA","CA",-121.5615,39.07882
"90004535",0,0,2015,"5800","4","2","4","08",0,1,"A",,,,,,2100,7,"E","I","A","MARYSVILLE RD","DOLAN HARDING RD",2640,"S","N","2015-10-19",9285,"2015-07-07",1820,"018632",,"2","9","0","2",,"1","061","-","N",,0,0,,,0,,,,"Y",1,"A","-",22107,,"N","A","H","-","A","D","0","Y","A","01",0,0,1,0,0,0,0,0,0,"-","-","UNINCORPORATED","YUBA","CA",-121.35002,39.31808
"90004089",0,0,2015,"5800","5","2","4","08",0,1,"A",,,"Y",,,2100,6,"E","I","A","CAMP FAR WEST RD","WITCHITA WAY",1320,"E","N","2015-10-19",9285,"2015-06-30",2000,"018107",,"2","9","0","3",,"1","002","-","N",,0,0,,,0,,,,"N",1,"A","-",22107,,"N","A","H","-","B","D","0","Y","C","02",0,0,1,0,0,0,0,0,1,"-","-","UNINCORPORATED","YUBA","CA",-121.29833,39.06616
"7147401",-121.5912732,39.1446352,2015,"5801","0","2","4","08",0,1,"A",,,,,,1800,12,"D","C","A","E ST","9TH ST",0,,"Y","2017-01-31",5801,"2015-12-08",1627,"319",,"5","3","0","0",,"0",,"-","Y","YUB",3,20,"-","-",0.989,"I","5","E","Y",2,"A","-",22100,"A","N","A","H","-","A","A","0","Y","A","01",0,0,1,0,0,0,0,0,0,"-","-","MARYSVILLE","YUBA","CA",0,0
"7140513",-121.5906917,39.1408038,2015,"5801","0","7","4","09",0,1,"B",,,,,,2400,12,"D","C","A","E ST","5TH ST",0,,"Y","2017-01-31",5801,"2015-12-06",2237,"311",,"5","3","0","0",,"0",,"-","Y","YUB",3,70,"-","-",14.4,"I","5","W","Y",2,"A","-",21801,"A","N","B","H","-","C","A","0","Y","A","01",0,0,1,0,0,0,0,0,0,"-","-","MARYSVILLE","YUBA","CA",0,0
"7140509",-121.5889359,39.1448196,2015,"5801","0","6","4","09",0,1,"A",,,,,,1800,12,"D","C","A","9TH ST","OAK ST",0,,"Y","2017-01-31",5801,"2015-12-05",1614,"319",,"5","3","0","0",,"0",,"-","Y","YUB",3,20,"-","-",1.115,"I","5","E","Y",2,"A","-",21804,"A","F","A","H","-","A","A","0","Y","A","01",0,0,1,0,0,0,0,0,0,"-","-","MARYSVILLE","YUBA","CA",0,0
"7133158",-121.5909888,39.1437558,2015,"5801","0","3","4","03",0,1,"B",,,,,,900,12,"C","C","A","E ST","8TH ST",0,,"Y","2017-01-31",5801,"2015-12-02",726,"304","5801","5","3","0","0",,"0",,"-","Y","YUB",3,70,"-","-",14.63,"I","5","E","N",2,"A","-",22350,,"N","A","H","-","A","A","0","Y","A","07",0,0,1,0,0,0,0,0,0,"-","-","MARYSVILLE","YUBA","CA",0,0
"7128109",-121.5818532,39.1488351,2015,"5801","0","6","3","09",0,1,"A",,,"Y",,,1500,11,"D","-","A","EAST 12TH ST","BLUE ST",0,,"Y","2015-12-07",5801,"2015-11-21",1255,"312",,"5","3","0","0",,"0",,"-","N",,0,0,,,0,,,,"Y",2,"A","-",21802,"A","N","A","H","-","A","-","0","Y","A","01",0,1,0,0,0,0,0,0,1,"-","-","MARYSVILLE","YUBA","CA",0,0
"7126823",-121.5950831,39.1398351,2015,"5801","0","5","4","09",0,1,"A",,,,,,1800,12,"D","C","A","5TH ST","H ST",0,,"Y","2015-12-28",5801,"2015-12-04",1534,"304","5801","5","3","0","0",,"0",,"-","N",,0,0,,,0,,,,"Y",2,"A","-",21801,,"N","A","H","-","A","A","0","Y","-","-",0,0,1,0,0,0,0,0,0,"-","-","MARYSVILLE","YUBA","CA",0,0
"7124570",-121.5791775,39.1490604,2015,"5801","0","2","4","18",0,1,"A","Y",,,,"Y",300,11,"G","B","E","EAST 12TH ST","FREEMAN ST",45,"W","N","2017-02-02",5801,"2015-11-17",24,"311",,"5","3","0","0",,"0",,"-","Y","YUB",3,20,"-","-",1.9,"H","-","W","N",2,"C","-",0,,"N","A","H","-","C","D","0","Y","-","-",0,0,1,0,1,0,0,0,0,"-","-","MARYSVILLE","YUBA","CA",0,0