"CASEID","POINT_X","POINT_Y","YEAR_","LOCATION","CHPTYPE","DAYWEEK","CRASHSEV","VIOLCAT","KILLED","INJURED","WEATHER1","PEDCOL","BICCOL","MCCOL","TRUCKCOL","ETOH","TIMECAT","MONTH_","CRASHTYP","INVOLVE","PED","PRIMARYRD","SECONDRD","DISTANCE","DIRECT","INTERSECT_","PROCDATE","JURIS","DATE_","TIME_","BADGE","JURIDIST","SHIFT","POP","SPECIAL","BEATTYPE","LAPDDIV","BEATCLAS","BEATNUMB","WEATHER2","STATEHW","CALTRANC","CALTRAND","STROUTE","ROUTESUF","POSTPRE","POSTMILE","LOCATYPE","RAMP","SIDEHW","TOWAWAY","PARTIES","PCF","VIOLCODE","VIOL","VIOLSUB","HITRUN","ROADSURF","RDCOND1","RDCOND2","LIGHTING","RIGHTWAY","CHPRDTYP","NOTPRIV","STFAULT","CHPFAULT","SEVINJ","OTHERINJ","COP","PEDKILL","PEDINJ","BICKILL","BICINJ","MCKILL","MCINJURE","RAMP1","RAMP2","CITY","COUNTY","STATE","X_CHP","Y_CHP"
"7116317",-121.5947332,39.137605,2015,"5801","0","1","4","17",0,2,"B",,,,,,900,11,"D","D","A","3RD ST","H ST",0,,"Y","2015-12-09",5801,"2015-11-09",854,"306",,"5","3","0","0",,"0","5801","C","N",,0,0,,,0,,,,"Y",2,"A","-",21451,"A","N","B","-","-","A","A","0","Y","-","-",0,0,2,0,0,0,0,0,0,"-","-","MARYSVILLE","YUBA","CA",0,0
"7107546",-121.5790221,39.0620866,2015,"5800","4","6","4","05",0,1,"A",,,,"Y",,900,8,"B","C","A","FEATHER RIVER BL","ELLA AV",2640,"S","N","2015-11-13",9285,"2015-08-22",820,"17900",,"1","9","0","2",,"2","021","-","N",,0,0,,,0,,,,"Y",2,"A","-",21460,"A","N","A","H","-","A","D","0","Y","D","22",0,0,1,0,0,0,0,0,0,"-","-","UNINCORPORATED","YUBA","CA",-121.57902,39.06192
"7099468",-121.5917732,39.1378451,2015,"5801","0","1","4","03",0,1,"A",,,,,,1500,10,"C","C","A","3RD ST","F ST",0,"E","N","2015-10-28",5801,"2015-10-05",1446,"305",,"5","3","0","0",,"0",,"-","N",,0,0,,,0,,,,"N",2,"A","-",22350,,"N","A","H","-","A","A","0","Y","A","01",0,0,1,0,0,0,0,0,0,"-","-","MARYSVILLE","YUBA","CA",0,0
"7099437",-121.5913193,39.1449295,2015,"5801","0","3","4","03",0,1,"A","Y",,,,,900,10,"G","B","F","E ST","9TH ST",108,"N","N","2015-10-27",5801,"2015-10-07",829,"304","5801","5","3","0","0",,"0",,"-","N",,0,0,,,0,,,,"N",2,"A","-",22350,,"N","A","H","-","A","D","0","Y","D","22",0,0,1,0,1,0,0,0,0,"-","-","MARYSVILLE","YUBA","CA",0,0
"7089812",-121.5826883,39.14876,2015,"5801","0","6","4","12",0,1,"A",,,,,,2100,9,"D","C","A","EAST 12TH ST","RAMIREZ ST",0,,"Y","2017-01-14",5801,"2015-09-19",1839,"305","YUBA","5","3","0","0",,"0",,"-","Y","YUB",3,20,"-","-",1.71,"I","5","W","Y",2,"A","-",21453,"A","N","A","H","-","A","A","0","Y","A","01",0,0,1,0,0,0,0,0,0,"-","-","MARYSVILLE","YUBA","CA",0,0
"7080001",-121.5834939,39.1551188,2015,"5801","0","2","4","11",0,1,"A","Y",,,,,900,9,"G","B","D","RAMIREZ ST","EAST 18TH ST",120,"S","N","2015-10-07",5801,"2015-09-22",846,"304","5801","5","3","0","0",,"0","5801","-","N",,0,0,,,0,,,,"N",2,"A","-",21954,"A","N","A","H","-","A","D","0","Y","N","60",0,0,1,0,1,0,0,0,0,"-","-","MARYSVILLE","YUBA","CA",0,0
"7069104",-121.5906917,39.1408038,2015,"5801","0","5","4","12",0,1,"A",,,"Y",,,2100,9,"B","C","A","E ST","5TH ST",0,,"Y","2017-01-13",5801,"2015-09-04",2037,"368",,"5","3","0","0",,"0",,"-","Y","YUB",3,70,"-","-",14.4,"I","5","W","Y",2,"A","-",21453,"A","N","A","H","-","C","A","0","Y","C","02",0,0,1,0,0,0,0,0,1,"-","-","MARYSVILLE","YUBA","CA",0,0
"7058114",-121.6028734,39.1443585,2015,"5801","0","2","4","03",0,1,"A",,,,,,1500,11,"C","C","A","10TH ST","H ST",0,,"Y","2017-02-02",5801,"2015-11-10",1437,"306",,"5","3","0","0",,"0","5801","-","Y","YUB",3,20,"-","-",0.28,"H","-","E","Y",3,"A","-",22350,,"N","A","H","-","A","D","0","Y","A","01",0,0,1,0,0,0,0,0,0,"-","-","MARYSVILLE","YUBA","CA",0,0
"7053976",-121.5419816,39.0845456,2015,"5800","3","7","4","08",0,1,"A",,,,,,2400,6,"F","A","A","RT 70","MCGOWAN PKWY",3000,"N","N","2016-11-01",9285,"2015-06-21",2245,"18291",,"3","9","0","1",,"1","020","-","Y","YUB",3,70,"-","R",7.85,"H","-","W","Y",1,"A","-",22107,,"N","A","H","-","C","D","0","Y","A","01",0,0,1,0,0,0,0,0,0,"-","-","UNINCORPORATED","YUBA","CA",-121.54113,39.08945
"7053964",-121.4034812,39.1760771,2015,"5800","4","2","4","03",0,1,"A",,,,,,900,6,"E","I","A","HAMMONTON SMARTVILLE RD","DOOLITTLE DR",10560,"E","N","2015-09-21",9285,"2015-06-23",632,"18632",,"1","9","0","2",,"1","042","-","N",,0,0,,,0,,,,"Y",1,"A","-",22350,,"N","A","H","-","A","D","0","Y","A","01",0,0,1,0,0,0,0,0,0,"-","-","UNINCORPORATED","YUBA","CA",-121.40093,39.17698
"7053956",-121.5949134,39.2920354,2015,"5800","3","7","3","08",0,1,"A",,,,,"Y",300,6,"E","I","A","RT 70","CHANDLER RD",528,"S","N","2016-11-01",9285,"2015-06-28",47,"19144",,"3","9","0","1",,"1","060","-","Y","YUB",3,70,"-","-",24.66,"H","-","W","Y",1,"A","-",22107,,"M","A","H","-","D","D","0","Y","A","01",0,1,0,0,0,0,0,0,0,"-","-","UNINCORPORATED","YUBA","CA",-121.59457,39.281
"7053032",-121.5841132,39.1486552,2015,"5801","0","7","4","00",0,1,"A",,,,,,1800,8,"B","C","A","YUBA ST","EAST 12TH ST",0,,"Y","2017-01-14",5801,"2015-08-30",1620,"319","YUBA","5","3","0","0",,"0",,"-","Y","YUB",3,20,"-","-",1.633,"I","5","E","N",2,"A","-",21750,"A","F","A","H","-","A","A","0","Y","A","01",0,0,1,0,0,0,0,0,0,"-","-","MARYSVILLE","YUBA","CA",0,0
"7053028",-121.5920931,39.140075,2015,"5801","0","2","4","09",0,3,"A",,,,,,2400,8,"D","C","A","5TH ST","F ST",0,,"Y","2015-09-17",5801,"2015-08-25",2110,"305","YUBA","5","3","0","0",,"0",,"-","N",,0,0,,,0,,,,"Y",2,"A","-",21802,,"N","A","H","-","C","D","0","Y","A","01",0,0,3,0,0,0,0,0,0,"-","-","MARYSVILLE","YUBA","CA",0,0
"7048821",-121.5948714,39.1925357,2015,"5800","3","4","3","08",0,1,"A",,,,,,900,6,"F","A","A","RT 70","SADDLEBACK DR",1056,"N","N","2016-11-01",9285,"2015-06-25",610,"14744",,"1","9","0","1",,"1","060","-","Y","YUB",3,70,"-","-",17.79,"H","-","W","Y",1,"A","-",22107,,"N","A","H","-","A","D","0","Y","D","22",0,1,0,0,0,0,0,0,0,"-","-","UNINCORPORATED","YUBA","CA",-121.59483,39.19353
"7047303",-121.5948867,39.194146,2015,"5800","3","6","3","03",0,3,"A",,,,,,1200,6,"C","C","A","RT 70","ELLIS RD",1477,"S","N","2016-11-01",9285,"2015-06-13",1150,"017900",,"1","9","0","1",,"1","060","-","Y","YUB",3,70,"-","-",17.9,"H","-","E","Y",3,"A","-",22350,,"N","A","H","-","A","D","0","Y","A","01",0,1,2,0,0,0,0,0,0,"-","-","UNINCORPORATED","YUBA","CA",-121.59483,39.19384
"7047130",-121.5796335,39.1020608,2015,"5800","4","7","4","08",0,1,"A",,,,,,2100,6,"B","C","A","FEATHER RIVER BL","VIRGINIA AV",200,"S","N","2015-09-15",9285,"2015-06-07",1940,"018291",,"2","9","0","2",,"2","021","-","N",,0,0,,,0,,,,"Y",2,"A","-",22107,,"F","A","H","-","A","D","0","Y","A","01",0,0,1,0,0,0,0,0,0,"-","-","UNINCORPORATED","YUBA","CA",0,0
"7044801",-121.5871459,39.1488502,2015,"5801","0","3","3","05",0,1,"A",,"Y",,,,1500,8,"B","G","A","B ST","EAST 12TH ST",140,"N","N","2017-01-14",5801,"2015-08-12",1449,"ROSS","5801","5","3","0","0",,"0",,"-","Y","YUB",3,70,"-","-",14.74,"H","-","E","N",2,"A","-",21650,"1","N","A","H","-","A","D","0","Y","D","22",0,1,0,0,0,0,1,0,0,"-","-","MARYSVILLE","YUBA","CA",0,0
"7032310",-121.587952,39.1545052,2015,"5801","0","2","4","03",0,1,"A",,,,,,1500,8,"C","C","A","B ST","18TH ST",163,"S","N","2017-01-14",5801,"2015-08-18",1458,"305","YUBAS","5","3","0","0",,"0",,"-","Y","YUB",3,70,"-","-",15.13,"H","-","W","N",2,"A","-",22350,,"N","A","H","-","A","A","0","Y","A","01",0,0,1,0,0,0,0,0,0,"-","-","MARYSVILLE","YUBA","CA",0,0
"7030801",-121.5793623,39.1490476,2015,"5801","0","7","4","03",0,1,"A",,,,,,2100,7,"C","-","A","EAST 12TH ST","SAMPSON ST",0,,"Y","2017-01-14",5801,"2015-07-05",1847,"311",,"5","3","0","0",,"0",,"-","Y","YUB",3,20,"-","-",1.89,"H","-","W","Y",3,"A","-",22350,,"N","B","H","-","A","A","0","Y","A","01",0,0,1,0,0,0,0,0,0,"-","-","MARYSVILLE","YUBA","CA",0,0
"7006768",-121.3358723,39.1964321,2015,"5800","4","5","1","03",1,0,"A",,,,,,1800,4,"E","I","A","HAMMONTON SMARTVILLE RD","GOLDEN PARKWAY",5808,"W","N","2016-01-14",9285,"2015-04-03",1623,"018286",,"2","9","0","2",,"1","042","-","N",,0,0,,,0,,,,"Y",1,"A","-",22350,,"N","A","H","-","A","D","0","Y","D","22",0,0,0,0,0,0,0,0,0,"-","-","UNINCORPORATED","YUBA","CA",-121.33624,39.19628
"7006136",-121.5590548,39.114191,2015,"5800","4","1","1","08",1,0,"A",,"Y",,,,2100,1,"E","I","A","LINDHURST AV","ERLE RD",377,"N","N","2015-09-23",9285,"2015-01-19",1817,"18632",,"2","9","0","2",,"1","022","-","N",,0,0,,,0,,,,"N",1,"A","-",22107,,"N","A","H","-","D","D","0","Y","L","04",0,0,0,0,0,1,0,0,0,"-","-","UNINCORPORATED","YUBA","CA",-121.5589,39.11396
"7006034",-121.544692,39.1812999,2015,"5800","3","6","1","11",1,0,"A","Y",,,,,300,7,"G","B","E","RT 20","PLANTZ RD",25,"W","N","2015-07-27",9285,"2015-07-04",125,"18475",,"3","9","0","1",,"1","062","-","Y","YUB",3,20,"-","R",4.85,"H","-","W","N",2,"A","-",21954,"A","N","A","H","-","D","D","0","Y","N","60",0,0,0,1,0,0,0,0,0,"-","-","UNINCORPORATED","YUBA","CA",-121.54477,39.18127
"6982001",-121.5903231,39.1379651,2015,"5801","0","4","4","03",0,1,"A",,,,,,1800,6,"C","C","A","3RD ST","E ST",0,,"Y","2015-07-18",5801,"2015-06-25",1639,"304","5801","5","3","0","0",,"0",,"-","N",,0,0,,,0,,,,"N",2,"A","-",22350,,"N","A","H","-","A","A","0","Y","A","01",0,0,1,0,0,0,0,0,0,"-","-","MARYSVILLE","YUBA","CA",0,0
"6981590",-121.5547603,39.1076369,2015,"5800","3","7","4","03",0,1,"A",,,,,"Y",300,6,"C","C","A","RT 70","FEATHER RIVER BL",2640,"S","N","2016-11-01",9285,"2015-06-21",255,"018475",,"3","9","0","1",,"1","020","-","Y","YUB",3,70,"-","-",10.9,"H","-","E","Y",2,"A","-",22350,,"N","A","H","-","D","D","0","Y","A","01",0,0,1,0,0,0,0,0,0,"-","-","UNINCORPORATED","YUBA","CA",-121.56957,39.12008
"6981565",-121.5789132,39.1182151,2015,"5800","5","7","2","09",0,1,"A",,"Y",,,,1200,6,"D","G","A","JAY ST","ALICIA AV",0,,"Y","2015-07-17",9285,"2015-06-07",1005,"15048",,"1","9","0","3",,"1","002","-","N",,0,0,,,0,,,,"N",2,"A","-",21802,"A","N","A","H","-","A","A","0","Y","A","01",1,0,0,0,0,0,1,0,0,"-","-","UNINCORPORATED","YUBA","CA",-121.57909,39.11843
"6981557",-121.3488,39.2269652,2015,"5800","3","4","4","08",0,1,"A",,,,,,1500,6,"E","J","A","RT 20","SICARD FLAT RD",981,"E","N","2016-11-01",9285,"2015-06-04",1350,"014744",,"1","9","0","1",,"1","062","-","Y","YUB",3,20,"-","-",17.17,"H","-","E","Y",1,"A","-",22107,,"N","A","H","-","A","D","0","Y","A","01",0,0,1,0,0,0,0,0,0,"-","-","UNINCORPORATED","YUBA","CA",-121.34662,39.22492
"6981553",-121.5629931,39.1273551,2015,"5800","4","6","4","09",0,1,"A",,,,,,1800,6,"D","C","A","NORTH BEALE RD","SILVERWOOD ST",0,,"Y","2015-07-17",9285,"2015-06-06",1605,"014744",,"2","9","0","2",,"1","041","B","N",,0,0,,,0,,,,"Y",2,"A","-",21804,"A","N","A","H","-","A","D","0","Y","A","01",0,0,1,0,0,0,0,0,0,"-","-","UNINCORPORATED","YUBA","CA",-121.56272,39.12725
"6981537",-121.5584393,39.1275475,2015,"5800","4","6","2","10",0,1,"A","Y",,,,,2400,6,"G","B","C","NORTH BEALE RD","PARK AV",38,"E","N","2015-07-17",9285,"2015-06-13",2150,"019168",,"2","9","0","2",,"1","041","-","N",,0,0,,,0,,,,"N",2,"A","-",21950,"A","F","A","H","-","C","A","0","Y","-","99",1,0,0,0,1,0,0,0,0,"-","-","UNINCORPORATED","YUBA","CA",-121.55869,39.12765
"6981529",-121.5711426,39.179898,2015,"5800","5","3","3","18",0,1,"A",,,"Y",,,600,6,"E","H","A","JACK SLOUGH RD","KIMBALL LN",180,"N","N","2015-07-17",9285,"2015-06-17",430,"018522",,"3","9","0","3",,"1","006","-","N",,0,0,,,0,,,,"Y",1,"C","-",0,,"N","A","H","-","D","D","0","Y","-","-",0,1,0,0,0,0,0,0,1,"-","-","UNINCORPORATED","YUBA","CA",-121.57115,39.18013
"6981525",-121.5585137,39.113273,2015,"5800","5","6","4","21",0,1,"A","Y",,,,,2400,6,"G","B","B","ERLE RD","LINDHURST AV",20,"W","N","2015-07-17",9285,"2015-06-06",2315,"018286",,"3","9","0","3",,"1","004","-","N",,0,0,,,0,,,,"N",2,"A","-",22106,,"N","A","H","-","C","A","0","Y","A","08",0,0,1,0,1,0,0,0,0,"-","-","UNINCORPORATED","YUBA","CA",-121.55858,39.11316
"6981269",0,0,2015,"5800","5","5","4","08",0,1,"A",,,,,,900,5,"E","I","A","RIVER OAKS BL","DARK HORSE RD",160,"S","N","2015-07-14",9285,"2015-05-29",825,"15976",,"1","9","0","3",,"1","002","-","N",,0,0,,,0,,,,"Y",1,"A","-",22107,,"N","A","H","-","A","D","0","Y","A","01",0,0,1,0,0,0,0,0,0,"-","-","UNINCORPORATED","YUBA","CA",-121.55368,39.00557
"6981253",-121.4347532,39.0164852,2015,"5800","4","6","4","09",0,2,"A",,,,,,1500,5,"D","C","A","RT 65","EVERGREEN DR",0,,"Y","2016-10-31",9285,"2015-05-30",1440,"18340",,"2","9","0","2",,"2","025","-","Y","YUB",3,65,"-","-",1.503,"I","5","S","Y",2,"A","-",21801,"A","N","A","H","-","A","D","1","Y","A","01",0,0,2,0,0,0,0,0,0,"-","-","UNINCORPORATED","YUBA","CA",-121.4347,39.01646
"6981229",0,0,2015,"5800","5","7","4","01",0,1,"A",,,,,,1500,5,"E","I","A","OAKWOOD DR","EDGEWATER CIR",36,"N","N","2015-07-14",9285,"2015-05-31",1257,"17900",,"1","9","0","3",,"1","004","-","N",,0,0,,,0,,,,"Y",1,"A","-",23152,"E","N","A","H","-","A","D","0","Y","A","01",0,0,1,0,0,0,0,0,0,"-","-","UNINCORPORATED","YUBA","CA",-121.55055,39.11805
"6979915",-121.5539135,39.1061117,2015,"5800","3","7","3","07",0,1,"A",,,"Y",,,1500,5,"B","C","A","RT 70","OLIVEHURST AV",1584,"N","N","2016-11-01",9285,"2015-05-24",1448,"15976",,"2","9","0","1",,"1","020","-","Y","YUB",3,70,"-","R",9.58,"H","-","W","Y",2,"A","-",21658,"A","N","A","H","-","A","D","0","Y","A","01",0,1,0,0,0,0,0,0,1,"-","-","UNINCORPORATED","YUBA","CA",-121.55523,39.10779
"6979911",-121.5108777,39.231573,2015,"5800","5","1","3","08",0,1,"A",,,,,,600,5,"E","I","A","LOMA RICA RD","SHADY WY",405,"S","N","2015-07-11",9285,"2015-05-25",320,"18286",,"3","9","0","3",,"1","006","-","N",,0,0,,,0,,,,"Y",1,"A","-",22107,,"N","A","H","-","D","D","0","Y","A","01",0,1,0,0,0,0,0,0,0,"-","-","UNINCORPORATED","YUBA","CA",-121.51049,39.23349
"6979907",0,0,2015,"5800","4","4","3","08",0,1,"A",,,,,,900,5,"E","I","A","OLIVEHURST AV","CLARICE AV",166,"S","N","2015-07-11",9285,"2015-05-21",740,"15976",,"1","9","0","2",,"1","022","-","N",,0,0,,,0,,,,"Y",1,"A","-",22107,,"M","A","H","-","A","D","0","Y","A","01",0,1,0,0,0,0,0,0,0,"-","-","UNINCORPORATED","YUBA","CA",-121.55188,39.08205
"6979903",-121.5986399,39.256959,2015,"5800","3","7","3","08",0,1,"A",,,"Y",,,1500,5,"F","A","A","RT 70","BOYER RD",400,"S","N","2016-11-01",9285,"2015-05-17",1300,"17306",,"1","9","0","1",,"1","060","-","Y","YUB",3,70,"-","-",22.25,"H","-","W","N",1,"A","-",22107,,"N","A","H","-","A","D","0","Y","C","02",0,1,0,0,0,0,0,0,1,"-","-","UNINCORPORATED","YUBA","CA",-121.599,39.26327
"6979704",0,0,2015,"5801","0","7","4","03",0,1,"A",,,,,,1200,5,"D","C","A","D ST","E ST",231,"E","N","2015-07-13",5801,"2015-05-31",1143,"350",,"5","3","0","0",,"0",,"-","N",,0,0,,,0,,,,"Y",3,"A","-",22350,,"N","A","G","-","A","D","0","Y","A","01",0,0,1,0,0,0,0,0,0,"-","-","MARYSVILLE","YUBA","CA",0,0
"6978884",-121.5901186,39.1377336,2015,"5801","0","6","4","03",0,2,"A",,,,,,1800,6,"C","C","A","RT 70","3RD ST",500,"E","N","2016-11-01",5801,"2015-06-20",1643,"319",,"5","3","0","0",,"0",,"-","Y","YUB",3,70,"-","-",14.16,"H","-","E","N",2,"A","-",22350,,"N","A","H","-","A","A","0","Y","A","01",0,0,2,0,0,0,0,0,0,"-","-","MARYSVILLE","YUBA","CA",0,0
"6977575",-121.2204932,39.4845852,2015,"5800","4","4","3","18",0,1,"A",,,,,,1800,5,"H","A","A","OREGON HILL RD","LA PORTE RD",0,,"Y","2015-07-16",9285,"2015-05-21",1548,"017393",,"2","9","1","2",,"2","082","-","N",,0,0,,,0,,,,"N",1,"C","-",0,,"N","A","H","-","A","A","0","Y","-","-",0,1,0,0,0,0,0,0,0,"-","-","UNINCORPORATED","YUBA","CA",-121.22035,39.48474
"6976654",-121.5433119,38.9778452,2015,"5800","3","3","4","03",0,1,"A",,,,,,900,4,"C","C","A","RT 70","FEATHER RIVER BL S",10,"N","N","2016-11-01",9285,"2015-04-08",750,"17306",,"1","9","0","1",,"1","020","-","Y","YUB",3,70,"-","R",0.36,"H","-","W","N",2,"A","-",22350,,"N","A","H","-","A","A","0","Y","A","01",0,0,1,0,0,0,0,0,0,"-","-","UNINCORPORATED","YUBA","CA",-121.54316,38.97812
"6974267",0,0,2015,"5801","0","1","3","15",0,1,"A",,"Y",,,,1200,6,"H","G","A","BIZ JOHNSON","5TH ST",148,"N","N","2015-07-13",5801,"2015-06-15",1140,"319",,"5","3","0","0",,"0",,"-","N",,0,0,,,0,,,,"N",2,"A","-",21201,"A","N","A","H","-","-","D","0","Y","D","22",0,1,0,0,0,0,1,0,0,"-","-","MARYSVILLE","YUBA","CA",0,0
"6974266",-121.5874177,39.1507349,2015,"5801","0","6","4","05",0,1,"A",,,,,,1200,6,"D","C","A","14TH ST","B ST",0,,"Y","2016-10-31",5801,"2015-06-13",1151,"304","5801","5","3","0","0",,"0",,"-","Y","YUB",3,70,"-","-",14.87,"I","6","W","N",2,"A","-",21650,,"N","A","H","-","A","A","0","Y","D","22",0,0,1,0,0,0,0,0,0,"-","-","MARYSVILLE","YUBA","CA",0,0
"6962151",-121.5559132,39.1272551,2015,"5800","5","3","3","09",0,2,"A",,"Y",,,,1500,5,"D","G","A","GROVE AV","HAMMONTON SMARTVILLE RD",0,,"Y","2015-06-24",9285,"2015-05-06",1225,"017534",,"1","9","0","3",,"1","004","-","N",,0,0,,,0,,,,"N",3,"A","-",21802,"A","N","A","H","-","A","D","0","Y","A","01",0,2,0,0,0,0,2,0,0,"-","-","UNINCORPORATED","YUBA","CA",-121.55581,39.12321
"6962150",-121.5480706,39.1008976,2015,"5800","4","3","4","09",0,3,"A",,,,,,1200,5,"D","C","A","OLIVEHURST AV","RT 70",60,"W","N","2016-11-01",9285,"2015-05-06",945,"017900",,"1","9","0","2",,"1","022","-","Y","YUB",3,70,"-","R",9.092,"R","4","W","Y",2,"A","-",21801,"A","N","A","H","-","A","D","0","Y","A","07",0,0,3,0,0,0,0,0,0,"-","-","UNINCORPORATED","YUBA","CA",-121.55068,39.10218
"6962148",0,0,2015,"5800","5","6","4","21",0,1,"A",,,,,,2100,5,"F","I","A","WITCHITA WY","CAMP FAR WEST RD",528,"N","N","2015-06-24",9285,"2015-05-02",1835,"018144",,"2","9","0","3",,"1","002","-","N",,0,0,,,0,,,,"N",1,"A","-",22106,,"N","A","H","-","A","D","0","Y","A","01",0,0,1,0,0,0,0,0,0,"-","-","UNINCORPORATED","YUBA","CA",-121.30364,39.06903
"6962133",-121.5415121,39.080939,2015,"5800","5","1","4","08",0,1,"A",,,,,,2400,5,"D","C","A","MCGOWAN PKWY","RT 70",155,"E","N","2016-11-01",9285,"2015-05-18",2305,"018340",,"3","9","0","3",,"1","002","-","Y","YUB",3,70,"-","R",7.596,"R","4","E","Y",2,"A","-",22107,,"N","A","H","-","C","D","0","Y","A","01",0,0,1,0,0,0,0,0,0,"-","-","UNINCORPORATED","YUBA","CA",-121.54061,39.07735
"6962132",-121.5871496,39.1262307,2015,"5800","5","2","3","08",0,1,"A",,,"Y",,,1800,5,"E","I","A","POPLAR AV","RIVERSIDE DR",107,"S","N","2015-06-24",9285,"2015-05-19",1640,"018107",,"2","9","0","3",,"1","002","-","N",,0,0,,,0,,,,"N",1,"A","-",22107,,"N","A","H","-","A","D","0","Y","C","06",0,1,0,0,0,0,0,0,1,"-","-","UNINCORPORATED","YUBA","CA",-121.41223,39.22853
"6962130",-121.5678212,39.1259437,2015,"5800","4","4","3","08",0,1,"A",,"Y",,,,1500,5,"H","G","A","NORTH BEALE RD","AVONDALE AV",182,"W","N","2015-06-24",9285,"2015-05-21",1315,"017129",,"1","9","0","2",,"1","041","-","N",,0,0,,,0,,,,"N",2,"A","-",22107,,"N","A","H","-","A","D","0","Y","A","01",0,1,0,0,0,0,1,0,0,"-","-","UNINCORPORATED","YUBA","CA",-121.56793,39.12603
"6962127",0,0,2015,"5800","4","6","3","08",0,1,"B",,,,,,2500,5,"F","J","A","MARYSVILLE RD","ROAD 270",300,"W","N","2015-06-24",9285,"2015-05-23",2500,"017393",,"4","9","0","2",,"2","081","-","N",,0,0,,,0,,,,"Y",1,"A","-",22107,,"N","A","H","-","D","D","0","Y","A","07",0,1,0,0,0,0,0,0,0,"-","-","UNINCORPORATED","YUBA","CA",-121.30424,39.36084
"6962124",-121.5522747,39.1345369,2015,"5800","5","5","3","08",0,3,"A",,,"Y",,,1500,5,"C","C","A","SIMPSON LN","HAMMONTON SMARTVILLE RD",220,"N","N","2015-06-24",9285,"2015-05-08",1255,"015069",,"1","9","0","3",,"1","004","-","N",,0,0,,,0,,,,"Y",3,"A","-",22107,,"N","A","H","-","A","D","0","Y","C","02",0,1,2,0,0,0,0,0,1,"-","-","UNINCORPORATED","YUBA","CA",-121.55262,39.13456
"6962121",-121.5561823,39.0981126,2015,"5800","5","4","3","05",0,1,"A",,"Y",,,,2100,5,"B","G","A","WESTERN AV","6TH AV",10,"N","N","2015-06-24",9285,"2015-05-14",1800,"018291",,"2","9","0","3",,"1","002","-","N",,0,0,,,0,,,,"N",2,"A","-",21650,"1","F","A","H","-","A","A","0","Y","L","04",0,1,0,0,0,0,1,0,0,"-","-","UNINCORPORATED","YUBA","CA",-121.55621,39.09816
"6962119",0,0,2015,"5800","5","7","4","01",0,1,"A",,,,,"Y",300,5,"E","I","A","GRIFFITH AV","REDGOLD ST",30,"N","N","2015-06-23",9285,"2015-05-17",5,"018340",,"3","9","0","3",,"1","004","-","N",,0,0,,,0,,,,"Y",1,"A","-",23152,"A","N","A","H","-","C","D","0","Y","A","07",0,0,1,0,0,0,0,0,0,"-","-","UNINCORPORATED","YUBA","CA",-121.52389,39.11734
"6961694",0,0,2015,"5800","4","6","4","03",0,2,"B",,,,,,2100,6,"A","C","A","HAMMONTON SMARTVILLE RD","CHUCK YEAGER RD",1056,"W","N","2015-07-15",9285,"2015-06-06",1800,"018522",,"2","9","0","2",,"1","042","-","N",,0,0,,,0,,,,"Y",2,"A","-",22350,,"N","B","H","-","A","D","0","Y","D","22",0,0,2,0,0,0,0,0,0,"-","-","UNINCORPORATED","YUBA","CA",-121.30449,39.19657
"6960182",-121.5989332,39.139575,2015,"5801","0","5","4","05",0,1,"A",,"Y",,,,1500,6,"D","G","A","OLIVE ST","5TH ST",0,,"Y","2015-07-08",5801,"2015-06-05",1212,"304","5801","5","3","0","0",,"0",,"-","N",,0,0,,,0,,,,"N",2,"A","-",21202,"A","N","A","H","-","A","D","0","Y","A","01",0,0,1,0,0,0,1,0,0,"-","-","MARYSVILLE","YUBA","CA",0,0
"6958239",0,0,2015,"5800","4","6","4","08",0,2,"A",,,,,,900,4,"E","I","A","HAMMONTON SMARTVILLE RD","HAMMONTON RD",3168,"W","N","2015-06-22",9285,"2015-04-25",845,"014480",,"1","9","0","2",,"1","042","-","N",,0,0,,,0,,,,"Y",1,"A","-",22107,,"N","A","H","-","A","D","0","Y","A","01",0,0,2,0,0,0,0,0,0,"-","-","UNINCORPORATED","YUBA","CA",-121.46092,39.16021
"6958227",-121.4157988,39.3135015,2015,"5800","4","7","2","03",0,2,"A",,,"Y",,,1200,4,"C","C","A","LOMA RICA RD","LOOP RD",528,"S","N","2015-06-23",9285,"2015-04-26",1157,"015069",,"1","9","0","2",,"1","061","-","N",,0,0,,,0,,,,"N",2,"A","-",22350,,"N","A","H","-","A","D","0","Y","C","02",1,0,1,0,0,0,0,0,1,"-","-","UNINCORPORATED","YUBA","CA",-121.41749,39.31228