"CASEID","POINT_X","POINT_Y","YEAR_","LOCATION","CHPTYPE","DAYWEEK","CRASHSEV","VIOLCAT","KILLED","INJURED","WEATHER1","PEDCOL","BICCOL","MCCOL","TRUCKCOL","ETOH","TIMECAT","MONTH_","CRASHTYP","INVOLVE","PED","PRIMARYRD","SECONDRD","DISTANCE","DIRECT","INTERSECT_","PROCDATE","JURIS","DATE_","TIME_","BADGE","JURIDIST","SHIFT","POP","SPECIAL","BEATTYPE","LAPDDIV","BEATCLAS","BEATNUMB","WEATHER2","STATEHW","CALTRANC","CALTRAND","STROUTE","ROUTESUF","POSTPRE","POSTMILE","LOCATYPE","RAMP","SIDEHW","TOWAWAY","PARTIES","PCF","VIOLCODE","VIOL","VIOLSUB","HITRUN","ROADSURF","RDCOND1","RDCOND2","LIGHTING","RIGHTWAY","CHPRDTYP","NOTPRIV","STFAULT","CHPFAULT","SEVINJ","OTHERINJ","COP","PEDKILL","PEDINJ","BICKILL","BICINJ","MCKILL","MCINJURE","RAMP1","RAMP2","CITY","COUNTY","STATE","X_CHP","Y_CHP"
"6958215",-121.4561563,39.0299558,2015,"5800","4","3","3","03",0,3,"A",,,,,,1800,4,"C","C","A","RT 65","OAKLEY LN",2112,"S","N","2016-10-31",9285,"2015-04-15",1600,"015069",,"2","9","0","2",,"2","025","-","Y","YUB",3,65,"-","-",2.98,"H","-","S","Y",2,"A","-",22350,,"N","A","H","-","A","D","1","Y","A","01",0,1,2,0,0,0,0,0,0,"-","-","UNINCORPORATED","YUBA","CA",-121.45598,39.02992
"6958172",0,0,2015,"5800","4","2","3","03",0,1,"A",,,"Y",,,1800,4,"C","C","A","NORTH BEALE RD","SHAD RD",792,"E","N","2015-06-22",9285,"2015-04-21",1624,"017534",,"2","9","0","2",,"1","041","-","N",,0,0,,,0,,,,"Y",2,"A","-",22350,,"N","A","H","-","A","D","0","Y","C","02",0,1,0,0,0,0,0,0,1,"-","-","UNINCORPORATED","YUBA","CA",-121.58156,39.12767
"6958168",-121.5407114,39.1856233,2015,"5800","3","3","3","03",0,2,"A",,,,,,1800,4,"C","C","A","RT 20","WALNUT AV",0,,"Y","2016-11-01",9285,"2015-04-22",1510,"014744",,"2","9","0","1",,"1","062","-","Y","YUB",3,20,"-","R",5.22,"H","-","W",,2,"A","-",22350,,"N","A","H","-","A","D","0","Y","A","07",0,1,1,0,0,0,0,0,0,"-","-","UNINCORPORATED","YUBA","CA",-121.5409,39.18562
"6956280",-121.3611768,39.2979918,2015,"5800","5","6","4","06",0,1,"A",,,,,,1500,5,"B","C","A","DOLAN HARDING RD","PEORIA RD",2640,"E","N","2015-06-25",9285,"2015-05-02",1400,"017900",,"2","9","0","3",,"1","006","-","N",,0,0,,,0,,,,"Y",2,"A","-",21751,,"N","A","H","-","A","D","0","Y","D","22",0,0,1,0,0,0,0,0,0,"-","-","UNINCORPORATED","YUBA","CA",-121.3639,39.29933
"6956279",-121.5611632,39.1274751,2015,"5800","4","1","4","03",0,2,"A",,,,,,1500,5,"C","C","A","NORTH BEALE RD","LOWE AV",0,,"Y","2015-06-25",9285,"2015-05-04",1400,"017534",,"2","9","0","2",,"1","041","-","N",,0,0,,,0,,,,"Y",2,"A","-",22350,,"N","A","H","-","A","D","0","Y","D","22",0,0,2,0,0,0,0,0,0,"-","-","UNINCORPORATED","YUBA","CA",-121.56122,39.12758
"6956272",-121.5582318,39.1132776,2015,"5800","5","2","3","08",0,2,"A",,,,,,1500,4,"B","C","A","ERLE RD","LINDHURST AV",60,"E","N","2015-06-22",9285,"2015-04-21",1445,"017306",,"2","9","0","3",,"1","004","-","N",,0,0,,,0,,,,"Y",6,"A","-",22107,,"M","A","H","-","A","A","0","Y","A","01",0,2,0,0,0,0,0,0,0,"-","-","UNINCORPORATED","YUBA","CA",-121.33295,39.06479
"6953366",-121.0755811,39.4303168,2015,"5800","3","7","3","05",0,1,"A",,,"Y",,,1500,5,"F","A","A","RT 49","MARYSVILLE RD",3696,"S","N","2016-12-17",9230,"2015-05-10",1240,"019235",,"1","9","0","1",,"1","081","-","Y","YUB",3,49,"-","-",2.94,"H","-","S","Y",1,"A","-",21650,,"N","A","H","-","A","A","0","Y","C","02",0,1,0,0,0,0,0,0,1,"-","-","UNINCORPORATED","YUBA","CA",-121.07592,39.43059
"6949071",-121.5039251,39.2141952,2015,"5800","3","1","3","03",0,1,"A",,,,,,1500,4,"D","C","A","RT 20","LOMA RICA RD",1848,"E","N","2016-11-01",9285,"2015-04-27",1325,"017306",,"1","9","0","1",,"1","062","-","Y","YUB",3,20,"-","R",8.24,"H","-","E","Y",2,"A","-",22350,,"N","A","H","-","A","D","0","Y","D","22",0,1,0,0,0,0,0,0,0,"-","-","UNINCORPORATED","YUBA","CA",-121.50382,39.21426
"6949063",-121.5538434,39.1298133,2015,"5800","4","7","3","03",0,1,"A",,,"Y",,,1500,4,"B","C","A","HAMMONTON SMARTVILLE RD","LINDA AV",200,"W","N","2015-06-22",9285,"2015-04-26",1445,"018475",,"2","9","0","2",,"1","042","-","N",,0,0,,,0,,,,"N",2,"A","-",22350,,"N","A","H","-","A","D","0","Y","C","02",0,1,0,0,0,0,0,0,1,"-","-","UNINCORPORATED","YUBA","CA",-121.55418,39.12933
"6949043",-121.5434336,39.0097448,2015,"5800","3","2","4","03",0,1,"A",,,,,,300,4,"C","C","A","RT 70","PLUMAS LAKE BL",3696,"S","N","2016-11-01",9285,"2015-04-21",33,"017080",,"3","9","0","1",,"1","020","-","Y","YUB",3,70,"-","R",2.77,"H","-","E","Y",2,"A","-",22350,,"N","A","H","-","D","D","0","Y","D","22",0,0,1,0,0,0,0,0,0,"-","-","UNINCORPORATED","YUBA","CA",-121.54323,39.01188
"6947833",-121.5928732,39.1457252,2015,"5801","0","1","4","12",0,1,"A",,,,,,2400,5,"A","C","A","10TH ST","F ST",0,,"Y","2016-10-31",5801,"2015-05-25",2217,"ROSS",,"5","3","0","0",,"0",,"G","Y","YUB",3,20,"-","-",0.84,"I","5","W","Y",2,"A","-",21453,"A","N","A","H","-","C","A","0","Y","A","01",0,0,1,0,0,0,0,0,0,"-","-","MARYSVILLE","YUBA","CA",0,0
"6947694",-121.5878453,39.1537069,2015,"5801","0","2","4","05",0,1,"A",,,,,,1500,5,"H","J","A","B ST","17TH ST",0,,"Y","2016-10-31",5801,"2015-05-26",1412,"319",,"5","3","0","0",,"0",,"-","Y","YUB",3,70,"-","-",15.075,"I","5","E","Y",1,"A","-",21650,,"N","A","H","-","A","A","0","Y","A","01",0,0,1,0,0,0,0,0,0,"-","-","MARYSVILLE","YUBA","CA",0,0
"6942318",-121.5957232,39.1442751,2015,"5801","0","4","4","09",0,1,"A",,,,,,2100,5,"D","D","A","H ST","9TH ST",0,,"Y","2015-06-27",5801,"2015-05-21",1835,"317",,"5","3","0","0",,"0",,"-","N",,0,0,,,0,,,,"Y",2,"A","-",21802,"A","N","A","H","-","A","A","0","Y","A","01",0,0,1,0,0,0,0,0,0,"-","-","MARYSVILLE","YUBA","CA",0,0
"6940900",-121.5947332,39.137605,2015,"5801","0","2","3","01",0,1,"A","Y",,,,"Y",1800,6,"B","B","F","3RD ST","H ST",0,,"Y","2015-07-17",5801,"2015-06-30",1531,"319",,"5","3","0","0",,"0",,"-","N",,0,0,,,0,,,,"Y",2,"A","-",23153,"A","F","A","H","-","A","A","0","Y","D","22",0,1,0,0,1,0,0,0,0,"-","-","MARYSVILLE","YUBA","CA",0,0
"6935196",-121.5968832,39.141935,2015,"5801","0","4","4","-",0,3,"A",,,,,,1800,6,"D","C","A","7TH ST","I ST",0,,"Y","2015-07-20",5801,"2015-06-11",1618,"315",,"5","3","0","0",,"0",,"-","N",,0,0,,,0,,,,"Y",2,"A","-",0,,"N","A","H","-","A","A","0","Y","A","01",0,0,3,0,0,0,0,0,0,"-","-","MARYSVILLE","YUBA","CA",0,0
"6935192",-121.5860332,39.146215,2015,"5801","0","5","4","03",0,1,"A",,,,,,1800,6,"A","C","A","10TH ST","CHESTNUT ST",0,,"Y","2015-07-20",5801,"2015-06-05",1635,"315",,"5","3","0","0",,"0",,"-","N",,0,0,,,0,,,,"Y",3,"A","-",22350,,"N","A","H","-","A","A","0","Y","-","-",0,0,1,0,0,0,0,0,0,"-","-","MARYSVILLE","YUBA","CA",0,0
"6926885",-121.4174681,39.0064481,2015,"5802","0","4","4","04",0,3,"A",,,,"Y",,1200,4,"C","D","A","RT 65","STATE ST",580,"S","N","2016-10-31",5802,"2015-04-23",1006,"608",,"5","1","0","0",,"0",,"-","Y","YUB",3,65,"-","R",0.32,"H","-","N",,2,"A","-",21703,,"N","A","H","-","A","D","0","Y","F","26",0,0,3,0,0,0,0,0,0,"-","-","WHEATLAND","YUBA","CA",0,0
"6908752",-121.5841132,39.1486552,2015,"5801","0","2","4","09",0,1,"A",,,,,,1800,4,"D","I","A","EAST 12TH ST","YUBA ST",0,,"Y","2016-12-17",5801,"2015-04-28",1754,"311",,"5","3","0","0",,"0",,"-","Y","YUB",3,20,"-","-",1.633,"I","5","E","Y",2,"A","-",21801,,"N","A","H","-","A","A","0","Y","A","01",0,0,1,0,0,0,0,0,0,"-","-","MARYSVILLE","YUBA","CA",0,0
"6908401",-121.5902658,39.1387593,2015,"5801","0","2","4","03",0,1,"A",,,,"Y",,1500,4,"C","C","A","E ST","21ST ST",0,,"Y","2016-10-31",5801,"2015-04-28",1420,"SAM4","YUBAS","5","3","0","0",,"0","5801","-","Y","YUB",3,70,"-","-",14.24,"H","-","E","Y",2,"A","-",22350,,"N","-","H","-","-","A","0","Y","A","01",0,0,1,0,0,0,0,0,0,"-","-","MARYSVILLE","YUBA","CA",0,0
"6907218",-121.5108204,39.2140817,2015,"5800","4","7","4","08",0,2,"B",,,,,,1200,4,"B","I","A","LOMA RICA RD","RT 20",15,"N","N","2016-12-17",9285,"2015-04-05",1110,"017900",,"1","9","0","2",,"1","061","-","Y","YUB",3,20,"-","-",7.89,"I","6","E","Y",1,"A","-",22107,,"N","B","H","-","A","D","0","Y","A","01",0,0,2,0,0,0,0,0,0,"-","-","UNINCORPORATED","YUBA","CA",-121.5108,39.21438
"6905496",-121.4292032,39.0129752,2015,"5800","4","5","3","09",0,1,"B",,,,,,2400,5,"A","C","A","RT 65","HOOPER ST",62,"N","N","2016-10-31",9285,"2015-05-22",2138,"18636",,"2","9","0","2",,"2","025","-","Y","YUB",3,65,"-","-",1.13,"H","-","N","Y",2,"A","-",21804,"A","N","A","H","-","C","D","1","Y","J","48",0,1,0,0,0,0,0,0,0,"-","-","UNINCORPORATED","YUBA","CA",-121.42926,39.01303
"6905115",-121.458662,39.0316961,2015,"5800","4","3","4","09",0,1,"A",,,,,,1800,4,"D","C","A","RT 65","OAKLEY LN",1584,"S","N","2016-10-31",9285,"2015-04-15",1618,"15048",,"2","9","0","2",,"2","025","-","Y","YUB",3,65,"-","-",3.16,"H","-","S","Y",2,"A","-",21806,"A","N","A","H","-","A","D","1","Y","D","22",0,0,1,0,0,0,0,0,0,"-","-","UNINCORPORATED","YUBA","CA",-121.45901,39.03203
"6901196",-121.5653797,39.2009544,2015,"5800","5","2","4","03",0,1,"E",,,,,,1800,3,"C","C","A","JACK SLOUGH RD","ELLIS RD",1056,"N","N","2015-05-01",9285,"2015-03-24",1500,"015069",,"2","9","0","3",,"1","006","F","N",,0,0,,,0,,,,"Y",2,"A","-",22350,,"N","A","H","-","A","D","0","Y","A","01",0,0,1,0,0,0,0,0,0,"-","-","UNINCORPORATED","YUBA","CA",-121.56388,39.20286
"6901188",-121.383053,39.2928492,2015,"5800","4","6","4","08",0,1,"A",,,"Y",,,2100,3,"F","A","A","MARYSVILLE RD","MARCIA LN",100,"N","N","2015-05-01",9285,"2015-03-21",1942,"018107",,"2","9","0","2",,"1","061","-","N",,0,0,,,0,,,,"Y",1,"A","-",22107,,"N","A","H","-","D","D","0","Y","C","02",0,0,1,0,0,0,0,0,1,"-","-","UNINCORPORATED","YUBA","CA",-121.38313,39.29291
"6901158",-121.5428532,39.0772751,2015,"5800","5","3","4","09",0,1,"A",,,,,,1500,3,"D","C","A","MCGOWAN PKWY","POWERLINE RD",0,,"Y","2015-05-01",9285,"2015-03-25",1430,"017900",,"2","9","0","3",,"1","002","-","N",,0,0,,,0,,,,"N",2,"A","-",21802,"A","N","A","H","-","A","A","0","Y","A","01",0,0,1,0,0,0,0,0,0,"-","-","UNINCORPORATED","YUBA","CA",-121.54278,39.0773
"6901145",-121.5856952,39.1297305,2015,"5800","3","6","4","03",0,1,"A",,,,,,1200,3,"C","C","A","RT 70","FEATHER RIVER BL",150,"E","N","2016-09-06",9285,"2015-03-21",1055,"017306",,"1","9","0","1",,"1","020","-","Y","YUB",3,70,"-","R",11.36,"H","-","E","Y",3,"A","-",22350,,"N","A","H","-","A","D","0","Y","A","01",0,0,1,0,0,0,0,0,0,"-","-","UNINCORPORATED","YUBA","CA",-121.34356,39.07272
"6899636",-121.5744149,39.1254132,2015,"5800","5","4","4","03",0,1,"A",,,,,,1800,4,"C","C","A","NORTH BEALE RD","FEATHER RIVER BL",400,"S","N","2015-05-09",9285,"2015-04-02",1710,"015855","2","2","9","0","3",,"1","001","-","N",,0,0,,,0,,,,"Y",2,"A","-",22350,,"N","A","H","-","A","D","0","Y","A","01",0,0,1,0,0,0,0,0,0,"-","-","UNINCORPORATED","YUBA","CA",-121.52466,39.12546
"6899628",-121.5612226,39.0581116,2015,"5800","5","3","3","08",0,2,"B",,,,,,900,4,"D","C","A","ARBOGA RD","PLUMAS ARBOGA RD",1100,"N","N","2015-05-09",9285,"2015-04-08",650,"017306",,"1","9","0","3",,"1","002","-","N",,0,0,,,0,,,,"Y",2,"A","-",22107,,"N","A","H","-","A","D","0","Y","A","01",0,1,1,0,0,0,0,0,0,"-","-","UNINCORPORATED","YUBA","CA",-121.56126,39.05831
"6899624",-121.5757932,39.125645,2015,"5800","4","5","3","10",0,1,"A","Y",,,,,1800,4,"G","B","B","NORTH BEALE RD","FEATHER RIVER BL",0,,"Y","2015-05-09",9285,"2015-04-10",1505,"015855",,"2","9","0","2",,"1","041","-","N",,0,0,,,0,,,,"N",2,"A","-",21950,"A","N","A","H","-","A","A","0","Y","D","22",0,1,0,0,1,0,0,0,0,"-","-","UNINCORPORATED","YUBA","CA",-121.57587,39.12603
"6899616",0,0,2015,"5800","5","7","3","01",0,2,"B",,,,,"Y",600,4,"E","I","A","HAMMONTON RD","HAMMONTON SMARTVILLE RD",17424,"N","N","2015-05-08",9285,"2015-04-05",330,"19168",,"3","9","0","3",,"1","004","-","N",,0,0,,,0,,,,"Y",1,"A","-",23152,"A","N","A","A","B","D","D","0","Y","D","22",0,1,1,0,0,0,0,0,0,"-","-","UNINCORPORATED","YUBA","CA",-121.42058,39.19182
"6892401",0,0,2015,"5800","5","7","2","08",0,1,"A",,,"Y",,,2100,3,"E","I","A","HAMMONTON RD","OLD BONANZA RANCH RD",3432,"W","N","2015-04-30",9285,"2015-03-15",2045,"14480",,"2","9","0","3",,"1","004","-","N",,0,0,,,0,,,,"N",1,"A","-",38314,,"N","A","H","-","A","D","0","Y","C","06",1,0,0,0,0,0,0,0,1,"-","-","UNINCORPORATED","YUBA","CA",-121.34623,39.21923
"6887279",-121.1896022,39.4454536,2015,"5800","5","4","3","09",0,1,"A",,,"Y",,,2100,3,"D","C","A","OREGON HILL RD","FOUNTAIN HOUSE RD",1848,"E","N","2015-05-07",9285,"2015-03-19",1825,"017393",,"2","9","0","3",,"1","008","-","N",,0,0,,,0,,,,"N",2,"A","-",21804,"A","N","A","H","-","A","D","0","Y","C","02",0,1,0,0,0,0,0,0,1,"-","-","UNINCORPORATED","YUBA","CA",-121.18982,39.44551
"6887219",0,0,2015,"5800","4","1","2","01",0,4,"A",,,,,,2400,3,"A","C","A","MARYSVILLE RD","KENMIR RANCH RD",171,"N","N","2015-05-07",9285,"2015-03-23",2100,"017190",,"2","9","0","2",,"1","061","-","N",,0,0,,,0,,,,"Y",2,"A","-",23152,"E","N","A","H","-","D","D","0","Y","D","22",1,2,1,0,0,0,0,0,0,"-","-","UNINCORPORATED","YUBA","CA",-121.38484,39.29148
"6887216",-121.5375831,39.0773851,2015,"5800","5","6","4","08",0,1,"A",,,,,,1500,2,"B","C","A","MCGOWAN PKWY","EVELYN DR",0,,"Y","2015-05-04",9285,"2015-02-28",1445,"17900",,"2","9","0","3",,"1","002","-","N",,0,0,,,0,,,,"N",2,"A","-",22107,,"N","A","H","-","A","D","0","Y","D","22",0,0,1,0,0,0,0,0,0,"-","-","UNINCORPORATED","YUBA","CA",-121.53747,39.07739
"6875525",-121.5993563,39.1450848,2015,"5801","0","4","3","05",0,2,"A",,,,,,2100,3,"A","I","A","10TH ST","POLE E27",7,"S","N","2016-09-02",5801,"2015-03-26",2012,"309",,"5","3","0","0",,"0",,"-","Y","YUB",3,20,"-","-",0.48,"H","-","W","Y",1,"A","-",21650,,"N","A","H","-","C","D","0","Y","A","01",0,1,1,0,0,0,0,0,0,"-","-","MARYSVILLE","YUBA","CA",0,0
"6874627",-121.5876465,39.1523294,2015,"5801","0","4","4","00",0,1,"A",,,,,,1800,3,"C","C","A","B ST","16TH ST",0,,"Y","2016-09-06",5801,"2015-03-26",1549,"304","5801","5","3","0","0",,"0",,"-","Y","YUB",3,70,"-","-",14.98,"H","-","E","Y",2,"A","-",22351,"B","N","A","H","-","A","D","0","Y","A","01",0,0,1,0,0,0,0,0,0,"-","-","MARYSVILLE","YUBA","CA",0,0
"6865859",-121.5869332,39.1472851,2015,"5801","0","4","4","03",0,1,"A",,,,,,2100,3,"A","C","A","B ST","11TH ST",0,,"Y","2015-04-09",5801,"2015-03-19",1811,"315",,"5","3","0","0",,"0",,"-","N",,0,0,,,0,,,,"N",3,"A","-",22350,,"N","A","H","-","A","A","0","Y","A","01",0,0,1,0,0,0,0,0,0,"-","-","MARYSVILLE","YUBA","CA",0,0
"6863978",-121.5896532,39.1447651,2015,"5801","0","3","4","00",0,1,"A",,,,,,1500,3,"D","C","A","9TH ST","D ST",0,,"Y","2015-04-06",5801,"2015-03-18",1453,"319",,"5","3","0","0",,"0",,"-","N",,0,0,,,0,,,,"Y",3,"A","-",21453,,"N","A","H","-","A","A","0","Y","A","01",0,0,1,0,0,0,0,0,0,"-","-","MARYSVILLE","YUBA","CA",0,0
"6863065",-121.5835533,39.1554451,2015,"5801","0","4","4","11",0,1,"A","Y",,,,,1800,2,"G","B","B","EAST 18TH ST","RAMIREZ ST",0,,"Y","2015-04-07",5801,"2015-02-26",1602,"351",,"5","3","0","0",,"0",,"-","N",,0,0,,,0,,,,"N",2,"A","-",21950,"B","N","A","H","-","A","A","0","Y","A","01",0,0,1,0,1,0,0,0,0,"-","-","MARYSVILLE","YUBA","CA",0,0
"6862443",-121.5912732,39.1446351,2015,"5801","0","4","4","03",0,1,"A",,,,,,900,3,"C","C","A","9TH ST","E ST",0,,"Y","2015-04-07",5801,"2015-03-12",747,"319",,"5","3","0","0",,"0",,"-","N",,0,0,,,0,,,,"Y",4,"A","-",22350,,"N","A","H","-","A","A","0","Y","A","01",0,0,1,0,0,0,0,0,0,"-","-","MARYSVILLE","YUBA","CA",0,0
"6860483",-121.5826883,39.14876,2015,"5801","0","6","4","12",0,1,"A",,,,,,1500,3,"C","D","A","RT 20","RAMIREZ ST",0,,"Y","2016-09-02",5801,"2015-03-14",1412,"319",,"5","3","0","0",,"0",,"-","Y","YUB",3,20,"-","-",1.71,"I","5","W","Y",2,"A","-",21453,"A","N","A","H","-","A","A","0","Y","A","01",0,0,1,0,0,0,0,0,0,"-","-","MARYSVILLE","YUBA","CA",0,0
"6856960",0,0,2015,"5801","0","3","3","05",0,1,"A",,,,,,2100,3,"A","I","A","5TH ST","OLIVE ST",186,"W","N","2016-04-06",5801,"2015-03-04",2050,"317","MPD","5","3","0","0",,"0","5801","-","N",,0,0,,,0,,,,"Y",2,"A","-",21650,,"N","A","H","-","C","D","0","Y","D","22",0,1,0,0,0,0,0,0,0,"-","-","MARYSVILLE","YUBA","CA",0,0
"6856701",-121.5997096,39.1450193,2015,"5801","0","4","4","03",0,1,"A",,,,,,1800,3,"C","C","A","10TH ST","I ST",613,"W","N","2016-09-02",5801,"2015-03-05",1735,"303",,"5","3","0","0",,"0",,"-","Y","YUB",3,20,"-","-",0.46,"H","-","W","Y",2,"A","-",22350,,"N","A","H","-","A","D","0","Y","A","01",0,0,1,0,0,0,0,0,0,"-","-","MARYSVILLE","YUBA","CA",0,0
"6855931",-121.447155,39.2213996,2015,"5801","0","5","4","03",0,1,"A",,,,"Y",,600,3,"F","A","A","E ST","9TH ST",0,,"Y","2016-09-06",5801,"2015-03-13",453,"319",,"5","3","0","0",,"0",,"-","Y","YUB",3,20,"-","-",11.44,"H","-","E","Y",1,"A","-",22350,,"N","A","H","-","C","A","0","Y","F","25",0,0,1,0,0,0,0,0,0,"-","-","MARYSVILLE","YUBA","CA",0,0
"6855823",0,0,2015,"5801","0","2","4","03",0,1,"A",,,,,,1200,3,"C","C","A","5TH ST BRIDGE","J ST",770,"W","N","2015-03-24",5801,"2015-03-03",954,"319",,"5","3","0","0",,"0",,"-","N",,0,0,,,0,,,,"Y",5,"A","-",22350,,"N","A","H","-","A","A","0","Y","A","01",0,0,1,0,0,0,0,0,0,"-","-","MARYSVILLE","YUBA","CA",0,0
"6855521",-121.4561574,39.2978482,2015,"5800","4","1","4","18",0,1,"B",,,,,,900,3,"E","H","A","LOMA RICA RD","HILL RD",3696,"S","N","2015-09-18",9285,"2015-03-02",745,"14744",,"1","9","0","2",,"1","061","-","N",,0,0,,,0,,,,"Y",1,"C","-",0,,"N","A","H","-","A","D","0","Y","-","-",0,0,1,0,0,0,0,0,0,"-","-","UNINCORPORATED","YUBA","CA",-121.45671,39.2975
"6855472",0,0,2015,"5800","4","7","4","08",0,2,"A",,,,,,2400,3,"E","I","A","FEATHER RIVER BL","PLUMAS ARBOGA RD",775,"N","N","2015-03-24",9285,"2015-03-01",2320,"018475",,"3","9","0","2",,"2","021","-","N",,0,0,,,0,,,,"Y",1,"A","-",22107,,"M","A","H","-","D","D","0","Y","A","01",0,0,2,0,0,0,0,0,0,"-","-","UNINCORPORATED","YUBA","CA",-121.5791,39.05719
"6855471",-121.5895036,39.1344204,2015,"5800","3","5","4","03",0,1,"A",,,,,,900,3,"C","C","A","RT 70","NORTH BEALE RD",1584,"N","N","2016-09-06",9285,"2015-03-06",850,"015976",,"1","9","0","1",,"1","020","-","Y","YUB",3,70,"-","-",13.9,"H","-","E","N",2,"A","-",22350,,"N","A","H","-","A","D","0","Y","A","07",0,0,1,0,0,0,0,0,0,"-","-","UNINCORPORATED","YUBA","CA",-121.58936,39.1341
"6855470",-121.5515408,39.0973966,2015,"5800","4","6","3","05",0,1,"A",,"Y",,,,1800,3,"D","G","A","OLIVEHURST AV","6TH AV",218,"S","N","2015-03-24",9285,"2015-03-07",1715,"017534",,"2","9","0","2",,"1","022","-","N",,0,0,,,0,,,,"N",2,"A","-",21650,"1","N","A","H","-","A","D","0","Y","L","04",0,1,0,0,0,0,1,0,0,"-","-","UNINCORPORATED","YUBA","CA",-121.55163,39.69743
"6855469",-121.5898437,39.1718521,2015,"5800","3","6","4","03",0,2,"A",,,"Y",,,2100,3,"F","A","A","RT 70","LAURELLEN RD",694,"N","N","2016-09-06",9285,"2015-03-07",1905,"018107",,"2","9","0","1",,"1","060","-","Y","YUB",3,70,"-","-",16.35,"H","-","W","Y",1,"A","-",22350,,"N","A","H","-","D","D","0","Y","C","02",0,0,2,0,0,0,0,0,2,"-","-","UNINCORPORATED","YUBA","CA",-121.58988,39.17176
"6855368",-121.5525102,39.0763014,2015,"5800","5","5","4","01",0,1,"A",,,,,"Y",2400,2,"C","C","A","DONALD DR","MCGOWAN PKWY",300,"S","N","2015-03-25",9285,"2015-02-13",2335,"018475",,"3","9","0","3",,"1","002","-","N",,0,0,,,0,,,,"N",3,"A","-",23152,"A","N","A","H","-","E","D","0","Y","A","01",0,0,1,0,0,0,0,0,0,"-","-","UNINCORPORATED","YUBA","CA",-121.55255,39.07628
"6855367",-121.6013605,39.2203173,2015,"5800","5","6","3","01",0,1,"A",,,,,"Y",2100,2,"D","D","A","WOODRUFF LN","RT 70",12,"E","N","2016-09-06",9285,"2015-02-07",1925,"017534",,"2","9","0","3",,"1","006","-","Y","YUB",3,70,"-","-",19.743,"I","5","E","Y",2,"A","-",23152,"A","N","A","H","-","D","D","0","Y","A","01",0,1,0,0,0,0,0,0,0,"-","-","UNINCORPORATED","YUBA","CA",-121.60118,39.21911
"6855364",-121.5862618,39.1232152,2015,"5800","5","3","3","03",0,1,"A",,"Y",,,,2100,2,"D","G","A","ALICIA AV","RIVERSIDE DR",63,"S","N","2015-03-25",9285,"2015-02-04",1900,"018632",,"2","9","0","3",,"1","002","-","N",,0,0,,,0,,,,"N",2,"A","-",22350,,"F","A","H","-","B","D","0","Y","A","01",0,1,0,0,0,0,1,0,0,"-","-","UNINCORPORATED","YUBA","CA",-121.58615,39.12314
"6855363",-121.5679394,39.1259079,2015,"5800","4","2","3","07",0,1,"A",,,"Y",,"Y",1800,2,"F","A","A","NORTH BEALE RD","AVONDALE AV",218,"W","N","2015-03-25",9285,"2015-02-03",1645,"017534",,"2","9","0","2",,"1","041","-","N",,0,0,,,0,,,,"Y",2,"A","-",21658,"A","N","A","H","-","A","D","0","Y","A","01",0,1,0,0,0,0,0,0,1,"-","-","UNINCORPORATED","YUBA","CA",-121.56784,39.12584
"6855320",-121.3023302,39.2079113,2015,"5800","5","3","4","08",0,1,"A",,"Y",,,"Y",2400,2,"E","I","A","SMARTVILLE RD","MCGANNEY LN",300,"W","N","2015-03-24",9285,"2015-02-18",2220,"18291",,"3","9","0","3",,"1","006","-","N",,0,0,,,0,,,,"N",1,"A","-",22107,,"N","A","H","-","D","D","0","Y","L","04",0,0,1,0,0,0,1,0,0,"-","-","UNINCORPORATED","YUBA","CA",-121.30228,39.20789
"6855319",-121.4714915,39.0405837,2015,"5800","4","3","4","09",0,3,"A",,,,,,1800,2,"C","C","A","RT 65","S BEALE RD",85,"S","N","2016-09-02",9285,"2015-02-18",1700,"15048",,"2","9","0","2",,"2","025","-","Y","YUB",3,65,"-","-",4.09,"H","-","S","Y",2,"A","-",21801,"A","N","A","H","-","A","D","1","Y","A","07",0,0,3,0,0,0,0,0,0,"-","-","UNINCORPORATED","YUBA","CA",-121.47147,39.0404
"6855318",-121.5150731,39.0325321,2015,"5800","5","3","4","03",0,1,"E",,,,,,2400,2,"E","H","A","FORTY MILE RD","HOFFMAN RD",1055,"N","N","2015-03-24",9285,"2015-02-18",2322,"18286",,"3","9","0","3",,"1","002","-","N",,0,0,,,0,,,,"Y",1,"A","-",22350,,"N","A","H","-","D","D","0","Y","A","01",0,0,1,0,0,0,0,0,0,"-","-","UNINCORPORATED","YUBA","CA",-121.50384,39.01652
"6855317",-121.5433122,38.977766,2015,"5800","3","6","3","12",0,3,"B",,,,,,1500,2,"D","C","A","RT 70","FEATHER RIVER BL",0,,"Y","2016-09-06",9285,"2015-02-21",1225,"17306",,"1","9","0","1",,"1","020","-","Y","YUB",3,70,"-","R",0.354,"I","5","W","Y",2,"A","-",21453,"A","N","A","H","-","A","A","0","Y","A","01",0,3,0,0,0,0,0,0,0,"-","-","UNINCORPORATED","YUBA","CA",-121.54305,38.97788