"CASEID","POINT_X","POINT_Y","YEAR_","LOCATION","CHPTYPE","DAYWEEK","CRASHSEV","VIOLCAT","KILLED","INJURED","WEATHER1","PEDCOL","BICCOL","MCCOL","TRUCKCOL","ETOH","TIMECAT","MONTH_","CRASHTYP","INVOLVE","PED","PRIMARYRD","SECONDRD","DISTANCE","DIRECT","INTERSECT_","PROCDATE","JURIS","DATE_","TIME_","BADGE","JURIDIST","SHIFT","POP","SPECIAL","BEATTYPE","LAPDDIV","BEATCLAS","BEATNUMB","WEATHER2","STATEHW","CALTRANC","CALTRAND","STROUTE","ROUTESUF","POSTPRE","POSTMILE","LOCATYPE","RAMP","SIDEHW","TOWAWAY","PARTIES","PCF","VIOLCODE","VIOL","VIOLSUB","HITRUN","ROADSURF","RDCOND1","RDCOND2","LIGHTING","RIGHTWAY","CHPRDTYP","NOTPRIV","STFAULT","CHPFAULT","SEVINJ","OTHERINJ","COP","PEDKILL","PEDINJ","BICKILL","BICINJ","MCKILL","MCINJURE","RAMP1","RAMP2","CITY","COUNTY","STATE","X_CHP","Y_CHP"
"6855315",-121.5579961,39.1674215,2015,"5800","3","7","3","08",0,1,"A",,,,,,2400,2,"E","I","A","RT 20","PLANTZ RD",6336,"W","N","2016-09-02",9285,"2015-02-22",2230,"19144",,"3","9","0","1",,"1","062","-","Y","YUB",3,20,"-","R",3.65,"H","-","W","Y",1,"A","-",22107,,"N","A","H","-","D","D","0","Y","A","01",0,1,0,0,0,0,0,0,0,"-","-","UNINCORPORATED","YUBA","CA",-121.55858,39.16681
"6855312",-121.5496231,39.127765,2015,"5800","4","4","4","09",0,1,"A",,,,,,900,2,"D","C","A","NORTH BEALE RD","ALBRECHT AV",0,,"Y","2015-03-24",9285,"2015-02-26",830,"18340",,"1","9","0","2",,"1","041","-","N",,0,0,,,0,,,,"Y",2,"A","-",21801,"A","N","A","H","-","A","D","0","Y","A","07",0,0,1,0,0,0,0,0,0,"-","-","UNINCORPORATED","YUBA","CA",-121.54963,39.12771
"6855311",-121.5371576,39.0883257,2015,"5800","4","5","3","08",0,1,"A",,,,,,2400,2,"F","A","A","RT 65","RT 70",1320,"S","N","2016-09-02",9285,"2015-02-27",2318,"18522",,"3","9","0","2",,"2","025","-","Y","YUB",3,65,"-","R",8.9,"H","-","S","Y",1,"A","-",22107,,"N","A","H","-","D","D","1","Y","A","07",0,1,0,0,0,0,0,0,0,"-","-","UNINCORPORATED","YUBA","CA",-121.53699,39.0882
"6855310",-121.5950077,39.2036621,2015,"5800","3","6","3","18",0,1,"B",,,,,,1200,2,"H","A","A","RT 70","ELLIS RD",1931,"N","N","2016-09-06",9285,"2015-02-28",934,"14480",,"1","9","0","1",,"1","060","-","Y","YUB",3,70,"-","-",18.55,"H","-","W","Y",1,"C","-",0,,"N","A","H","-","A","D","0","Y","-","-",0,1,0,0,0,0,0,0,0,"-","-","UNINCORPORATED","YUBA","CA",-121.59488,39.20308
"6855229",0,0,2015,"5800","5","3","4","01",0,1,"A",,,,,"Y",1200,1,"E","I","A","DOLAN HARDING RD","MARYSVILLE RD",2640,"E","N","2015-03-23",9285,"2015-01-28",1055,"18636",,"1","9","0","3",,"1","006","-","N",,0,0,,,0,,,,"Y",1,"A","-",23152,"A","N","A","H","-","A","D","0","Y","A","08",0,0,1,0,0,0,0,0,0,"-","-","UNINCORPORATED","YUBA","CA",-121.34021,39.31683
"6855228",-121.574997,39.1230409,2015,"5800","4","5","4","09",0,1,"A",,,,,,900,1,"B","C","A","FEATHER RIVER BL","NORTH BEALE RD",230,"W","N","2016-09-06",9285,"2015-01-30",755,"18340",,"1","9","0","2",,"2","021","-","Y","YUB",3,70,"-","R",11.245,"R","4","W","Y",2,"A","-",21802,"B","N","A","H","-","A","A","0","Y","A","01",0,0,1,0,0,0,0,0,0,"-","-","UNINCORPORATED","YUBA","CA",-121.5762,39.12524
"6855213",-121.5249138,39.0775676,2015,"5800","4","6","4","08",0,2,"A",,,,,,2400,1,"E","A","A","MCGOWAN PKWY","RANCHO RD",100,"W","N","2015-03-23",9285,"2015-01-17",2135,"18291",,"2","9","0","2",,"1","022","-","N",,0,0,,,0,,,,"N",2,"A","-",22107,,"M","A","H","-","C","D","0","Y","-","99",0,0,2,0,0,0,0,0,0,"-","-","UNINCORPORATED","YUBA","CA",-121.52495,39.07751
"6855212",0,0,2015,"5800","5","4","4","09",0,1,"A",,,,,,900,1,"D","C","A","KENSINGTON DR","RIVER OAKS BL",0,,"Y","2015-03-23",9285,"2015-01-22",745,"015855",,"1","9","0","3",,"1","002","-","N",,0,0,,,0,,,,"Y",2,"A","-",21802,"A","N","A","H","-","A","A","0","Y","A","01",0,0,1,0,0,0,0,0,0,"-","-","UNINCORPORATED","YUBA","CA",-121.55327,39.00103
"6855211",-121.5757932,39.125645,2015,"5800","4","7","4","12",0,1,"A",,,,,,1500,1,"D","C","A","NORTH BEALE RD","FEATHER RIVER BL",0,,"Y","2015-03-23",9285,"2015-01-25",1305,"18107",,"1","9","0","2",,"1","041","-","N",,0,0,,,0,,,,"Y",2,"A","-",21453,"A","N","A","H","-","A","A","0","Y","A","01",0,0,1,0,0,0,0,0,0,"-","-","UNINCORPORATED","YUBA","CA",-121.57586,39.12557
"6855210",-121.5539668,39.127665,2015,"5800","4","7","4","11",0,1,"A","Y",,,,"Y",2400,1,"G","B","E","NORTH BEALE RD","REDBURN AV",124,"E","N","2015-03-23",9285,"2015-01-25",2257,"018632",,"3","9","0","2",,"1","041","-","N",,0,0,,,0,,,,"N",2,"A","-",21956,,"N","A","H","-","D","D","0","Y","N","60",0,0,1,0,1,0,0,0,0,"-","-","UNINCORPORATED","YUBA","CA",-121.55386,39.12772
"6854717",-121.5181724,39.0680483,2015,"5800","4","3","1","08",1,2,"A",,,,,,2400,5,"F","A","A","RT 65","FORTY MILE RD",1198,"N","N","2015-07-14",9285,"2015-05-13",2125,"18636",,"2","9","0","2",,"2","025","-","Y","YUB",3,65,"-","R",7.08,"H","-","N","Y",1,"A","-",22107,,"N","A","H","-","D","D","1","Y","A","07",0,2,0,0,0,0,0,0,0,"-","-","UNINCORPORATED","YUBA","CA",-121.51638,39.06695
"6853121",-121.5423027,39.0935906,2015,"5800","3","1","4","07",0,1,"B",,,,"Y",,900,3,"B","C","A","RT 70","RT 65",200,"N","N","2016-09-06",9285,"2015-03-02",735,"17306",,"1","9","0","1",,"1","020","-","Y","YUB",3,70,"-","R",8.49,"H","-","W","Y",2,"A","-",21658,"A","N","A","H","-","A","D","0","Y","A","07",0,0,1,0,0,0,0,0,0,"-","-","UNINCORPORATED","YUBA","CA",-121.54258,39.09404
"6853120",-121.5783432,39.1233744,2015,"5800","5","1","4","00",0,1,"A","Y",,,,,900,3,"G","B","F","FEATHER RIVER BL","ARBOGA RD",200,"E","N","2015-03-27",9285,"2015-03-02",650,"015069",,"1","9","0","3",,"1","002","-","N",,0,0,,,0,,,,"N",2,"D","-",0,,"M","A","H","-","B","D","0","Y","-","-",0,0,1,0,1,0,0,0,0,"-","-","UNINCORPORATED","YUBA","CA",-121.57828,39.1233
"6853112",-121.5674926,39.1228618,2015,"5800","5","1","4","03",0,1,"A",,,,,,1200,2,"C","C","A","LINDHURST AV","SCALES AV",60,"W","N","2015-03-25",9285,"2015-02-16",1008,"14401",,"1","9","0","3",,"1","004","-","N",,0,0,,,0,,,,"N",2,"A","-",22350,,"N","A","H","-","A","D","0","Y","E","22",0,0,1,0,0,0,0,0,0,"-","-","UNINCORPORATED","YUBA","CA",-121.56796,39.12251
"6853105",-121.5786572,39.2647551,2015,"5800","5","2","4","03",0,1,"A",,,,,,1500,2,"C","C","A","RAMIREZ RD","RT 70",5280,"E","N","2016-04-18",9285,"2015-02-10",1422,"14744",,"2","9","0","3",,"1","006","-","N",,0,0,,,0,,,,"Y",2,"A","-",22350,,"N","A","H","-","A","D","0","Y","D","22",0,0,1,0,0,0,0,0,0,"-","-","UNINCORPORATED","YUBA","CA",-121.57887,39.26473
"6853093",-121.6007431,39.2296303,2015,"5800","3","6","4","03",0,1,"A",,,,,,1200,1,"C","C","A","RT 70","WOODRUFF LN",2640,"N","N","2016-09-06",9285,"2015-01-31",1120,"015855",,"1","9","0","1",,"1","060","-","Y","YUB",3,70,"-","-",20.38,"H","-","E","Y",2,"A","-",22350,,"N","A","H","-","A","D","0","Y","A","08",0,0,1,0,0,0,0,0,0,"-","-","UNINCORPORATED","YUBA","CA",-121.60076,39.22843
"6853033",-121.5958832,39.145475,2015,"5801","0","7","4","03",0,1,"A",,,,,,1500,3,"C","C","A","H ST","10TH ST",0,,"Y","2015-03-25",5801,"2015-03-01",1205,"319",,"5","3","0","0",,"0",,"-","N",,0,0,,,0,,,,"N",2,"A","-",22350,,"N","A","H","-","A","A","0","Y","A","01",0,0,1,0,0,0,0,0,0,"-","-","MARYSVILLE","YUBA","CA",0,0
"6853032",-121.5860132,39.1405651,2015,"5801","0","4","3","-",0,1,"A",,,,,,1800,3,"C","E","A","B ST","5TH ST",0,,"Y","2015-03-25",5801,"2015-03-05",1653,"304","5801","5","3","0","0",,"0",,"-","N",,0,0,,,0,,,,"Y",2,"A","-",0,,"N","A","H","-","A","D","0","Y","A","01",0,1,0,0,0,0,0,0,0,"-","-","MARYSVILLE","YUBA","CA",0,0
"6834341",-121.5932232,39.1479051,2015,"5801","0","6","4","04",0,1,"A",,,,,,900,2,"C","C","A","F ST","12TH ST",0,,"Y","2015-03-19",5801,"2015-02-28",853,"352",,"5","3","0","0",,"0",,"B","N",,0,0,,,0,,,,"N",2,"A","-",21703,,"N","A","H","-","A","D","0","Y","D","22",0,0,1,0,0,0,0,0,0,"-","-","MARYSVILLE","YUBA","CA",0,0
"6830679",-121.5879157,39.1542152,2015,"5801","0","3","3","03",0,1,"A",,,,,,1500,2,"C","C","A","B ST","17TH ST",0,,"Y","2016-09-06",5801,"2015-02-18",1400,"304","5801","5","3","0","0",,"0",,"-","Y","YUB",3,70,"-","-",15.11,"H","-","W","Y",4,"A","-",22350,,"N","A","H","-","A","D","0","Y","-","-",0,1,0,0,0,0,0,0,0,"-","-","MARYSVILLE","YUBA","CA",0,0
"6822155",-121.5820231,39.1499551,2015,"5801","0","5","4","09",0,1,"B",,,,,,900,1,"D","C","A","E 13TH ST","BLUE ST",0,,"Y","2015-03-03",5801,"2015-01-23",743,"304","5801","5","3","0","0",,"0",,"-","N",,0,0,,,0,,,,"Y",2,"A","-",21800,"A","N","B","-","-","A","D","0","Y","A","07",0,0,1,0,0,0,0,0,0,"-","-","MARYSVILLE","YUBA","CA",0,0
"6821363",-121.5646232,39.1586052,2015,"5801","0","1","4","09",0,4,"A",,,,,,1800,2,"A","C","A","RT 20","EAST 22ND ST",0,,"Y","2016-09-02",5801,"2015-02-02",1744,"315","YUBAC","5","3","0","0",,"0",,"-","Y","YUB",3,20,"-","R",2.94,"I","5","W","Y",2,"A","-",21801,"A","N","A","H","-","B","D","0","Y","A","01",0,0,4,0,0,0,0,0,0,"-","-","MARYSVILLE","YUBA","CA",0,0
"6812077",-121.4126527,39.2313076,2015,"5800","4","6","3","08",0,1,"A",,,,,,2100,1,"E","I","A","MARYSVILLE RD","RT 20",1320,"N","N","2016-04-15",9285,"2015-01-03",1810,"017900",,"2","9","0","2",,"1","061","-","N",,0,0,,,0,,,,"Y",1,"A","-",22107,,"M","A","H","-","D","D","0","Y","A","07",0,1,0,0,0,0,0,0,0,"-","-","UNINCORPORATED","YUBA","CA",-121.41281,39.23099
"6812073",-121.5793612,39.101383,2015,"5800","4","7","3","03",0,1,"A",,,,,,2100,1,"E","I","A","FEATHER RIVER BL","MYRNA AV",20,"S","N","2015-03-04",9285,"2015-01-04",1800,"017900",,"2","9","0","2",,"2","021","-","N",,0,0,,,0,,,,"Y",1,"A","-",22350,,"N","A","H","-","C","D","0","Y","A","01",0,1,0,0,0,0,0,0,0,"-","-","UNINCORPORATED","YUBA","CA",-121.57925,39.10143
"6812069",-121.2664909,39.3263225,2015,"5800","5","1","3","03",0,1,"A",,,,,,1800,1,"E","I","A","CRYSTAL SPRINGS LN","REGENT WY",100,"N","N","2015-03-04",9285,"2015-01-05",1710,"017534",,"2","9","0","3",,"1","008","-","N",,0,0,,,0,,,,"Y",1,"A","-",22350,,"N","A","H","-","D","D","0","Y","A","01",0,1,0,0,0,0,0,0,0,"-","-","UNINCORPORATED","YUBA","CA",-121.55933,39.19341
"6812065",-121.5855901,39.1295345,2015,"5800","3","3","4","08",0,1,"A",,,,,,900,1,"E","I","A","RT 70","BEALE RD",300,"E","N","2016-09-06",9285,"2015-01-07",725,"017306",,"1","9","0","1",,"1","020","-","Y","YUB",3,70,"-","-",13.44,"H","-","W","Y",1,"A","-",22107,,"N","A","H","-","A","D","0","Y","A","07",0,0,1,0,0,0,0,0,0,"-","-","UNINCORPORATED","YUBA","CA",0,0
"6812030",-121.5518932,39.077135,2015,"5800","4","3","3","08",0,1,"A",,"Y",,,"Y",1200,1,"E","I","A","MCGOWAN PKWY","OLIVEHURST AV",0,,"Y","2015-03-04",9285,"2015-01-07",1000,"017306",,"1","9","0","2",,"1","022","-","N",,0,0,,,0,,,,"N",1,"A","-",22107,,"N","A","H","-","A","D","0","Y","L","04",0,1,0,0,0,0,1,0,0,"-","-","UNINCORPORATED","YUBA","CA",-121.55202,39.07728
"6812022",-121.4607038,39.2213651,2015,"5800","3","4","3","08",0,1,"A",,,,,,900,1,"E","I","A","RT 20","SPRING VALLEY RD",1675,"E","N","2016-09-02",9285,"2015-01-08",715,"014480",,"1","9","0","1",,"1","062","-","Y","YUB",3,20,"-","-",10.71,"H","-","W","Y",1,"A","-",22107,,"N","A","H","-","A","D","0","Y","A","01",0,1,0,0,0,0,0,0,0,"-","-","UNINCORPORATED","YUBA","CA",-121.46025,39.22142
"6812018",-121.5071124,39.1443321,2015,"5800","4","4","4","08",0,1,"A",,,,,,2100,1,"F","I","A","HAMMONTON SMARTVILLE RD","BRYDEN RD",700,"W","N","2015-03-04",9285,"2015-01-08",1955,"018475",,"2","9","0","2",,"1","042","-","N",,0,0,,,0,,,,"Y",1,"A","-",22107,,"N","A","H","-","D","D","0","Y","A","01",0,0,1,0,0,0,0,0,0,"-","-","UNINCORPORATED","YUBA","CA",-121.50717,39.14436
"6809835",-121.5895468,39.1341831,2015,"5800","3","7","4","08",0,1,"B",,,,,,1800,1,"E","I","A","RT 70","2ND ST",1500,"S","N","2016-09-06",9285,"2015-01-18",1750,"017118",,"2","9","0","1",,"1","020","-","Y","YUB",3,70,"-","-",13.88,"H","-","W","Y",1,"A","-",22107,,"N","A","H","-","C","D","0","Y","A","01",0,0,1,0,0,0,0,0,0,"-","-","UNINCORPORATED","YUBA","CA",-121.58974,39.1335
"6809815",-121.5900127,39.1369642,2015,"5800","3","6","2","08",0,1,"A",,"Y",,,,1500,1,"F","A","A","RT 70","2ND ST",330,"N","N","2016-09-06",9285,"2015-01-10",1230,"017534",,"1","9","0","1",,"1","020","-","Y","YUB",3,70,"-","-",14.1,"H","-","E","N",1,"A","-",22107,,"N","A","H","-","A","D","0","Y","L","04",1,0,0,0,0,0,1,0,0,"-","-","UNINCORPORATED","YUBA","CA",-121.58961,39.13603
"6809811",-121.5992953,39.2493635,2015,"5800","3","7","3","08",0,1,"A",,"Y",,,,1500,1,"C","G","A","RT 70","BOYER RD",2112,"S","N","2016-09-06",9285,"2015-01-11",1220,"014241",,"1","9","0","1",,"1","060","-","Y","YUB",3,70,"-","-",21.73,"H","-","W","N",2,"A","-",22107,,"N","A","H","-","A","D","0","Y","A","07",0,1,0,0,0,0,1,0,0,"-","-","UNINCORPORATED","YUBA","CA",-121.59949,39.24759
"6809795",-121.3388714,39.0485864,2015,"5800","5","1","4","01",0,1,"A",,,,,"Y",2100,1,"F","A","A","CAMP FAR WEST RD","WINTUN WY",265,"N","N","2015-03-02",9285,"2015-01-12",2055,"019168",,"2","9","0","3",,"1","002","-","N",,0,0,,,0,,,,"Y",1,"A","-",23152,"A","N","A","H","-","D","D","0","Y","A","01",0,0,1,0,0,0,0,0,0,"-","-","UNINCORPORATED","YUBA","CA",-121.34135,39.04822
"6809768",-121.523477,39.1282267,2015,"5800","4","3","4","05",0,1,"B",,,,,,2100,1,"B","C","A","NORTH BEALE RD","GRIFFITH AV",50,"E","N","2015-03-02",9285,"2015-01-21",1840,"019168",,"2","9","0","2",,"1","041","-","N",,0,0,,,0,,,,"Y",2,"A","-",21460,"A","N","A","H","-","D","D","0","Y","A","01",0,0,1,0,0,0,0,0,0,"-","-","UNINCORPORATED","YUBA","CA",-121.52356,39.12817
"6804925",-121.5480706,39.1008976,2015,"5800","4","3","4","08",0,1,"A",,,,,,900,1,"E","I","A","RT 70","OLIVEHURST AV",200,"W","N","2016-09-06",9285,"2015-01-14",730,"017306",,"1","9","0","2",,"2","021","-","Y","YUB",3,70,"-","R",9.092,"R","2","W","Y",1,"A","-",22107,,"N","A","H","-","A","D","0","Y","D","22",0,0,1,0,0,0,0,0,0,"-","-","UNINCORPORATED","YUBA","CA",-121.33003,39.06063
"6801587",-121.5847778,39.1290084,2015,"5800","3","3","2","05",0,1,"A",,"Y",,,,2100,1,"D","G","A","RT 70","FEATHER RIVER BL",1056,"W","N","2016-09-06",9285,"2015-01-07",2025,"017534",,"2","9","0","1",,"1","020","-","Y","YUB",3,70,"-","-",13.376,"R","4","W","N",2,"A","-",21650,,"N","A","H","-","C","D","0","Y","L","04",1,0,0,0,0,0,1,0,0,"TO","-","UNINCORPORATED","YUBA","CA",0,0
"6801583",-121.5966521,39.2682733,2015,"5800","5","4","4","08",0,2,"A",,,,,,2100,1,"D","C","A","RT 70","RAMIREZ RD",745,"N","N","2016-09-06",9285,"2015-01-08",2002,"018291",,"2","9","0","3",,"1","006","-","Y","YUB",3,70,"-","-",23.03,"H","-","W","Y",3,"A","-",22107,,"N","A","H","-","D","D","0","Y","A","01",0,0,2,0,0,0,0,0,0,"-","-","UNINCORPORATED","YUBA","CA",-121.59696,39.26683
"6778925",-121.5973873,39.1453418,2015,"5801","0","4","3","01",0,1,"A",,"Y",,,"Y",900,1,"D","G","A","10TH ST","I ST",13,"E","N","2016-09-02",5801,"2015-01-01",736,"317","MARYS","5","3","0","0",,"0",,"-","Y","YUB",3,20,"-","-",0.59,"H","-","W","N",2,"A","-",21200,"5","N","A","H","-","A","D","0","Y","L","04",0,1,0,0,0,0,1,0,0,"-","-","MARYSVILLE","YUBA","CA",0,0
"6768931",-121.5510931,39.101405,2015,"5800","4","4","4","09",0,1,"A",,,"Y",,,1800,4,"D","A","A","OLIVEHURST AV","POWERLINE RD",0,,"Y","2015-05-05",9285,"2015-04-09",1510,"018286",,"2","9","0","2",,"1","022","-","N",,0,0,,,0,,,,"Y",2,"A","-",21801,"A","N","A","H","-","A","D","0","Y","A","01",0,0,1,0,0,0,0,0,1,"-","-","UNINCORPORATED","YUBA","CA",-121.55073,39.10131
"6768930",-121.3166102,39.1712386,2015,"5800","5","5","4","08",0,1,"A",,,,,,1800,4,"F","I","A","SMARTVILLE RD","WALSH LN",1056,"S","N","2015-05-05",9285,"2015-04-03",1645,"015976",,"2","9","0","3",,"1","004","-","N",,0,0,,,0,,,,"Y",1,"A","-",22107,,"N","A","H","-","A","D","0","Y","A","01",0,0,1,0,0,0,0,0,0,"-","-","UNINCORPORATED","YUBA","CA",-121.31647,39.17004
"6768929",-121.5479863,39.1352361,2015,"5800","4","5","3","08",0,1,"A",,,,,,600,4,"E","I","A","HAMMONTON SMARTVILLE RD","MAPES WY",2,"E","N","2015-05-26",9285,"2015-04-03",447,"018636",,"3","9","0","2",,"1","042","-","N",,0,0,,,0,,,,"Y",1,"A","-",22107,,"N","A","H","-","D","D","0","Y","A","01",0,1,0,0,0,0,0,0,0,"-","-","UNINCORPORATED","YUBA","CA",-121.54772,39.13531
"6688364",-121.4197691,39.2267953,2015,"5800","3","4","2","08",0,1,"A",,,,"Y",,1200,4,"B","C","A","RT 20","MARYSVILLE RD",1742,"W","N","2016-11-01",9285,"2015-04-30",900,"14480",,"1","9","0","1",,"1","062","-","Y","YUB",3,20,"-","-",12.97,"H","-","W","Y",2,"A","-",22107,,"N","A","H","-","A","D","0","Y","J","48",1,0,0,0,0,0,0,0,0,"-","-","UNINCORPORATED","YUBA","CA",-121.42016,39.22681
"6292756",-121.393609,39.1163746,2015,"5801","S","7","1","08",1,1,"A",,,,,,2100,7,"E","I","A","B ST","EAST 24TH ST",67,"S","N","2016-02-06",9285,"2015-07-12",2055,"18632",,"2","3","0","2",,"2","901","-","N",,0,0,,,0,,,,"Y",1,"A","-",22107,,"N","A","H","-","C","D","0","Y","A","01",0,0,1,0,0,0,0,0,0,"-","-","MARYSVILLE","YUBA","CA",-121.58862,39.15758
"6292730",-121.4045535,39.0217352,2015,"5802","0","6","1","03",1,2,"A",,,,,"Y",2100,9,"F","J","A","SPENCEVILLE RD","JASPER LN",257,"W","N","2015-10-27",5802,"2015-09-05",2050,"607",,"5","1","0","0",,"0",,"-","N",,0,0,,,0,,,,"Y",1,"A","-",22350,,"N","A","H","-","D","D","0","Y","A","01",0,0,2,0,0,0,0,0,0,"-","-","WHEATLAND","YUBA","CA",0,0
"6292292",-121.5847778,39.1290084,2015,"5800","3","6","1","11",1,0,"A","Y",,,,"Y",300,3,"G","B","D","RT 70","NORTH BEALE RD",6,"E","N","2015-06-30",9285,"2015-03-21",203,"18475",,"3","9","0","1",,"1","020","-","Y","YUB",3,70,"-","-",13.376,"R","2","W","Y",3,"A","-",21954,"A","N","A","H","-","E","D","0","Y","N","60",0,0,0,1,0,0,0,0,0,"-","-","UNINCORPORATED","YUBA","CA",-121.58138,39.12663
"7096120",-121.5917732,39.1378451,2014,"5801","0","2","2","09",0,2,"A",,,,,,1800,5,"D","C","A","3RD ST","F ST",0,,"Y","2015-10-20",5801,"2014-05-06",1511,"158","5801","5","3","0","0",,"0","00W","-","N",,0,0,,,0,,,,"Y",2,"A","-",21801,"A","N","A","H","-","A","A","0","Y","A","01",1,0,1,0,0,0,0,0,0,"-","-","MARYSVILLE","YUBA","CA",0,0
"6854195",0,0,2014,"5800","4","4","1","03",1,0,"B",,,,,,2500,9,"E","I","A","MARYSVILLE RD","OLD DOBBINS RD",5808,"E","N","2015-04-11",9285,"2014-09-25",2500,"17393",,"4","9","0","2",,"2","081","-","N",,0,0,,,0,,,,"Y",1,"A","-",22350,,"N","B","H","-","D","D","0","Y","A","01",0,0,0,0,0,0,0,0,0,"-","-","UNINCORPORATED","YUBA","CA",-121.18768,39.36711
"6809827",-121.3518632,39.243155,2014,"5800","5","6","3","01",0,1,"A",,,,,"Y",2400,1,"E","I","A","GARY WY","SICARD FLAT RD",0,,"Y","2015-03-02",9285,"2014-01-18",2330,"018522",,"3","9","0","3",,"1","006","-","N",,0,0,,,0,,,,"Y",1,"A","-",23152,"A","N","A","H","-","D","A","0","Y","A","01",0,1,0,0,0,0,0,0,0,"-","-","UNINCORPORATED","YUBA","CA",-121.35185,39.2431
"6801588",-121.4223394,39.2265125,2014,"5800","4","3","2","08",0,1,"A",,,,,,600,12,"E","I","A","RT 20","MARYSVILLE RD",2112,"W","N","2016-06-23",9285,"2014-12-24",343,"018107",,"3","9","0","1",,"1","062","-","Y","YUB",3,20,"-","-",12.83,"H","-","E","Y",1,"A","-",22107,,"N","A","H","-","D","D","0","Y","D","22",1,0,0,0,0,0,0,0,0,"-","-","UNINCORPORATED","YUBA","CA",-121.42249,39.22643
"6801371",-121.543314,38.9773159,2014,"5800","3","2","4","03",0,1,"B",,,,,"Y",1800,12,"C","C","A","RT 70","FEATHER RIVER BL",150,"S","N","2016-06-23",9285,"2014-12-09",1735,"17118",,"2","9","0","1",,"1","020","-","Y","YUB",3,70,"-","R",0.32,"H","-","E","N",2,"A","-",22350,,"N","A","H","-","D","A","0","Y","A","01",0,0,1,0,0,0,0,0,0,"-","-","UNINCORPORATED","YUBA","CA",-121.54318,39.97709
"6784795",-121.0482932,39.4652752,2014,"5800","3","3","3","03",0,2,"B",,,,,,1800,12,"D","C","A","RT 49","MILL ST",5808,"N","N","2016-06-22",9230,"2014-12-24",1557,"019235",,"2","9","0","1",,"1","081","-","Y","YUB",3,49,"-","-",6.52,"H","-","N","Y",2,"A","-",22350,,"N","C","H","-","A","D","0","Y","A","01",0,1,1,0,0,0,0,0,0,"-","-","UNINCORPORATED","YUBA","CA",-121.04856,39.46501
"6784791",-121.0483888,39.464265,2014,"5800","3","3","2","03",0,2,"B",,,,,,1800,12,"E","I","A","RT 49","MILL ST",5808,"N","N","2016-06-22",9230,"2014-12-24",1555,"019235",,"2","9","0","1",,"1","081","-","Y","YUB",3,49,"-","-",6.45,"H","-","N","Y",1,"A","-",22350,,"N","C","H","-","A","D","0","Y","A","01",1,0,1,0,0,0,0,0,0,"-","-","UNINCORPORATED","YUBA","CA",-121.04856,39.46501
"6779114",0,0,2014,"5800","4","6","4","03",0,1,"B","Y",,,,,1200,12,"G","B","E","NORTH BEALE RD","LEVEE",345,"S","N","2015-02-17",9285,"2014-12-13",909,"017118",,"1","9","0","2",,"1","041","-","N",,0,0,,,0,,,,"N",2,"A","-",22350,,"F","A","H","-","A","D","0","Y","A","01",0,0,1,0,1,0,0,0,0,"-","-","UNINCORPORATED","YUBA","CA",-121.58382,39.129
"6779110",-121.5476698,39.1007845,2014,"5800","3","4","4","08",0,1,"A",,,,,,2100,12,"E","I","A","RT 70","OLIVEHURST AV",1000,"S","N","2016-06-23",9285,"2014-12-18",1940,"018291",,"2","9","0","1",,"1","020","-","Y","YUB",3,70,"-","R",9.09,"H","-","E","Y",1,"A","-",22107,,"N","A","H","-","D","D","1","Y","A","01",0,0,1,0,0,0,0,0,0,"-","-","UNINCORPORATED","YUBA","CA",-121.54482,39.09775
"6779102",-121.543306,39.04237,2014,"5800","3","6","4","03",0,2,"B",,,,,,1800,12,"E","I","A","RT 70","PLUMAS ARBOGA RD",7392,"N","N","2016-06-23",9285,"2014-12-20",1730,"019168",,"2","9","0","1",,"1","020","C","Y","YUB",3,70,"-","R",5.14,"H","-","E","Y",1,"A","-",22350,,"N","B","H","-","D","D","0","Y","A","07",0,0,2,0,0,0,0,0,0,"-","-","UNINCORPORATED","YUBA","CA",-121.54297,39.04585
"6779098",-121.5732918,39.1144385,2014,"5800","5","6","4","21",0,1,"C",,"Y",,,,2100,12,"D","G","A","ALICIA AV","VINE AV",200,"N","N","2015-02-12",9285,"2014-12-20",1835,"018291",,"2","9","0","3",,"1","002","-","N",,0,0,,,0,,,,"N",2,"A","-",22106,,"N","B","H","-","C","A","0","Y","A","01",0,0,1,0,0,0,1,0,0,"-","-","UNINCORPORATED","YUBA","CA",-121.57333,39.11445
"6777800",-121.5504307,39.1025286,2014,"5800","3","3","3","08",0,1,"B",,,,,,900,12,"E","I","A","RT 70","OLIVEHURST AV",640,"N","N","2016-06-23",9285,"2014-12-03",715,"19144",,"1","9","0","1",,"1","020","C","Y","YUB",3,70,"-","R",9.4,"H","-","E","Y",1,"A","-",22107,,"N","B","H","-","A","D","1","Y","A","01",0,1,0,0,0,0,0,0,0,"-","-","UNINCORPORATED","YUBA","CA",-121.55292,39.1058