"CASEID","POINT_X","POINT_Y","YEAR_","LOCATION","CHPTYPE","DAYWEEK","CRASHSEV","VIOLCAT","KILLED","INJURED","WEATHER1","PEDCOL","BICCOL","MCCOL","TRUCKCOL","ETOH","TIMECAT","MONTH_","CRASHTYP","INVOLVE","PED","PRIMARYRD","SECONDRD","DISTANCE","DIRECT","INTERSECT_","PROCDATE","JURIS","DATE_","TIME_","BADGE","JURIDIST","SHIFT","POP","SPECIAL","BEATTYPE","LAPDDIV","BEATCLAS","BEATNUMB","WEATHER2","STATEHW","CALTRANC","CALTRAND","STROUTE","ROUTESUF","POSTPRE","POSTMILE","LOCATYPE","RAMP","SIDEHW","TOWAWAY","PARTIES","PCF","VIOLCODE","VIOL","VIOLSUB","HITRUN","ROADSURF","RDCOND1","RDCOND2","LIGHTING","RIGHTWAY","CHPRDTYP","NOTPRIV","STFAULT","CHPFAULT","SEVINJ","OTHERINJ","COP","PEDKILL","PEDINJ","BICKILL","BICINJ","MCKILL","MCINJURE","RAMP1","RAMP2","CITY","COUNTY","STATE","X_CHP","Y_CHP"
"6777796",-121.5511052,39.1013793,2014,"5800","4","5","3","10",0,1,"C","Y",,,,,2100,12,"G","B","B","OLIVEHURST AV","POWERLINE RD",10,"S","N","2015-02-12",9285,"2014-12-05",1930,"18291",,"2","9","0","2",,"1","022","-","N",,0,0,,,0,,,,"N",2,"A","-",21950,"A","F","B","H","-","C","A","0","Y","A","07",0,1,0,0,1,0,0,0,0,"-","-","UNINCORPORATED","YUBA","CA",-121.55115,39.10128
"6777795",-121.5535228,39.1276746,2014,"5800","4","3","4","03",0,1,"B",,,,,,2100,12,"E","I","A","NORTH BEALE RD","REDBURN AV",250,"E","N","2015-02-12",9285,"2014-12-10",1841,"17080",,"2","9","0","2",,"1","041","-","N",,0,0,,,0,,,,"Y",1,"A","-",22350,,"N","B","H","-","D","D","0","Y","A","01",0,0,1,0,0,0,0,0,0,"-","-","UNINCORPORATED","YUBA","CA",-121.5535,39.12759
"6731826",-121.5505026,39.1025839,2014,"5800","4","1","4","12",0,1,"A",,,,,,1200,11,"D","C","A","RT 70","LINDHURST AV",5,"W","N","2016-06-23",9285,"2014-11-03",1122,"18632",,"1","9","0","2",,"1","022","-","Y","YUB",3,70,"-","R",9.892,"R","4","E","Y",2,"A","-",22450,"A","F","A","H","-","A","D","1","Y","A","07",0,0,1,0,0,0,0,0,0,"TO","-","UNINCORPORATED","YUBA","CA",-121.5565,39.11155
"6731818",-121.5504424,39.1025376,2014,"5800","3","1","4","08",0,1,"A",,,,,,1200,11,"E","I","A","RT 70","OLIVEHURST AV",528,"N","N","2016-06-23",9285,"2014-11-17",922,"18632",,"1","9","0","1",,"1","020","-","Y","YUB",3,70,"-","R",9.48,"H","-","E","Y",1,"A","-",22107,,"N","A","H","-","A","D","1","Y","A","01",0,0,1,0,0,0,0,0,0,"-","-","UNINCORPORATED","YUBA","CA",-121.55293,39.10508
"6731790",-121.5469532,39.0933551,2014,"5800","5","3","4","12",0,1,"C",,,,,,1500,11,"D","C","A","8TH AV","FLEMMING WY",0,,"Y","2015-01-22",9285,"2014-11-19",1457,"18636",,"2","9","0","3",,"1","002","-","N",,0,0,,,0,,,,"N",2,"A","-",22450,"A","N","B","H","-","A","A","0","Y","A","07",0,0,1,0,0,0,0,0,0,"-","-","UNINCORPORATED","YUBA","CA",-121.54693,39.09358
"6731786",-121.575273,39.1232102,2014,"5800","4","4","3","08",0,2,"A",,,,,,2400,11,"D","C","A","FEATHER RIVER BL","RT 70",23,"W","N","2016-06-23",9285,"2014-11-27",2355,"18291",,"3","9","0","2",,"2","021","-","Y","YUB",3,70,"-","R",11.264,"R","4","W","Y",2,"A","-",22107,,"N","A","H","-","C","D","1","Y","A","01",0,1,1,0,0,0,0,0,0,"-","-","UNINCORPORATED","YUBA","CA",-121.57722,39.12438
"6731614",-121.3890548,39.3264336,2014,"5800","3","4","4","18",0,2,"A",,,"Y",,,1200,11,"C","C","A","LOMA RICA RD","LONE TREE WY",853,"N","N","2015-01-26",9285,"2014-11-27",1000,"014480",,"1","9","0","2",,"1","061","-","N",,0,0,,,0,,,,"Y",2,"C","-",0,,"N","A","H","-","A","D","0","Y","-","-",0,0,2,0,0,0,0,0,1,"-","-","UNINCORPORATED","YUBA","CA",-121.38895,39.32674
"6725538",-121.5236532,39.1282251,2014,"5800","5","1","3","09",0,2,"A",,,"Y",,,1200,11,"D","C","A","GRIFFITH AV","NORTH BEALE RD",0,,"Y","2015-01-13",9285,"2014-11-10",1145,"17118",,"1","9","0","3",,"1","004","-","N",,0,0,,,0,,,,"Y",2,"A","-",21802,"A","N","A","H","-","A","A","0","Y","A","01",0,1,1,0,0,0,0,0,1,"-","-","UNINCORPORATED","YUBA","CA",-121.52365,39.1281
"6725537",-121.5614945,39.1274694,2014,"5800","4","2","3","05",0,1,"A",,"Y",,,,2100,11,"D","G","A","NORTH BEALE RD","LOWE AV",94,"W","N","2015-01-13",9285,"2014-11-04",1910,"17534",,"2","9","0","2",,"1","041","-","N",,0,0,,,0,,,,"N",2,"A","-",21650,"1","N","A","H","-","C","A","0","Y","L","04",0,1,0,0,0,0,1,0,0,"-","-","UNINCORPORATED","YUBA","CA",-121.5615,39.12758
"6725534",-121.3501075,39.1912471,2014,"5800","4","2","4","08",0,1,"A",,,,,,900,11,"F","A","A","HAMMONTON SMARTVILLE RD","DOOLITTLE DR",27984,"E","N","2016-02-18",9285,"2014-11-04",810,"18636",,"1","9","0","2",,"1","042","-","N",,0,0,,,0,,,,"Y",1,"A","-",22107,,"N","A","H","-","A","D","0","Y","A","07",0,0,1,0,0,0,0,0,0,"-","-","UNINCORPORATED","YUBA","CA",-121.34959,39.19138
"6720423",-121.583243,39.1487162,2014,"5801","0","2","4","09",0,1,"A",,,,,,900,10,"D","C","A","EAST 12TH ST","RUBEL ST",0,,"Y","2016-06-29",5801,"2014-10-28",817,"SAM3","5801","5","3","0","0",,"0",,"-","Y","YUB",3,20,"-","-",1.68,"I","5","W","Y",2,"A","-",21802,"A","F","A","H","-","A","D","0","Y","A","01",0,0,1,0,0,0,0,0,0,"-","-","MARYSVILLE","YUBA","CA",0,0
"6718508",-121.3782799,39.2936295,2014,"5800","3","7","1","03",1,1,"A",,,"Y",,,1200,7,"F","I","A","MARYSVILLE RD","PEORIA RD",2112,"S","N","2014-12-19",9285,"2014-07-13",1048,"19144",,"1","9","0","2",,"1","061","-","N",,0,0,,,0,,,,"Y",1,"A","-",22350,,"N","A","H","-","A","D","0","Y","C","02",1,0,0,0,0,0,0,1,1,"-","-","UNINCORPORATED","YUBA","CA",-121.37915,39.29285
"6714885",0,0,2014,"5802","0","5","4","04",0,1,"C",,,,,,2100,10,"C","C","A","RT 65","BEAR RIVER BRIDGE",0,,"Y","2016-06-21",5802,"2014-10-31",1811,"605",,"5","1","0","0",,"0",,"-","Y","YUB",3,65,"-","R",23.64,"H","-","N","N",2,"A","-",21703,,"N","B","H","-","D","D","0","Y","-",,0,0,1,0,0,0,0,0,0,"-","-","WHEATLAND","YUBA","CA",0,0
"6712234",-121.5236532,39.1282251,2014,"5800","4","4","4","09",0,1,"A",,,,,,900,10,"D","C","A","NORTH BEALE RD","GRIFFITH AV",0,,"Y","2015-01-08",9285,"2014-10-30",840,"018981",,"1","9","0","2",,"1","041","-","N",,0,0,,,0,,,,"Y",2,"A","-",21802,"A","N","A","H","-","A","D","0","Y","A","01",0,0,1,0,0,0,0,0,0,"-","-","UNINCORPORATED","YUBA","CA",-121.52369,39.12821
"6712226",-121.5851341,39.1293893,2014,"5800","3","5","4","03",0,1,"C",,,,,,1800,10,"C","C","A","RT 70","NORTH BEALE RD",250,"S","N","2016-06-23",9285,"2014-10-31",1557,"019144",,"2","9","0","1",,"1","020","-","Y","YUB",3,70,"-","-",13.42,"H","-","E","Y",3,"A","-",22350,,"N","B","H","-","A","D","4","Y","A","01",0,0,1,0,0,0,0,0,0,"-","-","UNINCORPORATED","YUBA","CA",-121.58301,39.12811
"6712181",-121.3660097,39.1926043,2014,"5800","4","7","4","08",0,1,"A",,,,,,1500,10,"F","A","A","HAMMONTON SMARTVILLE RD","SOUTH GOLDEN PKWY",15840,"W","N","2014-12-24",9285,"2014-10-26",1459,"014480",,"2","9","0","2",,"1","042","-","N",,0,0,,,0,,,,"Y",1,"A","-",22107,,"N","A","H","-","A","D","0","Y","A","07",0,0,1,0,0,0,0,0,0,"-","-","UNINCORPORATED","YUBA","CA",-121.3495,39.19151
"6712177",-121.568508,39.1235814,2014,"5800","5","7","4","07",0,2,"A",,,,,,1800,10,"B","C","A","LINDHURST AV","SCALES AV",450,"N","N","2014-12-24",9285,"2014-10-26",1515,"018981",,"2","9","0","3",,"1","004","-","N",,0,0,,,0,,,,"N",2,"A","-",21658,"A","N","A","H","-","A","D","0","Y","A","01",0,0,2,0,0,0,0,0,0,"-","-","UNINCORPORATED","YUBA","CA",-121.5679,39.12305
"6712173",0,0,2014,"5800","5","1","3","08",0,1,"B",,,,,,1800,10,"E","I","A","SIMPSON LN","SMARTVILLE RD",130,"N","N","2014-12-24",9285,"2014-10-20",1545,"015976",,"2","9","0","3",,"1","004","-","N",,0,0,,,0,,,,"Y",1,"A","-",22107,,"N","B","H","-","A","D","0","Y","A","07",0,1,0,0,0,0,0,0,0,"-","-","UNINCORPORATED","YUBA","CA",-121.55207,39.13481
"6712169",-121.4172662,39.1717504,2014,"5800","4","5","4","08",0,1,"E",,,,,,900,10,"E","I","A","HAMMONTON SMARTVILLE RD","DOOLITTLE DR",6336,"E","N","2014-12-24",9285,"2014-10-24",705,"019144",,"1","9","0","2",,"1","042","-","N",,0,0,,,0,,,,"Y",1,"A","-",22107,,"N","A","H","-","B","D","0","Y","A","01",0,0,1,0,0,0,0,0,0,"-","-","UNINCORPORATED","YUBA","CA",-121.4184,39.17138
"6711516",-121.5757932,39.125645,2014,"5800","4","5","4","09",0,1,"C",,,,,,1800,10,"D","C","A","FEATHER RIVER BL","NORTH BEALE RD",0,,"Y","2015-01-02",9285,"2014-10-31",1710,"015048",,"2","9","0","2",,"2","021","-","N",,0,0,,,0,,,,"Y",2,"A","-",21801,"A","N","B","H","-","A","A","0","Y","A","08",0,0,1,0,0,0,0,0,0,"-","-","UNINCORPORATED","YUBA","CA",-121.5758,39.12572
"6711475",-121.2035622,39.5040877,2014,"5800","4","3","3","03",0,1,"A",,,,"Y",,1500,10,"B","C","A","LA PORTE RD","OLD FORBESTOWN RD",3696,"W","N","2015-01-06",9285,"2014-10-22",1255,"17393",,"1","9","0","2",,"2","082","-","N",,0,0,,,0,,,,"Y",2,"A","-",22350,,"N","A","H","-","A","D","0","Y","G","24",0,1,0,0,0,0,0,0,0,"-","-","UNINCORPORATED","YUBA","CA",-121.20367,39.50393
"6702382",-121.5516032,39.095275,2014,"5800","4","4","4","10",0,1,"A","Y",,,,,900,10,"G","B","B","7TH AV","OLIVEHURST AV",0,,"Y","2014-12-03",9285,"2014-10-09",745,"019144",,"1","9","0","2",,"1","022","-","N",,0,0,,,0,,,,"N",2,"A","-",21950,"A","N","A","H","-","A","A","0","Y","A","08",0,0,1,0,1,0,0,0,0,"-","-","UNINCORPORATED","YUBA","CA",-121.55167,39.09527
"6702355",-121.5555304,39.1276165,2014,"5800","4","1","2","05",0,1,"A",,"Y",,,,2400,10,"D","G","A","NORTH BEALE RD","HAMMONTON SMARTVILLE RD",15,"E","N","2014-12-08",9285,"2014-10-06",2241,"18632",,"3","9","0","2",,"1","041","-","N",,0,0,,,0,,,,"N",2,"A","-",21650,"1","N","A","H","-","C","A","0","Y","L","04",1,0,0,0,0,0,1,0,0,"-","-","UNINCORPORATED","YUBA","CA",-121.55536,39.12752
"6702354",-121.4566932,39.0241151,2014,"5800","5","4","3","09",0,1,"A",,,,,,1800,10,"D","C","A","DAIRY RD","OAKLEY RD",0,,"Y","2015-02-12",9285,"2014-10-16",1735,"019144",,"2","9","0","3",,"1","002","-","N",,0,0,,,0,,,,"Y",3,"A","-",21802,"A","N","A","H","-","B","B","0","Y","A","07",0,1,0,0,0,0,0,0,0,"-","-","UNINCORPORATED","YUBA","CA",-121.45679,39.02425
"6702351",-121.5750935,39.0036623,2014,"5800","4","3","4","08",0,1,"A",,,,,,1500,10,"E","I","A","FEATHER RIVER BL","RT 70",21120,"W","N","2016-02-18",9285,"2014-10-08",1255,"15855",,"1","9","0","2",,"2","021","-","N",,0,0,,,0,,,,"Y",1,"A","-",22107,,"N","A","H","-","A","D","0","Y","A","01",0,0,1,0,0,0,0,0,0,"-","-","UNINCORPORATED","YUBA","CA",-121.57183,38.97823
"6702343",-121.347059,39.1932817,2014,"5800","4","7","2","01",0,1,"A",,,,,"Y",600,10,"E","I","A","HAMMONTON SMARTVILLE RD","SOUTH GOLDEN PKWY",9504,"W","N","2014-12-05",9285,"2014-10-05",330,"17534",,"3","9","0","2",,"1","042","-","N",,0,0,,,0,,,,"Y",1,"A","-",23152,"A","N","A","H","-","D","D","0","Y","A","01",1,0,0,0,0,0,0,0,0,"-","-","UNINCORPORATED","YUBA","CA",-121.362,39.194
"6702339",-121.5612619,39.1076115,2014,"5800","4","1","4","01",0,1,"A",,,,,"Y",1200,10,"C","C","A","ARBOGA RD","FURNEAUX RD",159,"N","N","2014-12-08",9285,"2014-10-06",1005,"15976",,"1","9","0","2",,"1","022","-","N",,0,0,,,0,,,,"Y",2,"A","-",23152,"A","N","A","H","-","A","D","0","Y","A","01",0,0,1,0,0,0,0,0,0,"-","-","UNINCORPORATED","YUBA","CA",-121.56127,39.10785
"6702335",-121.5747792,39.1229073,2014,"5800","3","3","3","08",0,1,"A",,,,,,1500,10,"E","I","A","RT 70","FEATHER RIVER BL",520,"S","N","2016-06-23",9285,"2014-10-08",1356,"19144",,"1","9","0","1",,"1","020","-","Y","YUB",3,70,"-","R",11.23,"H","-","W","Y",1,"A","-",22107,,"N","A","H","-","A","D","1","Y","A","07",0,1,0,0,0,0,0,0,0,"-","-","UNINCORPORATED","YUBA","CA",-121.57384,39.12227
"6702327",-121.5577079,39.2144687,2014,"5800","5","6","2","03",0,1,"A",,,,,,2100,10,"E","I","A","WOODRUFF LN","JACK SLOUGH RD",2,"E","N","2014-12-05",9285,"2014-10-04",2022,"17118",,"2","9","0","3",,"1","006","-","N",,0,0,,,0,,,,"Y",1,"A","-",22350,,"N","A","H","-","D","A","0","Y","A","01",1,0,0,0,0,0,0,0,0,"-","-","UNINCORPORATED","YUBA","CA",-121.55775,39.21441
"6697193",-121.5758105,39.1256481,2014,"5801","4","5","3","05",0,1,"A",,"Y",,,,1800,10,"D","G","A","NORTH BEALE RD","FEATHER RIVER BL",5,"N","N","2015-01-05",9285,"2014-10-03",1755,"017900",,"2","3","0","2",,"1","041","-","N",,0,0,,,0,,,,"N",2,"A","-",21650,"1","N","A","H","-","A","A","0","Y","L","04",0,1,0,0,0,0,1,0,0,"-","-","MARYSVILLE","YUBA","CA",-121.57582,39.12569
"6697181",0,0,2014,"5800","4","5","4","03",0,1,"A",,,,,,1800,10,"C","C","A","RT 65","PLACER COUNTY LINE",75,"N","N","2016-06-21",9285,"2014-10-24",1645,"019144",,"2","9","0","2",,"2","025","-","Y","PLA",3,65,"-","R",23.75,"H","-","N","Y",2,"A","-",22350,,"N","A","H","-","A","D","0","Y","A","07",0,0,1,0,0,0,0,0,0,"-","-","UNINCORPORATED","YUBA","CA",-121.40607,38.99969
"6695143",-121.5599733,39.163819,2014,"5801","0","4","3","09",0,1,"A",,"Y",,,,1800,11,"D","G","A","RT 20","NORTH LEVEE RD",0,,"Y","2016-06-29",5801,"2014-11-06",1647,"S1","MARYS","5","3","0","0",,"0",,"-","Y","YUB",3,20,"-","R",3.379,"I","5","E","N",2,"A","-",21802,"A","N","A","-","-","B","A","0","Y","L","04",0,1,0,0,0,0,1,0,0,"-","-","MARYSVILLE","YUBA","CA",0,0
"6694503",-121.5905461,39.1406812,2014,"5801","0","5","3","05",0,1,"A",,"Y",,,,1800,10,"D","G","A","E ST","5TH ST",0,,"Y","2016-06-23",5801,"2014-10-24",1653,"S 1","MPD","5","3","0","0",,"0",,"-","Y","YUB",3,70,"-","-",14.39,"H","-","E","N",3,"A","-",21650,"1","N","-","H","-","A","A","0","Y","L","04",0,1,0,0,0,0,1,0,0,"-","-","MARYSVILLE","YUBA","CA",0,0
"6691694",-121.5376798,39.2143277,2014,"5800","5","5","2","03",0,2,"A",,,"Y",,,1800,9,"H","A","A","WOODRUFF LN","KIMBALL LN",341,"E","N","2014-11-24",9285,"2014-09-19",1740,"017118",,"2","9","0","3",,"1","006","-","N",,0,0,,,0,,,,"Y",1,"A","-",22350,,"N","A","H","-","A","D","0","Y","C","06",2,0,0,0,0,0,0,0,2,"-","-","UNINCORPORATED","YUBA","CA",-121.53761,39.21428
"6691686",-121.5600333,39.1248508,2014,"5801","4","1","4","-",0,1,"A",,,"Y",,,2100,9,"D","C","A","HAMMONTON SMARTVILLE RD","LOWE AV",10,"W","N","2014-11-24",9285,"2014-09-29",1800,"017900",,"2","3","0","2",,"1","042","-","N",,0,0,,,0,,,,"N",2,"A","-",0,,"M","A","H","-","A","D","0","Y","C","02",0,0,1,0,0,0,0,0,0,"-","-","MARYSVILLE","YUBA","CA",-121.56046,39.12481
"6691513",-121.5608484,39.0928746,2014,"5800","4","5","4","03",0,1,"A",,,,,,1800,10,"C","C","A","ARBOGA RD","9TH AV",375,"N","N","2014-12-08",9285,"2014-10-10",1500,"018981",,"2","9","0","2",,"1","022","-","N",,0,0,,,0,,,,"N",2,"A","-",22350,,"N","A","H","-","A","D","0","Y","D","22",0,0,1,0,0,0,0,0,0,"-","-","UNINCORPORATED","YUBA","CA",0,0
"6691501",-121.25987,39.4763168,2014,"5800","4","1","3","03",0,1,"A",,,,"Y",,1200,9,"C","C","A","LA PORTE RD","NEW YORK HOUSE RD",6336,"N","N","2014-12-12",9285,"2014-09-15",1000,"014241",,"1","9","0","2",,"2","081","-","N",,0,0,,,0,,,,"Y",2,"A","-",22350,,"N","A","H","-","A","D","0","Y","A","07",0,1,0,0,0,0,0,0,0,"-","-","UNINCORPORATED","YUBA","CA",-121.13465,39.29163
"6691465",-121.2757348,39.360459,2014,"5800","5","2","3","01",0,1,"A",,,,,"Y",300,9,"E","I","A","FRENCHTOWN RD","BLUEBIRD WY",528,"N","N","2014-11-20",9285,"2014-09-23",1,"017190",,"3","9","0","3",,"1","008","-","N",,0,0,,,0,,,,"Y",1,"A","-",23152,"A","N","A","H","-","D","D","0","Y","D","22",0,1,0,0,0,0,0,0,0,"-","-","UNINCORPORATED","YUBA","CA",-121.26022,39.36612
"6691461",-121.5424098,39.0938656,2014,"5800","3","1","3","01",0,1,"A",,,,,"Y",2400,9,"E","I","A","RT 70","OLIVEHURST AV",3696,"S","N","2016-05-06",9285,"2014-09-22",2237,"018632",,"3","9","0","1",,"1","020","-","Y","YUB",3,70,"-","R",8.51,"H","-","W","Y",2,"A","-",23152,"A","N","A","H","-","C","D","1","Y","A","01",0,1,0,0,0,0,0,0,0,"-","-","UNINCORPORATED","YUBA","CA",-121.54377,39.09622
"6690705",-121.5867986,39.1462624,2014,"5801","0","3","4","09",0,1,"A",,,,,,1800,10,"A","C","A","H ST","10TH ST",0,,"Y","2016-06-29",5801,"2014-10-29",1550,"S1","MARYS","5","3","0","0",,"0",,"-","Y","YUB",3,20,"-","-",1.32,"I","5","W","Y",2,"A","-",21801,"A","N","A","G","H","-","A","0","Y","A","01",0,0,1,0,0,0,0,0,0,"-","-","MARYSVILLE","YUBA","CA",0,0
"6686549",-121.5996946,39.1449449,2014,"5801","0","4","4","03",0,1,"A",,,,,,1800,10,"B","C","A","RT 20","I ST",620,"W","N","2016-06-29",5801,"2014-10-09",1516,"303","MARYS","5","3","0","0",,"0",,"-","Y","YUB",3,20,"-","-",0.46,"H","-","E","Y",4,"A","-",22350,,"N","A","H","-","A","A","0","Y","D","22",0,0,1,0,0,0,0,0,0,"-","-","MARYSVILLE","YUBA","CA",0,0
"6686387",-121.5150592,39.0306734,2014,"5800","5","4","3","07",0,2,"A",,,,,"Y",2400,10,"D","C","A","FORTY MILE RD","PLUMAS ARBOGA RD",1500,"N","N","2014-12-08",9285,"2014-10-16",2230,"18291",,"3","9","0","3",,"1","002","-","N",,0,0,,,0,,,,"Y",2,"A","-",21658,"A","N","A","H","-","C","D","0","Y","D","22",0,1,1,0,0,0,0,0,0,"-","-","UNINCORPORATED","YUBA","CA",-121.51506,39.03571
"6686383",-121.447962,39.0242344,2014,"5800","4","5","4","03",0,2,"A",,,,,,1500,10,"C","C","A","RT 65","DAIRY RD",1100,"S","N","2016-06-21",9285,"2014-10-24",1345,"18981",,"1","9","0","2",,"2","025","-","Y","YUB",3,65,"-","-",2.39,"H","-","N","Y",2,"A","-",22350,,"N","A","H","-","A","D","1","Y","D","22",0,0,2,0,0,0,0,0,0,"-","-","UNINCORPORATED","YUBA","CA",-121.44765,39.02411
"6686332",-121.5764816,39.1257641,2014,"5800","4","2","3","03",0,2,"A",,,,,,1500,10,"C","C","A","NORTH BEALE RD","FEATHER RIVER BL",200,"W","N","2014-12-08",9285,"2014-10-21",1245,"14793",,"1","9","0","2",,"1","041","-","N",,0,0,,,0,,,,"Y",4,"A","-",22350,,"N","A","H","-","A","A","0","Y","D","22",0,1,1,0,0,0,0,0,0,"-","-","UNINCORPORATED","YUBA","CA",-121.57675,39.12578
"6680226",-121.5919833,39.150275,2014,"5801","0","1","4","03",0,1,"B",,,,,,1500,10,"C","C","A","E ST","14TH ST",0,,"Y","2015-01-07",5801,"2014-10-20",1355,"311",,"5","3","0","0",,"0",,"C","N",,0,0,,,0,,,,"Y",2,"A","-",22350,,"N","B","H","-","A","A","0","Y","A","01",0,0,1,0,0,0,0,0,0,"-","-","MARYSVILLE","YUBA","CA",0,0
"6670922",-121.5920948,39.140086,2014,"5801","0","1","4","03",0,1,"A",,,,,,1500,9,"C","C","A","F ST","5TH ST",4,"N","N","2014-11-10",5801,"2014-09-29",1235,"316","YUBAS","5","3","0","0",,"0","5801","-","N",,0,0,,,0,,,,"N",2,"A","-",22350,,"N","A","H","-","A","A","0","Y","D","22",0,0,1,0,0,0,0,0,0,"-","-","MARYSVILLE","YUBA","CA",0,0
"6650958",0,0,2014,"5800","5","5","4","08",0,1,"A",,,,,,1800,9,"E","I","A","CHUCK YEAGER RD","LORETTA LN",200,"N","N","2014-10-09",9285,"2014-09-05",1650,"14793",,"2","9","0","3",,"1","006","-","N",,0,0,,,0,,,,"Y",1,"A","-",22107,,"N","A","H","-","A","D","0","Y","A","01",0,0,1,0,0,0,0,0,0,"-","-","UNINCORPORATED","YUBA","CA",-121.30504,39.18006
"6650954",-121.5855316,39.1296215,2014,"5800","3","4","4","03",0,1,"A",,,,,,1200,9,"C","C","A","RT 70","E ST BRIDGE",150,"S","N","2016-05-06",9285,"2014-09-04",1045,"15855",,"1","9","0","1",,"1","020","-","Y","YUB",3,70,"-","-",13.45,"H","-","E","Y",2,"A","-",22350,,"N","A","H","-","A","D","4","Y","A","01",0,0,1,0,0,0,0,0,0,"-","-","UNINCORPORATED","YUBA","CA",-121.58286,39.12831
"6650950",-121.5433352,39.0473303,2014,"5800","3","1","3","08",0,1,"A",,,,,,1500,9,"F","A","A","RT 70","MCGOWAN PKWY",7920,"S","N","2016-05-06",9285,"2014-09-08",1428,"15976",,"2","9","0","1",,"1","020","-","Y","YUB",3,70,"-","R",5.45,"H","-","W","Y",1,"A","-",22107,,"N","A","H","-","A","D","0","Y","A","01",0,1,0,0,0,0,0,0,0,"-","-","UNINCORPORATED","YUBA","CA",-121.54326,39.04987
"6650905",-121.5510931,39.101405,2014,"5800","4","4","4","09",0,1,"C",,,,,,900,9,"D","C","A","OLIVEHURST AV","POWERLINE RD",0,,"Y","2014-10-09",9285,"2014-09-25",746,"17100",,"1","9","0","2",,"1","022","-","N",,0,0,,,0,,,,"Y",2,"A","-",21804,"A","N","B","H","-","B","A","0","Y","A","01",0,0,1,0,0,0,0,0,0,"-","-","UNINCORPORATED","YUBA","CA",-121.55097,39.10149
"6650901",-121.5504804,39.1025668,2014,"5800","3","4","3","04",0,2,"C",,,,,,900,9,"C","C","A","RT 70","ERLE RD",2200,"S","N","2016-05-06",9285,"2014-09-25",755,"15491",,"1","9","0","1",,"1","020","-","Y","YUB",3,70,"-","R",9.74,"H","-","E","Y",2,"A","-",21703,,"N","B","H","-","A","D","1","Y","A","07",0,1,1,0,0,0,0,0,0,"-","-","UNINCORPORATED","YUBA","CA",-121.55523,39.10816
"6650893",-121.550514,39.1025927,2014,"5800","3","4","4","03",0,3,"C",,,,,,900,9,"C","C","A","RT 70","ERLE RD",1000,"S","N","2016-05-06",9285,"2014-09-25",745,"18291",,"1","9","0","1",,"1","020","-","Y","YUB",3,70,"-","R",9.97,"H","-","E","Y",2,"A","-",22350,,"N","B","H","-","A","D","1","Y","A","01",0,0,3,0,0,0,0,0,0,"-","-","UNINCORPORATED","YUBA","CA",-121.57022,39.12045
"6650889",-121.3341258,39.2193648,2014,"5800","4","5","2","18",0,1,"A",,,"Y",,,600,9,"E","H","A","RT 20","TIMBUCTOO RD",227,"W","N","2016-04-25",9285,"2014-09-12",340,"18522",,"3","9","0","1",,"1","062","-","Y","YUB",3,20,"-","R",18.15,"H","-","W","Y",1,"C","-",0,,"N","A","H","-","D","D","0","Y","-","-",1,0,0,0,0,0,0,0,1,"-","-","UNINCORPORATED","YUBA","CA",-121.31063,39.21052
"6644183",-121.5932232,39.1479051,2014,"5801","0","6","3","09",0,1,"A",,,,,,900,9,"D","C","A","12TH ST","F ST",0,,"Y","2014-10-08",5801,"2014-09-13",715,,,"5","3","0","0",,"0",,"-","N",,0,0,,,0,,,,"Y",2,"A","-",21802,"A","N","A","H","-","A","A","0","Y","A","07",0,1,0,0,0,0,0,0,0,"-","-","MARYSVILLE","YUBA","CA",-121.59322,39.1479
"6643837",-121.5949186,39.2926212,2014,"5800","3","1","4","03",0,2,"A",,,,,,600,11,"C","C","A","RT 70","CHANDLER DR",528,"S","N","2016-06-23",9285,"2014-11-03",524,"018286",,"3","9","0","1",,"1","060","-","Y","YUB",3,70,"-","-",24.7,"H","-","E","Y",3,"A","-",22350,,"M","A","H","-","D","D","0","Y","-","99",0,0,2,0,0,0,0,0,0,"-","-","UNINCORPORATED","YUBA","CA",-121.59477,39.29055
"6643757",0,0,2014,"5800","5","4","3","09",0,1,"A",,,,,,900,11,"D","C","A","RIVER OAKS BL","DARK HORSE WY",0,,"Y","2015-01-16",9285,"2014-11-06",755,"016343",,"1","9","0","3",,"1","002","-","N",,0,0,,,0,,,,"Y",2,"A","-",21802,"A","N","A","H","-","A","A","0","Y","D","22",0,1,0,0,0,0,0,0,0,"-","-","UNINCORPORATED","YUBA","CA",-121.55344,39.00607