"CASEID","POINT_X","POINT_Y","YEAR_","LOCATION","CHPTYPE","DAYWEEK","CRASHSEV","VIOLCAT","KILLED","INJURED","WEATHER1","PEDCOL","BICCOL","MCCOL","TRUCKCOL","ETOH","TIMECAT","MONTH_","CRASHTYP","INVOLVE","PED","PRIMARYRD","SECONDRD","DISTANCE","DIRECT","INTERSECT_","PROCDATE","JURIS","DATE_","TIME_","BADGE","JURIDIST","SHIFT","POP","SPECIAL","BEATTYPE","LAPDDIV","BEATCLAS","BEATNUMB","WEATHER2","STATEHW","CALTRANC","CALTRAND","STROUTE","ROUTESUF","POSTPRE","POSTMILE","LOCATYPE","RAMP","SIDEHW","TOWAWAY","PARTIES","PCF","VIOLCODE","VIOL","VIOLSUB","HITRUN","ROADSURF","RDCOND1","RDCOND2","LIGHTING","RIGHTWAY","CHPRDTYP","NOTPRIV","STFAULT","CHPFAULT","SEVINJ","OTHERINJ","COP","PEDKILL","PEDINJ","BICKILL","BICINJ","MCKILL","MCINJURE","RAMP1","RAMP2","CITY","COUNTY","STATE","X_CHP","Y_CHP"
"6641518",-121.5727693,39.176789,2014,"5800","5","6","3","08",0,2,"A",,,,,,2500,9,"F","A","A","JACK SLOUGH RD","KIMBALL LN",1056,"S","N","2014-10-15",9285,"2014-09-06",2500,"019168",,"4","9","0","3",,"1","006","-","N",,0,0,,,0,,,,"Y",1,"A","-",22107,,"N","A","H","-","A","D","0","Y","D","22",0,2,0,0,0,0,0,0,0,"-","-","UNINCORPORATED","YUBA","CA",-121.57379,39.17651
"6641510",-121.5624332,39.1156452,2014,"5800","3","2","3","03",0,1,"A",,,,"Y",,1200,8,"C","C","A","RT 70","ERLE RD",2640,"N","N","2016-05-06",9285,"2014-08-26",928,"015976",,"1","9","0","1",,"1","020","-","Y","YUB",3,70,"-","R",10.66,"H","-","E","Y",2,"A","-",22350,,"N","A","H","-","A","D","1","Y","A","01",0,1,0,0,0,0,0,0,0,"-","-","UNINCORPORATED","YUBA","CA",-121.56607,39.11793
"6641494",-121.4573711,38.9980587,2014,"5800","5","5","3","01",0,1,"A",,,,,"Y",2400,9,"E","I","A","WHEATLAND RD","OAKLEY LN",4752,"W","N","2014-10-15",9285,"2014-09-12",2310,"18286",,"3","9","0","3",,"1","002","-","N",,0,0,,,0,,,,"Y",1,"A","-",23152,"A","N","A","H","-","D","D","0","Y","D","22",0,1,0,0,0,0,0,0,0,"-","-","UNINCORPORATED","YUBA","CA",-121.45668,38.99823
"6641034",-121.5631239,39.2043227,2014,"5800","5","7","3","08",0,1,"A",,,,,,1800,9,"E","I","A","JACK SLOUGH RD","WOODRUFF LN",4000,"S","N","2014-10-17",9285,"2014-09-14",1525,"18291",,"2","9","0","3",,"1","006","-","N",,0,0,,,0,,,,"Y",1,"A","-",22107,,"N","A","H","-","A","D","0","Y","D","22",0,1,0,0,0,0,0,0,0,"-","-","UNINCORPORATED","YUBA","CA",-121.55857,39.21305
"6641005",-121.5701405,38.9762206,2014,"5800","4","1","4","-",0,1,"A",,,,"Y",,1500,9,"F","A","A","FEATHER RIVER BL","ALGODON RD",12144,"S","N","2014-11-10",9285,"2014-09-22",1335,"015976",,"1","9","0","2",,"2","021","-","N",,0,0,,,0,,,,"Y",1,"A","-",0,,"N","A","H","-","A","D","0","Y","G","25",0,0,1,0,0,0,0,0,0,"-","-","UNINCORPORATED","YUBA","CA",-121.5745,38.97851
"6641001",-121.5428527,39.0772888,2014,"5800","4","4","2","12",0,1,"A",,"Y",,,,1800,9,"D","G","A","POWERLINE RD","MCGOWAN PKWY",5,"N","N","2014-10-16",9285,"2014-09-04",1516,"018291",,"2","9","0","2",,"1","022","-","N",,0,0,,,0,,,,"N",2,"A","-",22450,"A","N","A","H","-","A","A","0","Y","L","04",1,0,0,0,0,0,1,0,0,"-","-","UNINCORPORATED","YUBA","CA",-121.54278,39.07747
"6640969",-121.3665561,39.3155884,2014,"5800","3","3","2","01",0,1,"A",,,,,"Y",300,9,"E","I","A","MARYSVILLE RD","SCOTT GRANT RD",934,"N","N","2014-10-15",9285,"2014-09-17",32,"17080",,"3","9","0","2",,"1","061","-","N",,0,0,,,0,,,,"Y",1,"A","-",23152,"A","N","A","H","-","D","D","0","Y","D","22",1,0,0,0,0,0,0,0,0,"-","-","UNINCORPORATED","YUBA","CA",-121.36654,39.3157
"6630083",-121.5928532,39.1455952,2014,"5801","0","3","4","10",0,1,"A","Y",,,,,1800,9,"G","B","B","10TH ST","F ST",0,,"Y","2016-04-25",5801,"2014-09-10",1532,"S1","MARYS","5","3","0","0",,"0",,"-","Y","YUB",3,20,"-","-",0.84,"I","5","E","N",2,"A","-",21950,"A","N","A","H","-","A","A","0","Y","D","22",0,0,1,0,1,0,0,0,0,"-","-","MARYSVILLE","YUBA","CA",0,0
"6629845",-121.5927173,39.1445144,2014,"5801","0","3","3","10",0,1,"A","Y",,,,"Y",2100,8,"G","B","B","9TH ST","F ST",4,"W","N","2014-10-02",5801,"2014-08-27",1910,"305","YUBA","5","3","0","0",,"0",,"-","N",,0,0,,,0,,,,"N",2,"A","-",21950,"A","N","A","H","-","A","A","0","Y","A","01",0,1,0,0,1,0,0,0,0,"-","-","MARYSVILLE","YUBA","CA",0,0
"6629725",-121.5768531,39.160355,2014,"5801","0","3","4","03",0,2,"A",,,,,,900,9,"C","C","A","EAST 22ND ST","AHERN ST",0,,"Y","2014-10-13",5801,"2014-09-17",711,"303",,"5","3","0","0",,"0",,"-","N",,0,0,,,0,,,,"Y",2,"A","-",22350,,"N","A","H","-","A","D","0","Y","A","01",0,0,2,0,0,0,0,0,0,"-","-","MARYSVILLE","YUBA","CA",0,0
"6629063",-121.5555832,39.127615,2014,"5800","4","5","4","00",0,2,"A",,,,,,900,8,"D","C","A","NORTH BEALE RD","HAMMONTON SMARTVILLE RD",0,,"Y","2014-09-29",9285,"2014-08-22",740,"014825",,"1","9","0","2",,"1","042","-","N",,0,0,,,0,,,,"Y",2,"D","-",0,,"N","A","H","-","A","A","0","Y","-","-",0,0,2,0,0,0,0,0,0,"-","-","UNINCORPORATED","YUBA","CA",-121.55573,39.12748
"6629059",-121.5338071,39.1423001,2014,"5800","5","6","2","01",0,1,"A",,,,,"Y",900,8,"F","A","A","SIMPSON DANTONI RD","DANTONI RD",275,"W","N","2014-09-29",9285,"2014-08-16",717,"014480",,"1","9","0","3",,"1","004","-","N",,0,0,,,0,,,,"N",1,"A","-",23152,"A","N","A","H","-","A","D","0","Y","A","01",1,0,0,0,0,0,0,0,0,"-","-","UNINCORPORATED","YUBA","CA",-121.53447,39.14176
"6629051",-121.5522928,39.106472,2014,"5800","4","4","3","18",0,1,"A",,,,,,2400,8,"H","A","A","LINDHURST AV","TULIP RD",525,"N","N","2014-09-29",9285,"2014-08-14",2335,"018286",,"3","9","0","2",,"1","022","-","N",,0,0,,,0,,,,"N",1,"C","-",0,,"N","A","H","-","C","D","0","Y","-","-",0,1,0,0,0,0,0,0,0,"-","-","UNINCORPORATED","YUBA","CA",-121.55301,39.10753
"6627997",-121.4670326,39.0433659,2014,"5800","5","3","4","08",0,1,"A",,,,,,1800,8,"E","I","A","SOUTH BEALE RD","BRADSHAW RD",5280,"E","N","2015-05-05",9285,"2014-08-27",1622,"19144",,"2","9","0","3",,"1","002","-","N",,0,0,,,0,,,,"Y",1,"A","-",22107,,"N","A","H","-","A","D","0","Y","A","01",0,0,1,0,0,0,0,0,0,"-","-","UNINCORPORATED","YUBA","CA",-121.45452,39.05211
"6616756",-121.5696887,39.1198038,2014,"5800","3","6","3","07",0,2,"A",,,,,,2400,8,"B","C","A","RT 70","FEATHER RIVER BL",2640,"S","N","2016-05-06",9285,"2014-08-02",2240,"018286",,"3","9","0","1",,"1","020","-","Y","YUB",3,70,"-","R",10.88,"H","-","W","Y",2,"A","-",21658,"A","N","A","H","-","D","D","1","Y","-","-",0,2,0,0,0,0,0,0,0,"-","-","UNINCORPORATED","YUBA","CA",-121.56922,39.11957
"6616755",-121.5458333,39.0983289,2014,"5800","5","7","2","01",0,4,"A",,,,,"Y",600,8,"E","I","A","POWERLINE RD","TURPEN ST",720,"N","N","2014-09-15",9285,"2014-08-17",330,"017534",,"3","9","0","3",,"1","002","-","N",,0,0,,,0,,,,"Y",1,"A","-",23152,"A","F","A","H","-","D","D","0","Y","A","01",1,3,0,0,0,0,0,0,0,"-","-","UNINCORPORATED","YUBA","CA",-121.37497,39.05592
"6616754",-121.5757932,39.125645,2014,"5800","4","7","2","05",0,1,"A",,"Y",,,"Y",2100,8,"D","G","A","NORTH BEALE RD","FEATHER RIVER BL",0,,"Y","2014-09-15",9285,"2014-08-10",2050,"018981",,"2","9","0","2",,"1","041","-","N",,0,0,,,0,,,,"Y",2,"A","-",21650,"1","N","A","H","-","C","A","0","Y","L","04",1,0,0,0,0,0,1,0,0,"-","-","UNINCORPORATED","YUBA","CA",-121.57577,39.12568
"6616753",-121.5906893,39.1751525,2014,"5800","3","1","4","03",0,1,"A",,,,,,1800,8,"F","A","A","RT 70","LAURELLEN RD",2112,"N","N","2016-05-06",9285,"2014-08-18",1615,"014241",,"2","9","0","1",,"1","060","-","Y","YUB",3,70,"-","-",16.58,"H","-","W","Y",1,"A","-",22350,,"N","A","H","-","A","D","0","Y","A","01",0,0,1,0,0,0,0,0,0,"-","-","UNINCORPORATED","YUBA","CA",-121.59083,39.17522
"6616752",-121.5990744,39.252286,2014,"5800","4","3","4","03",0,1,"A",,,,,,2400,8,"C","C","A","RT 70","BOYER RD",2640,"S","N","2016-05-06",9285,"2014-08-20",2143,"019168",,"2","9","0","1",,"1","062","-","Y","YUB",3,70,"-","-",21.93,"H","-","E","Y",2,"A","-",22350,,"N","A","H","-","D","D","0","Y","A","01",0,0,1,0,0,0,0,0,0,"-","-","UNINCORPORATED","YUBA","CA",-121.59931,39.24861
"6616750",-121.5421896,39.0935386,2014,"5800","4","3","3","01",0,1,"A",,,,,"Y",900,8,"E","I","A","RT 65","MCGOWAN PKWY",3960,"N","N","2016-05-04",9285,"2014-08-27",813,"015976",,"1","9","0","2",,"2","025","-","Y","YUB",3,65,"-","R",9.13,"H","-","S","Y",1,"A","-",23152,"A","N","A","H","-","A","D","1","Y","A","01",0,1,0,0,0,0,0,0,0,"-","-","UNINCORPORATED","YUBA","CA",-121.5108,39.09173
"6616657",-121.5631531,39.1601451,2014,"5801","0","3","4","03",0,1,"A","Y",,,,,1500,8,"G","B","D","HOBART DR","GLEN ST",0,,"Y","2014-09-24",5801,"2014-08-27",1407,"304","5801","5","3","0","0",,"0",,"-","N",,0,0,,,0,,,,"N",2,"A","-",22350,,"F","A","H","-","A","D","0","Y","-","-",0,0,1,0,1,0,0,0,0,"-","-","MARYSVILLE","YUBA","CA",0,0
"6616593",-121.5696356,39.1548674,2014,"5801","0","4","4","03",0,1,"A",,,"Y",,,900,8,"C","C","A","RT 20","EAST 17TH ST",0,,"Y","2016-05-06",5801,"2014-08-28",756,"303",,"5","3","0","0",,"0",,"-","Y","YUB",3,20,"-","R",2.6,"H","-","W","N",2,"A","-",22350,,"N","A","H","-","A","D","0","Y","C","02",0,0,1,0,0,0,0,0,1,"-","-","MARYSVILLE","YUBA","CA",0,0
"6616582",-121.4507372,39.0261763,2014,"5800","4","5","4","03",0,2,"A",,,,,,2100,8,"C","C","A","RT 65","DAIRY RD",45,"S","N","2016-05-04",9285,"2014-08-15",1800,"017118",,"2","9","0","2",,"2","025","-","Y","YUB",3,65,"-","-",2.59,"H","-","S","Y",3,"A","-",22350,,"N","A","H","-","A","D","1","Y","D","22",0,0,2,0,0,0,0,0,0,"-","-","UNINCORPORATED","YUBA","CA",-121.45057,39.02601
"6616579",-121.5788732,39.0824049,2014,"5800","4","5","3","08",0,1,"A",,,,,,600,8,"E","I","A","FEATHER RIVER BL","MURPHY RD",2112,"N","N","2014-09-22",9285,"2014-08-08",455,"018522",,"3","9","0","2",,"2","021","-","N",,0,0,,,0,,,,"Y",1,"A","-",22107,,"N","A","H","-","D","D","0","Y","D","22",0,1,0,0,0,0,0,0,0,"-","-","UNINCORPORATED","YUBA","CA",-121.57885,39.08196
"6616576",-121.5997813,39.2430798,2014,"5800","3","2","3","06",0,4,"A",,,,"Y",,1200,8,"B","C","A","RT 70","MAGNOLIA RD",2112,"N","N","2016-05-06",9285,"2014-08-12",935,"014241",,"1","9","0","1",,"1","060","-","Y","YUB",3,70,"-","-",21.3,"H","-","W","Y",2,"A","-",21750,,"N","A","H","-","A","D","0","Y","D","22",0,3,1,0,0,0,0,0,0,"-","-","UNINCORPORATED","YUBA","CA",-121.59996,39.24161
"6616207",0,0,2014,"5800","3","3","4","03",0,2,"A",,,,,,600,8,"C","C","A","RT 70","BUTTE CO LINE",67,"S","N","2016-05-06",9285,"2014-08-20",540,"15976",,"3","9","0","1",,"1","060","-","Y","YUB",3,70,"-","R",25.81,"H","-","W","Y",3,"A","-",22350,,"N","A","H","-","B","D","0","Y","A","01",0,0,2,0,0,0,0,0,0,"-","-","UNINCORPORATED","YUBA","CA",-121.59615,39.32093
"6616204",-121.5590281,39.1658828,2014,"5800","4","4","3","08",0,1,"A",,,,,,1200,8,"E","I","A","RT 20","LEVEE RD",528,"E","N","2016-04-25",9285,"2014-08-21",913,"014480",,"1","9","0","1",,"1","062","-","Y","YUB",3,20,"-","R",3.53,"H","-","W","Y",1,"A","-",22107,,"N","A","H","-","A","D","0","Y","E","22",0,1,0,0,0,0,0,0,0,"-","-","UNINCORPORATED","YUBA","CA",-121.55942,39.16543
"6616172",-121.6012687,39.2217356,2014,"5800","3","4","2","08",0,1,"A",,,,,,1800,8,"F","A","A","RT 70","WOODRUFF LN",528,"N","N","2016-05-06",9285,"2014-08-21",1524,"014480",,"2","9","0","1",,"1","060","-","Y","YUB",3,70,"-","-",19.84,"H","-","E","Y",1,"A","-",22107,,"N","A","H","-","A","D","0","Y","D","22",1,0,0,0,0,0,0,0,0,"-","-","UNINCORPORATED","YUBA","CA",-121.601,39.22304
"6616168",-121.3240132,39.3629773,2014,"5800","4","7","3","18",0,1,"A",,,,"Y",,2100,8,"H","A","A","WILLOW GLEN RD","MARYSVILLE RD",100,"N","N","2016-01-15",9285,"2014-08-17",1815,"17393",,"2","9","0","2",,"2","081","-","N",,0,0,,,0,,,,"Y",1,"C","-",0,,"N","A","H","-","A","D","0","Y","-","-",0,1,0,0,0,0,0,0,0,"-","-","UNINCORPORATED","YUBA","CA",-121.32287,39.32787
"6613176",-121.5981232,39.1396151,2014,"5801","0","1","4","03",0,3,"A",,,,,,1500,8,"C","C","A","5TH ST","J ST",0,,"Y","2014-10-07",5801,"2014-08-25",1326,"311","MARYS","5","3","0","0",,"0",,"-","N",,0,0,,,0,,,,"N",2,"A","-",22350,,"N","A","H","-","A","A","0","Y","D","22",0,0,3,0,0,0,0,0,0,"-","-","MARYSVILLE","YUBA","CA",0,0
"6608470",-121.4247962,39.0093591,2014,"5802","0","4","4","09",0,1,"A",,,,,,300,8,"A","D","A","RT 65","4TH ST",0,,"Y","2016-05-03",5802,"2014-08-14",115,"607",,"5","1","0","0",,"0",,"-","Y","YUB",3,65,"-","-",0.765,"I","5","S","Y",2,"A","-",21802,"A","N","A","H","-","C","D","0","Y","A","01",0,0,1,0,0,0,0,0,0,"-","-","WHEATLAND","YUBA","CA",0,0
"6606181",0,0,2014,"5800","4","6","1","03",1,0,"A",,,"Y",,,1500,6,"E","I","A","MARYSVILLE RD","BULLARDS BAR DAM",60,"E","N","2014-09-25",9285,"2014-06-21",1200,"17393",,"1","9","0","2",,"2","081","-","N",,0,0,,,0,,,,"Y",1,"A","-",22350,,"N","A","H","-","A","D","0","Y","C","02",0,0,0,0,0,0,0,1,0,"-","-","UNINCORPORATED","YUBA","CA",-121.14604,39.39327
"6606101",0,0,2014,"5800","5","6","1","03",1,0,"A",,,,,,1200,5,"E","I","A","FRENCHTOWN RD","DRY CREEK BR",389,"S","N","2014-09-19",9285,"2014-05-24",1050,"17393",,"1","9","0","3",,"1","008","-","N",,0,0,,,0,,,,"Y",1,"A","-",22350,,"N","A","H","-","A","D","0","Y","A","07",0,0,0,0,0,0,0,0,0,"-","-","UNINCORPORATED","YUBA","CA",-121.2579,39.38182
"6602746",-121.5877708,39.1531996,2014,"5801","0","3","4","03",0,1,"A",,,,,,1800,8,"C","C","A","B ST","17TH ST",193,"S","N","2016-04-25",5801,"2014-08-13",1506,"303",,"5","3","0","0",,"0",,"-","Y","YUB",3,70,"-","-",15.04,"H","-","E","Y",3,"A","-",22350,,"N","A","H","-","A","D","0","Y","A","07",0,0,1,0,0,0,0,0,0,"-","-","MARYSVILLE","YUBA","CA",0,0
"6588334",-121.5795706,39.1019035,2014,"5800","4","5","4","01",0,1,"A",,,,,,1800,7,"E","I","A","FEATHER RIVER BL","VIRGINIA AV",260,"S","N","2014-08-29",9285,"2014-07-25",1610,"18286",,"2","9","0","2",,"2","021","-","N",,0,0,,,0,,,,"Y",1,"A","-",23152,"A","N","A","H","-","A","D","0","Y","A","01",0,0,1,0,0,0,0,0,0,"-","-","UNINCORPORATED","YUBA","CA",-121.57968,39.10235
"6588330",-121.5151405,39.0460768,2014,"5800","5","5","4","07",0,1,"A",,,,,,2400,7,"B","C","A","FORTY MILE RD","RT 65",6864,"W","N","2014-09-03",9285,"2014-07-25",2324,"18522",,"3","9","0","3",,"1","002","-","N",,0,0,,,0,,,,"N",2,"A","-",21658,"A","N","A","G","-","D","D","0","Y","A","07",0,0,1,0,0,0,0,0,0,"-","-","UNINCORPORATED","YUBA","CA",-121.5151,39.04512
"6588326",-121.5650287,39.1169732,2014,"5800","3","4","4","08",0,2,"A",,,,,,2400,7,"E","I","A","RT 70","ERLE RD",2640,"N","N","2016-05-06",9285,"2014-07-31",2325,"17534",,"3","9","0","1",,"1","020","-","Y","YUB",3,70,"-","R",10.56,"H","-","W","Y",1,"A","-",22107,,"N","A","H","-","D","D","1","Y","A","01",0,0,2,0,0,0,0,0,0,"-","-","UNINCORPORATED","YUBA","CA",-121.57006,39.11999
"6588322",-121.5644567,39.1188504,2014,"5800","5","2","2","00",0,1,"A","Y",,,,,2100,7,"G","B","E","BINGHAM AV","LINDHURST AV",440,"W","N","2014-09-03",9285,"2014-07-22",1818,"18981",,"2","9","0","3",,"1","004","-","N",,0,0,,,0,,,,"N",2,"D","-",0,,"N","A","H","-","A","D","0","Y","-","-",1,0,0,0,1,0,0,0,0,"-","-","UNINCORPORATED","YUBA","CA",-121.56445,39.11886
"6588115",-121.5560547,39.1110681,2014,"5800","4","2","3","08",0,1,"B",,"Y",,,,1200,8,"D","G","A","LINDHURST AV","ERLE RD",1056,"S","N","2014-09-04",9285,"2014-08-05",1115,"014241",,"1","9","0","2",,"1","022","-","N",,0,0,,,0,,,,"N",2,"A","-",22107,,"F","A","H","-","A","D","0","Y","A","08",0,1,0,0,0,0,1,0,0,"-","-","UNINCORPORATED","YUBA","CA",-121.55676,39.11166
"6588107",-121.3006961,39.2048141,2014,"5800","4","3","4","03",0,1,"C",,,,,,300,8,"E","J","A","RT 20","MCGANNEY LN",1056,"W","N","2016-04-25",9285,"2014-08-06",225,"018632",,"3","9","0","1",,"1","062","-","Y","YUB",3,20,"-","-",20.42,"H","-","E","Y",1,"A","-",22350,,"N","B","H","-","D","D","0","Y","A","07",0,0,1,0,0,0,0,0,0,"-","-","UNINCORPORATED","YUBA","CA",-121.30212,39.20502
"6582072",-121.5650632,39.077495,2014,"5800","5","3","4","05",0,2,"A",,,,,"Y",2100,8,"D","C","A","BUTTERCUP LN","SUNNY RD",0,,"Y","2014-09-16",9285,"2014-08-20",1910,"018107",,"2","9","0","3",,"1","002","-","N",,0,0,,,0,,,,"Y",2,"A","-",21650,,"N","A","H","-","A","D","0","Y","D","22",0,0,2,0,0,0,0,0,0,"-","-","UNINCORPORATED","YUBA","CA",-121.56515,39.07755
"6582068",-121.4716232,39.0406752,2014,"5800","4","4","4","21",0,1,"A",,,,,,1200,8,"D","C","A","RT 65","S BEALE RD",0,,"Y","2016-05-04",9285,"2014-08-21",935,"014825",,"1","9","0","2",,"2","025","-","Y","YUB",3,65,"-","-",4.099,"I","5","N","N",2,"A","-",22106,,"N","A","H","-","A","D","1","Y","D","22",0,0,1,0,0,0,0,0,0,"-","-","UNINCORPORATED","YUBA","CA",-121.47152,39.04086
"6581736",-121.4143863,39.2277792,2014,"5800","3","2","4","09",0,1,"A",,,,,,1200,7,"D","C","A","MARYSVILLE RD","RT 20",0,,"Y","2016-04-25",9285,"2014-07-22",1110,"019144",,"1","9","0","2",,"1","061","B","Y","YUB",3,20,"-","-",13.269,"I","5","W","Y",3,"A","-",21802,"A","N","A","H","-","A","D","0","Y","A","07",0,0,1,0,0,0,0,0,0,"-","-","UNINCORPORATED","YUBA","CA",-121.41403,39.22779
"6576623",-121.3242316,39.215631,2014,"5800","4","2","2","03",0,2,"A",,,"Y",,,900,7,"E","I","A","RT 20","DOWNEY GUNNING RD",360,"E","N","2016-04-25",9285,"2014-07-29",740,"014878",,"1","9","0","1",,"1","062","-","Y","YUB",3,20,"-","-",18.81,"H","-","E","Y",1,"A","-",22350,,"N","A","H","-","A","D","0","Y","C","02",1,1,0,0,0,0,0,0,2,"-","-","UNINCORPORATED","YUBA","CA",-121.32518,39.21501
"6576615",-121.5950116,39.2978912,2014,"5800","3","7","3","08",0,1,"A",,,,,,900,7,"E","I","A","RT 70","CHANDLER RD",1056,"N","N","2016-05-06",9285,"2014-07-27",615,"019144",,"1","9","0","1",,"1","060","-","Y","YUB",3,70,"-","-",25.06,"H","-","W","Y",1,"A","-",22107,,"N","A","H","-","A","D","0","Y","A","01",0,1,0,0,0,0,0,0,0,"-","-","UNINCORPORATED","YUBA","CA",-121.59482,39.2949
"6576611",-121.5551354,39.1074237,2014,"5800","5","2","4","21",0,2,"A",,,,,,1500,7,"C","C","A","CHESTNUT RD","ASPEN WY",350,"N","N","2014-08-19",9285,"2014-07-15",1430,"018981",,"2","9","0","3",,"1","002","-","N",,0,0,,,0,,,,"N",2,"A","-",22106,,"N","A","H","-","A","D","0","Y","A","01",0,0,2,0,0,0,0,0,0,"-","-","UNINCORPORATED","YUBA","CA",-121.55521,39.10754
"6576056",-121.5812104,39.148888,2014,"5801","0","3","3","01",0,4,"A",,,,,,1200,7,"D","C","A","EAST 12TH ST","SWEZY ST",0,,"Y","2016-04-25",5801,"2014-07-30",1055,"S-1","MARYS","5","3","0","0",,"0",,"-","Y","YUB",3,20,"-","-",1.79,"I","5","W","Y",2,"A","-",23153,,"N","A","H","-","A","A","0","Y","A","01",0,1,3,0,0,0,0,0,0,"-","-","MARYSVILLE","YUBA","CA",0,0
"6573276",-121.5605667,39.1131909,2014,"5800","5","4","2","05",0,1,"B",,"Y",,,,2400,7,"D","G","A","ERLE RD","RT 70",325,"W","N","2014-08-26",9285,"2014-07-10",2119,"18340",,"2","9","0","3",,"1","002","-","N",,0,0,,,0,,,,"N",2,"A","-",21650,"1","N","A","H","-","D","D","0","Y","L","04",1,0,0,0,0,0,1,0,0,"-","-","UNINCORPORATED","YUBA","CA",-121.56054,39.11313
"6569297",-121.5908582,39.141954,2014,"5801","0","3","4","03",0,1,"A",,,,,,1200,7,"C","C","A","E ST","6TH ST",0,,"Y","2016-05-06",5801,"2014-07-09",1135,"304","5801","5","3","0","0",,"0",,"-","Y","YUB",3,70,"-","-",14.49,"H","-","W","N",2,"A","-",22350,,"N","A","H","-","A","A","0","Y","A","01",0,0,1,0,0,0,0,0,0,"-","-","MARYSVILLE","YUBA","CA",0,0
"6566269",-121.3007733,39.4520404,2014,"5800","4","1","3","03",0,2,"A",,,,,,1500,7,"E","I","A","LA PORTE RD","AERO RD",2112,"W","N","2014-08-27",9285,"2014-07-07",1220,"017393",,"1","9","0","2",,"2","082","-","N",,0,0,,,0,,,,"Y",1,"A","-",22350,,"N","A","H","-","A","D","0","Y","D","22",0,1,1,0,0,0,0,0,0,"-","-","UNINCORPORATED","YUBA","CA",-121.28262,39.45684
"6563842",-121.5905563,39.1398446,2014,"5801","0","5","4","12",0,1,"A",,,,,,2400,7,"D","C","A","RT 70","4TH ST",0,,"Y","2016-05-06",5801,"2014-07-04",2206,,,"5","3","0","0",,"0",,"-","Y","YUB",3,70,"-","-",14.325,"I","5","W","N",2,"A","-",21453,"A","N","A","H","-","C","A","0","Y","J","48",0,0,1,0,0,0,0,0,0,"-","-","MARYSVILLE","YUBA","CA",-121.59046,39.13908
"6560215",0,0,2014,"5800","3","4","4","08",0,2,"A",,,,,,1800,7,"B","C","A","RT 70","WOODRUFF LN",3168,"N","N","2016-05-06",9285,"2014-07-03",1555,"01643",,"2","9","0","1",,"1","060","-","Y","YUB",3,70,"-","-",50.34,"H","-","W","N",2,"A","-",22107,,"N","A","H","-","A","D","0","Y","A","08",0,0,2,0,0,0,0,0,0,"-","-","UNINCORPORATED","YUBA","CA",-121.6008,39.22868
"6548973",-121.5915133,39.1455351,2014,"5801","0","4","4","03",0,1,"A","Y",,,,,2400,7,"D","B","B","E ST","10TH ST",0,,"Y","2014-08-26",5801,"2014-07-03",2155,"305","YUBAS","5","3","0","0",,"0",,"-","N",,0,0,,,0,,,,"N",2,"A","-",22350,,"F","A","H","-","C","-","0","Y","D","22",0,0,1,0,1,0,0,0,0,"-","-","MARYSVILLE","YUBA","CA",0,0
"6548965",-121.5912732,39.1446352,2014,"5801","0","3","4","-",0,1,"A",,,,,,1500,7,"D","C","A","9TH ST","E ST",0,,"Y","2016-04-25",5801,"2014-07-09",1256,"S1","MARYS","5","3","0","0",,"0",,"-","Y","YUB",3,20,"-","-",0.989,"I","5","E","Y",2,"A","-",0,,"N","A","H","-","A","A","0","Y","A","08",0,0,1,0,0,0,0,0,0,"-","-","MARYSVILLE","YUBA","CA",0,0
"6547159",-121.0759784,39.4306163,2014,"5800","3","6","2","08",0,1,"A",,,,,,2400,6,"E","I","A","RT 49","MARYSVILLE RD",3168,"S","N","2016-03-28",9230,"2014-06-14",2210,"017889",,"3","9","0","1",,"1","081","-","Y","YUB",3,49,"-","-",2.97,"H","-","S","Y",1,"A","-",22107,,"N","A","H","-","D","D","0","Y","A","01",1,0,0,0,0,0,0,0,0,"-","-","UNINCORPORATED","YUBA","CA",-121.04474,39.2585
"6545171",-121.5558483,39.1273201,2014,"5800","4","3","4","12",0,1,"A",,,,,,900,7,"D","C","A","HAMMONTON SMARTVILLE RD","GROVE AV",30,"N","N","2014-08-22",9285,"2014-07-02",725,"014878",,"1","9","0","2",,"1","042","-","N",,0,0,,,0,,,,"N",4,"A","-",22450,"A","N","A","H","-","A","A","0","Y","D","22",0,0,1,0,0,0,0,0,0,"-","-","UNINCORPORATED","YUBA","CA",-121.55581,39.1273
"6545143",-121.6005743,39.2322629,2014,"5800","3","3","2","03",0,1,"A",,,,"Y",,1200,6,"C","C","A","RT 70","MAGNOLIA RD",2100,"S","N","2016-03-26",9285,"2014-06-25",1043,"17080",,"1","9","0","1",,"1","060","-","Y","YUB",3,70,"-","-",20.56,"H","-","W","Y",2,"A","-",22350,,"N","A","H","-","A","D","0","Y","G","25",1,0,0,0,0,0,0,0,0,"-","-","UNINCORPORATED","YUBA","CA",-121.60069,39.23102