"CASEID","POINT_X","POINT_Y","YEAR_","LOCATION","CHPTYPE","DAYWEEK","CRASHSEV","VIOLCAT","KILLED","INJURED","WEATHER1","PEDCOL","BICCOL","MCCOL","TRUCKCOL","ETOH","TIMECAT","MONTH_","CRASHTYP","INVOLVE","PED","PRIMARYRD","SECONDRD","DISTANCE","DIRECT","INTERSECT_","PROCDATE","JURIS","DATE_","TIME_","BADGE","JURIDIST","SHIFT","POP","SPECIAL","BEATTYPE","LAPDDIV","BEATCLAS","BEATNUMB","WEATHER2","STATEHW","CALTRANC","CALTRAND","STROUTE","ROUTESUF","POSTPRE","POSTMILE","LOCATYPE","RAMP","SIDEHW","TOWAWAY","PARTIES","PCF","VIOLCODE","VIOL","VIOLSUB","HITRUN","ROADSURF","RDCOND1","RDCOND2","LIGHTING","RIGHTWAY","CHPRDTYP","NOTPRIV","STFAULT","CHPFAULT","SEVINJ","OTHERINJ","COP","PEDKILL","PEDINJ","BICKILL","BICINJ","MCKILL","MCINJURE","RAMP1","RAMP2","CITY","COUNTY","STATE","X_CHP","Y_CHP"
"6545131",0,0,2014,"5800","4","3","4","03",0,1,"A",,,,,,1800,7,"C","C","A","RT 65","BEAR RIVER BRIDGE",110,"N","N","2016-05-04",9285,"2014-07-02",1640,"019144",,"2","9","0","2",,"2","025","-","Y","YUB",3,65,"-","R",23.89,"H","-","N","Y",3,"A","-",22350,,"N","A","H","-","A","D","0","Y","A","01",0,0,1,0,0,0,0,0,0,"-","-","UNINCORPORATED","YUBA","CA",-121.41294,39.00385
"6542785",-121.5667276,39.1222539,2014,"5800","4","1","4","03",0,3,"A",,,,,,1200,6,"C","D","A","LINDHURST AV","SCALES AV",250,"S","N","2015-09-23",9285,"2014-06-23",1159,"017080",,"1","9","0","2",,"1","022","-","N",,0,0,,,0,,,,"N",2,"A","-",22350,,"N","A","H","-","A","D","0","Y","D","22",0,0,3,0,0,0,0,0,0,"-","-","UNINCORPORATED","YUBA","CA",-121.56662,39.12233
"6542465",-121.3500403,39.1912559,2014,"5800","4","6","3","03",0,2,"A",,,,,,1500,6,"B","C","A","HAMMONTON SMARTVILLE RD","LAUGHLIN RD",14784,"E","N","2014-08-13",9285,"2014-06-21",1435,"016343",,"2","9","0","2",,"1","042","-","N",,0,0,,,0,,,,"Y",2,"A","-",22350,,"N","A","H","-","A","A","0","Y","A","01",0,2,0,0,0,0,0,0,0,"-","-","UNINCORPORATED","YUBA","CA",-121.35012,39.19123
"6540347",0,0,2014,"5800","5","4","3","03",0,1,"A",,,,,,2400,6,"E","I","A","OSTROM RD","RANCHO RD",421,"E","N","2014-08-16",9285,"2014-06-19",2220,"017534",,"3","9","0","3",,"1","004","-","N",,0,0,,,0,,,,"Y",1,"A","-",22350,,"N","A","H","-","D","D","0","Y","D","22",0,1,0,0,0,0,0,0,0,"-","-","UNINCORPORATED","YUBA","CA",-121.51156,39.07004
"6540327",0,0,2014,"5800","4","5","2","12",0,3,"A",,,,,,900,6,"A","D","A","NORTH BEALE RD","WALMART CENTER",0,,"Y","2014-08-16",9285,"2014-06-13",650,"016343",,"1","9","0","2",,"1","041","-","N",,0,0,,,0,,,,"Y",2,"A","-",21453,"A","N","A","H","-","A","A","0","Y","D","22",1,1,1,0,0,0,0,0,0,"-","-","UNINCORPORATED","YUBA","CA",-121.57307,39.12532
"6538367",-121.3920797,39.3101142,2014,"5800","5","6","3","01",0,3,"A",,,,,"Y",300,6,"E","I","A","KIMBERLY RD","DENNIS DR",1320,"S","N","2014-08-13",9285,"2014-06-28",0,"018522",,"3","9","0","3",,"1","006","-","N",,0,0,,,0,,,,"Y",1,"A","-",23152,"A","N","A","H","-","D","D","0","Y","A","01",0,3,0,0,0,0,0,0,0,"-","-","UNINCORPORATED","YUBA","CA",-121.39214,39.30986
"6538363",-121.1505152,39.3821909,2014,"5800","4","7","4","08",0,1,"A",,,"Y",,,1800,6,"F","A","A","MARYSVILLE RD","OREGON HILL RD",5280,"N","N","2015-09-23",9285,"2014-06-29",1505,"018286",,"2","9","0","2",,"2","081","-","N",,0,0,,,0,,,,"N",1,"A","-",22107,,"N","A","H","-","A","D","0","Y","C","02",0,0,1,0,0,0,0,0,1,"-","-","UNINCORPORATED","YUBA","CA",-121.15056,39.3802
"6538359",0,0,2014,"5800","5","1","4","09",0,1,"A",,,,,,1800,6,"D","C","A","PLUMAS ARBOGA RD","ARBOGA RD",7392,"S","N","2014-08-13",9285,"2014-06-30",1510,"014878",,"2","9","0","3",,"1","002","-","N",,0,0,,,0,,,,"Y",2,"A","-",21804,"A","N","A","H","-","A","D","0","Y","A","01",0,0,1,0,0,0,0,0,0,"-","-","UNINCORPORATED","YUBA","CA",-121.54356,39.04381
"6533839",-121.5905657,39.1408092,2014,"5801","0","3","4","12",0,1,"A",,,"Y",,,2100,6,"D","C","A","E ST","5TH ST",0,,"Y","2016-03-26",5801,"2014-06-18",1946,"309","MARYS","5","3","0","0",,"0",,"-","Y","YUB",3,70,"-","-",14.4,"I","5","E","N",2,"A","-",21453,"A","N","A","H","-","A","A","0","Y","A","07",0,0,1,0,0,0,0,0,1,"-","-","MARYSVILLE","YUBA","CA",0,0
"6533835",-121.5981232,39.1396151,2014,"5801","0","3","4","09",0,1,"A",,"Y",,,,2100,6,"D","G","A","J ST","5TH ST",0,,"Y","2014-08-14",5801,"2014-06-11",1838,"305","YUBA","5","3","0","0",,"0","YUBASU","-","N",,0,0,,,0,,,,"N",2,"A","-",21453,"C","N","A","H","-","A","A","0","Y","L","04",0,0,1,0,0,0,1,0,0,"-","-","MARYSVILLE","YUBA","CA",0,0
"6531255",-121.5446431,39.127885,2014,"5800","4","3","3","09",0,1,"A",,,,,,2100,6,"D","C","A","WOODLAND DR","NORTH BEALE RD",0,,"Y","2014-08-16",9285,"2014-06-18",1814,"018522",,"2","9","0","2",,"1","041","-","N",,0,0,,,0,,,,"Y",2,"A","-",21802,"A","N","A","H","-","A","A","0","Y","A","01",0,1,0,0,0,0,0,0,0,"-","-","UNINCORPORATED","YUBA","CA",-121.54464,39.12786
"6531253",-121.3257017,39.3586352,2014,"5800","4","3","4","08",0,1,"A",,,,,,1200,6,"E","I","A","MARYSVILLE RD","ANGORA LN",105,"S","N","2014-08-16",9285,"2014-06-11",1105,"014480",,"1","9","0","2",,"2","081","-","N",,0,0,,,0,,,,"Y",1,"A","-",22107,,"N","A","H","-","A","D","0","Y","A","01",0,0,1,0,0,0,0,0,0,"-","-","UNINCORPORATED","YUBA","CA",-121.19335,39.21286
"6531250",-121.5989504,39.2537471,2014,"5800","3","7","3","03",0,1,"A",,,,,,1500,6,"C","C","A","RT 70","BOYER RD",1584,"S","N","2016-03-26",9285,"2014-06-15",1305,"014241",,"1","9","0","1",,"1","060","-","Y","YUB",3,70,"-","-",22.03,"H","-","E","Y",2,"A","-",22350,,"N","A","H","-","A","D","0","Y","A","07",0,1,0,0,0,0,0,0,0,"-","-","UNINCORPORATED","YUBA","CA",-121.5893,39.25286
"6531249",-121.5823526,39.1277321,2014,"5800","3","7","3","03",0,1,"A",,,"Y",,,2100,6,"F","A","A","RT 70","FEATHER RIVER BL",700,"S","N","2016-03-26",9285,"2014-06-22",1815,"018340",,"2","9","0","1",,"1","020","-","Y","YUB",3,70,"-","R",11.26,"H","-","E","Y",1,"A","-",22350,,"N","A","H","-","A","D","1","Y","C","02",0,1,0,0,0,0,0,0,1,"-","-","UNINCORPORATED","YUBA","CA",-121.57545,39.12378
"6523516",-121.5928731,39.145725,2014,"5801","0","3","4","03",0,4,"A",,,,,,2100,4,"C","C","A","10TH ST","F ST",0,,"Y","2014-07-18",5801,"2014-04-16",2045,"309",,"5","3","0","0",,"0",,"-","N",,0,0,,,0,,,,"N",2,"A","-",22350,,"F","A","H","-","E","A","0","Y","A","01",0,0,4,0,0,0,0,0,0,"-","-","MARYSVILLE","YUBA","CA",0,0
"6513504",-121.5479931,39.1352351,2014,"5800","4","1","2","10",0,1,"A","Y",,,,,900,6,"G","B","D","HAMMONTON SMARTVILLE RD","MAPES WY",0,,"Y","2014-08-11",9285,"2014-06-09",732,"14241",,"1","9","0","2",,"1","042","-","N",,0,0,,,0,,,,"N",2,"A","-",21950,"A","N","A","H","-","A","D","0","Y","A","01",1,0,0,0,1,0,0,0,0,"-","-","UNINCORPORATED","YUBA","CA",-121.54792,39.13521
"6513500",-121.2868867,39.4557418,2014,"5800","5","6","4","03",0,2,"A",,,"Y",,,1500,6,"A","C","A","LA PORTE RD","PINE MEADOW RD",20,"S","N","2014-08-11",9285,"2014-06-07",1230,"16343",,"1","9","0","3",,"1","008","-","N",,0,0,,,0,,,,"Y",2,"A","-",22350,,"N","A","H","-","A","D","0","Y","C","02",0,0,2,0,0,0,0,0,1,"-","-","UNINCORPORATED","YUBA","CA",-121.28707,39.4556
"6513492",0,0,2014,"5800","5","6","4","03",0,1,"A",,,"Y",,,2100,6,"E","I","A","CAMP FAR WEST RD","WITCHITA WY",794,"W","N","2014-08-11",9285,"2014-06-07",2000,"18522",,"2","9","0","3",,"1","002","-","N",,0,0,,,0,,,,"N",1,"A","-",22350,,"N","A","C","-","A","D","0","Y","C","02",0,0,1,0,0,0,0,0,1,"-","-","UNINCORPORATED","YUBA","CA",-121.30623,39.06519
"6509665",-121.5484658,39.0804883,2014,"5800","5","4","3","01",0,1,"A",,,,,,2400,5,"C","E","A","TERRY CT","BAUGH ST",34,"N","N","2014-08-05",9285,"2014-05-15",2215,"018475",,"3","9","0","3",,"1","002","-","N",,0,0,,,0,,,,"Y",2,"A","-",23152,"E","N","A","H","-","C","A","0","Y","A","01",0,1,0,0,0,0,0,0,0,"-","-","UNINCORPORATED","YUBA","CA",-121.54839,39.08048
"6508824",0,0,2014,"5800","5","2","4","01",0,1,"A",,,,,"Y",2100,5,"E","I","A","NUESTRO RD","BROADWAY RD",25,"W","N","2014-07-31",9285,"2014-05-13",1810,"019144",,"2","9","0","3",,"1","007","-","N",,0,0,,,0,,,,"Y",1,"A","-",23152,"A","N","A","H","-","A","D","0","Y","A","01",0,0,1,0,0,0,0,0,0,"-","-","UNINCORPORATED","YUBA","CA",-121.67846,39.1852
"6508816",-121.5757932,39.125645,2014,"5800","4","5","3","09",0,2,"A",,,,,,1800,5,"A","C","A","FEATHER RIVER BL","NORTH BEALE RD",0,,"Y","2014-07-31",9285,"2014-05-09",1550,"015976",,"2","9","0","2",,"2","021","-","N",,0,0,,,0,,,,"Y",2,"A","-",21801,"A","N","A","H","-","A","A","0","Y","A","01",0,2,0,0,0,0,0,0,0,"-","-","UNINCORPORATED","YUBA","CA",-121.57597,39.12599
"6508812",-121.4569505,39.0240192,2014,"5800","5","3","4","08",0,1,"A",,,,,,1800,5,"F","A","A","DAIRY RD","OAKLEY LN",81,"W","N","2014-07-31",9285,"2014-05-14",1510,"015976",,"2","9","0","3",,"1","002","-","N",,0,0,,,0,,,,"Y",1,"A","-",22107,,"N","A","H","-","A","D","0","Y","-",,0,0,1,0,0,0,0,0,0,"-","-","UNINCORPORATED","YUBA","CA",-121.45718,39.02394
"6508492",-121.5867322,39.1305067,2014,"5800","3","6","3","01",0,1,"A",,,,,"Y",300,5,"F","I","A","RT 70","E ST BRIDGE",56,"S","N","2016-03-26",9285,"2014-05-10",135,"017118",,"3","9","0","1",,"1","020","-","Y","YUB",3,70,"-","-",13.55,"H","-","E","Y",1,"A","-",23152,"A","N","A","H","-","D","D","4","Y","A","01",0,1,0,0,0,0,0,0,0,"-","-","UNINCORPORATED","YUBA","CA",-121.58901,39.13281
"6506953",-121.5863232,39.1427851,2014,"5801","0","4","4","08",0,1,"A","Y",,,,,900,6,"G","B","E","7TH ST","B ST",0,,"Y","2014-08-11",5801,"2014-06-12",740,"304","5801","5","3","0","0",,"0",,"-","N",,0,0,,,0,,,,"N",2,"A","-",22107,,"N","A","D","-","A","A","0","Y","D","22",0,0,1,0,1,0,0,0,0,"-","-","MARYSVILLE","YUBA","CA",0,0
"6506949",0,0,2014,"5801","0","3","4","03",0,1,"A",,,,,,1800,6,"C","C","A","5TH ST BRIDGE","YUBA/BUTTE COUNTY LINE",0,,"N","2014-08-11",5801,"2014-06-11",1652,"305","YUBA","5","3","0","0",,"0",,"-","N",,0,0,,,0,,,,"N",2,"A","-",22350,,"N","A","H","-","A","D","0","Y","D","22",0,0,1,0,0,0,0,0,0,"-","-","MARYSVILLE","YUBA","CA",0,0
"6506945",-121.5788932,39.154705,2014,"5801","0","5","4","09",0,1,"A",,,,,,900,6,"D","C","A","EAST 17TH ST","BUCHANAN ST",0,,"Y","2014-08-11",5801,"2014-06-13",807,"S1","MARYS","5","3","0","0",,"0",,"-","N",,0,0,,,0,,,,"Y",2,"A","-",21802,,"N","A","H","-","A","A","0","Y","D","22",0,0,1,0,0,0,0,0,0,"-","-","MARYSVILLE","YUBA","CA",0,0
"6495933",0,0,2014,"5800","4","4","3","01",0,1,"A",,,,,"Y",1800,5,"F","I","A","FEATHER RIVER BL","RIVER OAKS DR",2069,"W","N","2014-07-31",9285,"2014-05-29",1745,"018475",,"2","9","0","2",,"2","021","-","N",,0,0,,,0,,,,"Y",1,"A","-",23152,"A","N","A","H","-","A","D","0","Y","D","22",0,1,0,0,0,0,0,0,0,"-","-","UNINCORPORATED","YUBA","CA",-121.55064,38.9744
"6495564",-121.2984003,39.2040494,2014,"5800","4","3","3","08",0,1,"A",,,,,,2100,5,"E","I","A","RT 20","MCGANNEY LN",528,"E","N","2016-03-28",9285,"2014-05-28",1847,"019168",,"2","9","0","1",,"1","062","-","Y","YUB",3,20,"-","-",20.56,"H","-","W","Y",1,"A","-",22107,,"N","A","H","-","A","D","0","Y","A","07",0,1,0,0,0,0,0,0,0,"-","-","UNINCORPORATED","YUBA","CA",-121.29846,39.20414
"6495556",-121.5132971,39.2129324,2014,"5800","4","5","3","08",0,1,"A",,,,,,900,5,"E","I","A","RT 20","WOODRUFF LN",60,"W","N","2016-03-28",9285,"2014-05-23",750,"014480",,"1","9","0","1",,"1","062","-","Y","YUB",3,20,"-","R",7.73,"H","-","E","Y",1,"A","-",22107,,"N","A","H","-","A","D","0","Y","A","01",0,1,0,0,0,0,0,0,0,"-","-","UNINCORPORATED","YUBA","CA",-121.51307,39.21307
"6495548",-121.5672198,39.1182932,2014,"5800","3","5","3","08",0,2,"A",,,,,,300,5,"E","I","A","RT 70","ERLE RD",1584,"N","N","2016-03-26",9285,"2014-05-16",107,"017118",,"3","9","0","1",,"1","020","-","Y","YUB",3,70,"-","R",10.71,"H","-","W","Y",1,"A","-",22107,,"N","A","H","-","D","D","1","Y","A","07",0,1,1,0,0,0,0,0,0,"-","-","UNINCORPORATED","YUBA","CA",-121.56455,39.11702
"6495532",-121.3518365,39.1917154,2014,"5800","4","5","3","03",0,1,"A",,,"Y",,,1800,5,"F","A","A","HAMMONTON SMARTVILLE RD","DOOLITTLE DR",27456,"E","N","2014-07-29",9285,"2014-05-16",1625,"015855",,"2","9","0","2",,"1","042","-","N",,0,0,,,0,,,,"Y",1,"A","-",22350,,"N","A","H","-","A","A","0","Y","C","02",0,1,0,0,0,0,0,0,1,"-","-","UNINCORPORATED","YUBA","CA",-121.35014,39.19117
"6494990",-121.5766796,39.1243224,2014,"5800","3","7","3","01",0,2,"A",,,,,"Y",300,6,"E","I","A","RT 70","FEATHER RIVER BL",2640,"S","N","2016-03-26",9285,"2014-06-01",41,"19144",,"3","9","0","1",,"1","020","-","Y","YUB",3,70,"-","R",11.09,"H","-","E","Y",1,"A","-",23152,"A","N","A","H","-","D","D","1","Y","D","22",0,2,0,0,0,0,0,0,0,"-","-","UNINCORPORATED","YUBA","CA",-121.56871,39.11943
"6494427",0,0,2014,"5800","5","3","3","08",0,1,"A",,,,,,2400,6,"E","I","A","LOMA RICA RD","ROAH E MCCLOUD MEMORIAL BRIDGE",78,"W","N","2014-08-22",9285,"2014-06-04",2117,"17190",,"2","9","0","3",,"1","006","-","N",,0,0,,,0,,,,"Y",1,"A","-",22107,,"N","A","H","-","D","D","0","Y","J","48",0,1,0,0,0,0,0,0,0,"-","-","UNINCORPORATED","YUBA","CA",-121.38659,39.328
"6486171",-121.6009832,39.2261152,2014,"5800","3","6","4","01",0,1,"A",,,,,"Y",2400,5,"E","I","A","RT 70","WOODRUFF LN",2112,"N","N","2016-03-26",9285,"2014-05-10",2320,"018981",,"3","9","0","1",,"1","060","-","Y","YUB",3,70,"-","-",20.14,"H","-","E","Y",1,"A","-",23152,"A","N","A","H","-","D","D","0","Y","A","07",0,0,1,0,0,0,0,0,0,"-","-","UNINCORPORATED","YUBA","CA",-121.60059,39.22848
"6486167",-121.5894611,39.1342958,2014,"5800","3","2","2","03",0,3,"A","Y",,,,,2400,5,"C","C","E","RT 70","3RD ST",1584,"S","N","2016-03-26",9285,"2014-05-06",2341,"017080",,"3","9","0","1",,"1","020","-","Y","YUB",3,70,"-","-",13.89,"H","-","E","Y",4,"A","-",22350,,"N","A","H","-","C","D","4","Y","A","01",1,1,1,0,1,0,0,0,0,"-","-","UNINCORPORATED","YUBA","CA",-121.58862,39.13265
"6483748",-121.5614775,39.1148125,2014,"5800","5","6","3","01",0,1,"A",,,,,"Y",300,5,"E","I","A","ERLE RD","RT 70",411,"W","N","2016-03-26",9285,"2014-05-10",30,"18475",,"3","9","0","3",,"1","002","-","Y","YUB",3,70,"-","R",10.316,"R","4","W","Y",1,"A","-",23152,"A","N","A","H","-","C","A","1","Y","D","22",0,1,0,0,0,0,0,0,0,"-","-","UNINCORPORATED","YUBA","CA",-121.56084,39.113
"6478311",-121.410612,39.2290222,2014,"5800","4","1","4","08",0,3,"A",,,,,,900,5,"E","I","A","RT 20","BROWNS VALLEY SCHOOL RD",455,"W","N","2016-03-28",9285,"2014-05-05",704,"014401",,"1","9","0","1",,"1","062","-","Y","YUB",3,20,"-","-",13.49,"H","-","E","Y",1,"A","-",22107,,"N","A","H","-","A","D","0","Y","A","01",0,0,3,0,0,0,0,0,0,"-","-","UNINCORPORATED","YUBA","CA",-121.40827,39.22969
"6477492",-121.5446431,39.127885,2014,"5800","4","4","3","09",0,2,"A",,,,,,1200,4,"D","C","A","NORTH BEALE RD","WOODLAND DR",0,,"Y","2014-07-25",9285,"2014-04-10",1113,"15976",,"1","9","0","2",,"1","041","-","N",,0,0,,,0,,,,"Y",2,"A","-",21802,"A","N","A","H","-","A","A","0","Y","A","01",0,1,1,0,0,0,0,0,0,"-","-","UNINCORPORATED","YUBA","CA",-121.54456,39.1277
"6477488",0,0,2014,"5800","5","6","2","03",0,2,"A",,,,,,900,4,"F","I","A","CAMP FAR WEST RD","LONG RAVINE RD",7920,"N","N","2014-07-25",9285,"2014-04-19",820,"14878",,"1","9","0","3",,"1","004","-","N",,0,0,,,0,,,,"Y",1,"A","-",22350,,"N","A","H","-","A","D","0","Y","A","07",1,1,0,0,0,0,0,0,0,"-","-","UNINCORPORATED","YUBA","CA",-121.30062,39.10059
"6477484",-121.3109095,39.480382,2014,"5800","5","2","4","08",0,1,"B",,,,,,1800,4,"E","I","A","PONDEROSA WY","LA PORTE RD",15840,"N","N","2014-07-25",9285,"2014-04-22",1750,"19168",,"2","9","0","3",,"1","008","-","N",,0,0,,,0,,,,"Y",1,"A","-",22107,,"N","A","H","-","A","D","0","Y","A","01",0,0,1,0,0,0,0,0,0,"-","-","UNINCORPORATED","YUBA","CA",-121.3109,39.48055
"6475961",-121.5653797,39.2009544,2014,"5800","5","5","4","01",0,1,"A",,,,,"Y",300,4,"F","I","A","JACK SLOUGH RD","ELLIS RD",1056,"N","N","2014-07-15",9285,"2014-04-11",32,"18522",,"3","9","0","3",,"1","006","-","N",,0,0,,,0,,,,"Y",1,"A","-",23152,"A","N","A","H","-","D","D","0","Y","A","01",0,0,1,0,0,0,0,0,0,"-","-","UNINCORPORATED","YUBA","CA",-121.5649,39.20116
"6475945",-121.5936058,39.1858957,2014,"5800","3","7","4","01",0,3,"B",,,,,,2400,4,"A","C","A","RT 70","MAYER RD",428,"S","N","2016-03-26",9285,"2014-04-06",2330,"19168",,"3","9","0","1",,"1","060","-","Y","YUB",3,70,"-","-",17.33,"H","-","W","Y",2,"A","-",23152,"E","N","A","H","-","D","D","0","Y","A","01",0,0,3,0,0,0,0,0,0,"-","-","UNINCORPORATED","YUBA","CA",-121.59368,39.1859
"6475941",-121.5784594,39.1232712,2014,"5800","4","6","4","09",0,1,"A",,,,,,2400,4,"B","C","A","FEATHER RIVER BL","ARBOGA RD",150,"N","Y","2014-07-14",9285,"2014-04-05",2145,"18107",,"2","9","0","2",,"2","021","-","N",,0,0,,,0,,,,"Y",2,"A","-",21802,"B","N","A","H","-","C","A","0","Y","A","07",0,0,1,0,0,0,0,0,0,"-","-","UNINCORPORATED","YUBA","CA",-121.57875,39.123
"6475836",-121.4350489,39.1702264,2014,"5800","4","5","4","08",0,1,"B",,,,,,1500,4,"F","I","A","HAMMONTON SMARTVILLE RD","DOOLITTLE DR",1230,"E","N","2014-07-18",9285,"2014-04-04",1250,"15976",,"1","9","0","2",,"1","042","C","N",,0,0,,,0,,,,"Y",1,"A","-",22107,,"N","B","H","-","A","D","0","Y","A","01",0,0,1,0,0,0,0,0,0,"-","-","UNINCORPORATED","YUBA","CA",-121.43259,39.17064
"6475828",-121.5946092,39.2885325,2014,"5800","3","3","4","05",0,1,"A",,,,,,2400,4,"B","C","A","RT 70","SPARROW LN",241,"S","N","2016-03-26",9285,"2014-04-16",2100,"18981",,"2","9","0","1",,"1","060","-","Y","YUB",3,70,"-","-",24.42,"H","-","W","Y",3,"A","-",21650,,"N","A","H","-","D","D","0","Y","A","07",0,0,1,0,0,0,0,0,0,"-","-","UNINCORPORATED","YUBA","CA",-121.59459,39.2865
"6475824",-121.5442432,39.026405,2014,"5800","5","3","4","03",0,2,"A",,,,,,1800,4,"C","C","A","ALGODON RD","PLUMAS ARBOGA RD",0,,"Y","2014-07-22",9285,"2014-04-09",1705,"18286",,"2","9","0","3",,"1","002","-","N",,0,0,,,0,,,,"Y",2,"A","-",22350,,"N","A","H","-","A","D","0","Y","A","01",0,0,2,0,0,0,0,0,0,"-","-","UNINCORPORATED","YUBA","CA",-121.54423,39.02552
"6475820",-121.5511532,39.1012751,2014,"5800","4","7","4","09",0,1,"A",,,,,,2100,4,"-","D","A","CHESTNUT RD","OLIVEHURST AV",0,,"Y","2014-07-22",9285,"2014-04-13",2040,"18981",,"2","9","0","2",,"1","022","-","N",,0,0,,,0,,,,"Y",2,"A","-",21802,"A","N","A","H","-","C","D","0","Y","A","01",0,0,1,0,0,0,0,0,0,"-","-","UNINCORPORATED","YUBA","CA",-121.55108,39.10128
"6475808",-121.5497394,39.1033638,2014,"5800","5","6","4","01",0,2,"A",,,,,"Y",600,4,"C","C","A","LINDHURST AV","OLIVEHURST AV",116,"S","N","2014-07-21",9285,"2014-04-19",317,"19168",,"3","9","0","3",,"1","002","-","N",,0,0,,,0,,,,"Y",2,"A","-",23152,"A","N","A","H","-","C","D","0","Y","A","01",0,0,2,0,0,0,0,0,0,"-","-","UNINCORPORATED","YUBA","CA",-121.54958,39.10328
"6475679",0,0,2014,"5800","4","4","3","08",0,2,"B",,,,,,1200,3,"E","I","A","ERLE RD","SUNHAVEN ST",486,"W","N","2014-07-07",9285,"2014-03-27",918,"18286",,"1","9","0","2",,"1","042","-","N",,0,0,,,0,,,,"Y",1,"A","-",22107,,"N","B","H","-","A","D","0","Y","A","01",0,1,1,0,0,0,0,0,0,"-","-","UNINCORPORATED","YUBA","CA",-121.5354,39.11374
"6475612",-121.5885949,39.1325969,2014,"5800","3","7","3","08",0,1,"A",,,"Y",,,1800,3,"B","C","A","RT 70","BEALE RD",1056,"N","N","2016-01-23",9285,"2014-03-23",1625,"159876",,"2","9","0","1",,"1","020","-","Y","YUB",3,70,"-","-",13.748,"H","-","E","N",2,"A","-",22107,,"N","-","A","H","A","D","4","Y","C","02",0,1,0,0,0,0,0,0,1,"-","-","UNINCORPORATED","YUBA","CA",-121.58473,39.12926
"6475608",-121.5769449,39.1242547,2014,"5800","3","1","4","03",0,1,"B",,,,,,1200,3,"E","I","A","RT 70","FEATHER RIVER BL",70,"N","N","2016-01-23",9285,"2014-03-31",1135,"14825",,"1","9","0","1",,"1","020","-","Y","YUB",3,70,"-","R",11.38,"H","-","W","Y",1,"A","-",22350,,"N","A","H","-","A","D","1","Y","A","01",0,0,1,0,0,0,0,0,0,"-","-","UNINCORPORATED","YUBA","CA",-121.57717,39.12459
"6475604",-121.5739749,39.125335,2014,"5800","4","3","4","10",0,1,"B","Y",,,,,1500,3,"G","B","B","NORTH BEALE RD","FEATHER RIVER BL",528,"S","N","2014-07-07",9285,"2014-03-26",1328,"18286",,"1","9","0","2",,"1","041","C","N",,0,0,,,0,,,,"N",2,"A","-",21950,"A","N","B","H","-","A","A","0","Y","A","01",0,0,1,0,1,0,0,0,0,"-","-","UNINCORPORATED","YUBA","CA",-121.5742,39.12567
"6473071",-121.5516295,39.094313,2014,"5800","4","1","4","18",0,2,"B",,,,,,2100,4,"E","I","A","OLIVEHURST AV","8TH AV",309,"N","N","2014-07-18",9285,"2014-04-21",1835,"018286",,"2","9","0","2",,"1","022","-","N",,0,0,,,0,,,,"Y",1,"C","-",0,,"N","A","G","-","A","D","0","Y","-","-",0,0,2,0,0,0,0,0,0,"-","-","UNINCORPORATED","YUBA","CA",-121.55161,39.09417
"6473067",-121.5529765,39.1319351,2014,"5800","4","5","4","03",0,2,"A",,,,"Y",,1200,4,"C","C","A","HAMMONTON SMARTVILLE RD","HILE AV",75,"W","N","2014-07-24",9285,"2014-04-18",1040,"14793",,"1","9","0","2",,"1","042","-","N",,0,0,,,0,,,,"N",2,"A","-",22350,,"N","A","H","-","A","D","0","Y","G","25",0,0,2,0,0,0,0,0,0,"-","-","UNINCORPORATED","YUBA","CA",-121.55293,39.13186
"6473052",0,0,2014,"5800","5","1","4","18",0,1,"A",,,,,,600,3,"E","I","A","PLUMAS ARBOGA RD","LINKS PKWY",1056,"W","N","2014-07-08",9285,"2014-03-24",558,"015976",,"3","9","0","3",,"1","002","-","N",,0,0,,,0,,,,"Y",1,"C","-",0,,"N","A","C","-","C","D","0","Y","-","-",0,0,1,0,0,0,0,0,0,"-","-","UNINCORPORATED","YUBA","CA",-121.5735,39.05499
"6473048",-121.4357513,39.0170699,2014,"5800","4","2","4","03",0,1,"C",,,,,,1800,3,"E","I","A","RT 65","EVERGREEN DR",355,"N","N","2015-11-10",9285,"2014-03-25",1735,"018107",,"2","9","0","2",,"2","025","-","Y","YUB",3,65,"-","-",1.57,"H","-","S","Y",1,"A","-",22350,,"N","B","H","-","A","D","1","Y","D","22",0,0,1,0,0,0,0,0,0,"-","-","UNINCORPORATED","YUBA","CA",-121.43961,39.01944
"6473044",-121.5344112,39.0794019,2014,"5800","5","7","4","22",0,1,"A","Y",,,,,1800,3,"G","B","E","MARTEL DR","LARSON ST",155,"E","N","2014-07-08",9285,"2014-03-23",1700,"018107",,"2","9","0","3",,"1","002","-","N",,0,0,,,0,,,,"N",3,"B","-",0,,"N","A","H","-","A","D","0","Y","D","22",0,0,1,0,1,0,0,0,0,"-","-","UNINCORPORATED","YUBA","CA",-121.5341,39.07992