"CASEID","POINT_X","POINT_Y","YEAR_","LOCATION","CHPTYPE","DAYWEEK","CRASHSEV","VIOLCAT","KILLED","INJURED","WEATHER1","PEDCOL","BICCOL","MCCOL","TRUCKCOL","ETOH","TIMECAT","MONTH_","CRASHTYP","INVOLVE","PED","PRIMARYRD","SECONDRD","DISTANCE","DIRECT","INTERSECT_","PROCDATE","JURIS","DATE_","TIME_","BADGE","JURIDIST","SHIFT","POP","SPECIAL","BEATTYPE","LAPDDIV","BEATCLAS","BEATNUMB","WEATHER2","STATEHW","CALTRANC","CALTRAND","STROUTE","ROUTESUF","POSTPRE","POSTMILE","LOCATYPE","RAMP","SIDEHW","TOWAWAY","PARTIES","PCF","VIOLCODE","VIOL","VIOLSUB","HITRUN","ROADSURF","RDCOND1","RDCOND2","LIGHTING","RIGHTWAY","CHPRDTYP","NOTPRIV","STFAULT","CHPFAULT","SEVINJ","OTHERINJ","COP","PEDKILL","PEDINJ","BICKILL","BICINJ","MCKILL","MCINJURE","RAMP1","RAMP2","CITY","COUNTY","STATE","X_CHP","Y_CHP"
"6464005",-121.5826883,39.14876,2014,"5801","0","1","4","05",0,1,"A",,"Y",,,,1800,3,"D","G","A","EAST 12TH ST","RAMIREZ ST",0,,"Y","2015-11-10",5801,"2014-03-24",1618,,"5801","5","3","0","0",,"0","00E","-","Y","YUB",3,20,"-","-",1.71,"I","5","W","N",2,"A","-",21202,,"N","A","H","-","A","A","0","Y","L","04",0,0,1,0,0,0,1,0,0,"-","-","MARYSVILLE","YUBA","CA",0,0
"6461065",-121.4143863,39.2277792,2014,"5800","4","3","4","09",0,2,"A",,,,,,2100,4,"A","C","A","RT 20","MARYSVILLE RD",0,,"Y","2016-03-28",9285,"2014-04-30",1900,"019168",,"2","9","0","1",,"1","062","-","Y","YUB",3,20,"-","-",13.269,"I","5","W","Y",3,"A","-",21801,"A","N","A","H","-","E","A","0","Y","A","01",0,0,2,0,0,0,0,0,0,"-","-","UNINCORPORATED","YUBA","CA",-121.41413,39.22787
"6461057",-121.5886098,39.13262,2014,"5800","3","5","3","11",0,1,"A","Y",,,,"Y",2100,5,"G","B","E","RT 70","3RD ST",2640,"S","N","2016-03-26",9285,"2014-05-02",2042,"18475",,"2","9","0","1",,"1","020","-","Y","YUB",3,70,"-","-",13.75,"H","-","E","N",2,"A","-",21954,"A","N","A","H","-","D","A","4","Y","N","60",0,1,0,0,1,0,0,0,0,"-","-","UNINCORPORATED","YUBA","CA",-121.58654,39.13036
"6450841",0,0,2014,"5800","5","2","3","01",0,1,"B",,,,,"Y",1800,3,"E","I","A","MOONSHINE RD","SIOUX ST",4224,"E","N","2014-07-03",9230,"2014-03-04",1545,"019235",,"2","9","0","3",,"2","080","-","N",,0,0,,,0,,,,"Y",1,"A","-",23152,"A","N","A","H","-","A","D","0","Y","A","07",0,1,0,0,0,0,0,0,0,"-","-","UNINCORPORATED","YUBA","CA",-121.11805,39.40261
"6446775",-121.4391231,39.169065,2014,"5800","4","7","4","09",0,3,"B",,,,,,1500,3,"D","C","A","DOOLITTLE DR","HAMMONTON SMARTVILLE RD",0,,"Y","2014-07-03",9285,"2014-03-02",1340,"018286",,"1","9","0","2",,"1","042","C","N",,0,0,,,0,,,,"Y",2,"A","-",21801,"A","N","B","H","-","A","A","0","Y","A","01",0,0,3,0,0,0,0,0,0,"-","-","UNINCORPORATED","YUBA","CA",-121.43892,39.16092
"6446771",-121.5568014,39.1300255,2014,"5800","5","4","3","21",0,1,"A",,"Y",,,,1500,3,"D","G","A","GOSSETT WY","SHASTA WY",395,"N","N","2014-07-03",9285,"2014-03-20",1250,"014793",,"1","9","0","3",,"1","004","-","N",,0,0,,,0,,,,"N",2,"A","-",22106,,"N","A","H","-","A","D","0","Y","A","07",0,1,0,0,0,0,1,0,0,"-","-","UNINCORPORATED","YUBA","CA",-121.55683,39.13019
"6438619",-121.5856782,39.1382414,2014,"5801","0","1","2","12",0,1,"B",,"Y",,,,1800,3,"C","G","A","B ST","3RD ST",38,"S","N","2015-05-14",5801,"2014-03-03",1709,,,"5","3","0","0",,"0",,"C","N",,0,0,,,0,,,,"N",2,"A","-",22450,"A","N","B","H","-","B","D","0","Y","L","04",1,0,0,0,0,0,1,0,0,"-","-","MARYSVILLE","YUBA","CA",0,0
"6436746",-121.5960332,39.1465451,2014,"5801","0","4","4","09",0,1,"A",,,,,,1200,4,"D","C","A","H ST","11TH ST",0,,"Y","2014-07-21",5801,"2014-04-03",1043,"304","MARYS","5","3","0","0",,"0","5801","-","N",,0,0,,,0,,,,"Y",2,"A","-",21802,"A","N","A","H","-","A","-","0","Y","-","-",0,0,1,0,0,0,0,0,0,"-","-","MARYSVILLE","YUBA","CA",0,0
"6435414",-121.5950831,39.1398351,2014,"5801","0","2","3","01",0,1,"B",,"Y",,,,1200,3,"D","G","A","5TH ST","H ST",0,,"Y","2014-07-02",5801,"2014-03-04",1033,"391",,"5","3","0","0",,"0",,"-","N",,0,0,,,0,,,,"N",2,"A","-",21200,"5","N","A","H","-","A","A","0","Y","L","04",0,1,0,0,0,0,1,0,0,"-","-","MARYSVILLE","YUBA","CA",0,0
"6435237",-121.4391231,39.169065,2014,"5800","4","2","4","05",0,1,"A",,,,,,1500,3,"D","C","A","HAMMONTON SMARTVILLE RD","DOOLITTLE DR",0,,"Y","2014-07-07",9285,"2014-03-18",1210,"015976",,"1","9","0","2",,"1","042","-","N",,0,0,,,0,,,,"N",2,"A","-",21752,"D","N","A","H","-","A","D","0","Y","A","01",0,0,1,0,0,0,0,0,0,"-","-","UNINCORPORATED","YUBA","CA",-121.43901,39.1689
"6435234",-121.4988931,39.008625,2014,"5800","4","5","4","03",0,2,"A",,,,,,1200,3,"C","C","A","FORTY MILE RD","DAIRY RD",0,,"Y","2014-07-07",9285,"2014-03-21",1153,"018286",,"1","9","0","2",,"1","022","-","N",,0,0,,,0,,,,"Y",2,"A","-",22350,,"F","A","H","-","A","D","0","Y","-","99",0,0,2,0,0,0,0,0,0,"-","-","UNINCORPORATED","YUBA","CA",-121.49892,39.00865
"6435226",-121.5613966,39.1131521,2014,"5800","5","4","3","08",0,1,"A",,"Y",,,,1500,3,"E","I","A","ERLE RD","CHESTNUT RD",428,"E","N","2014-07-07",9285,"2014-03-20",1325,"017118",,"1","9","0","3",,"1","002","-","N",,0,0,,,0,,,,"N",1,"A","-",22107,,"N","A","H","-","A","D","0","Y","L","04",0,1,0,0,0,0,1,0,0,"-","-","UNINCORPORATED","YUBA","CA",-121.56141,39.11327
"6428598",-121.2861449,39.2022882,2014,"5800","4","1","4","09",0,2,"A",,,,,,1800,2,"A","C","A","RT 20","HAMMONTON SMARTVILLE RD",8,"E","N","2015-11-14",9285,"2014-02-24",1730,"18632",,"2","9","0","1",,"1","062","-","Y","YUB",3,20,"-","-",21.295,"I","5","E","Y",2,"A","-",21801,"A","N","A","H","-","A","D","0","Y","A","01",0,0,2,0,0,0,0,0,0,"-","-","UNINCORPORATED","YUBA","CA",-121.28691,39.20143
"6428594",-121.5760101,39.1254463,2014,"5800","4","7","4","12",0,1,"A",,"Y",,,,2100,5,"D","G","A","FEATHER RIVER BL","NORTH BEALE RD",95,"W","N","2014-06-26",9285,"2014-05-25",2000,"19144",,"2","9","0","2",,"2","021","-","N",,0,0,,,0,,,,"N",2,"A","-",22450,"A","N","A","H","-","C","A","0","Y","A","01",0,0,1,0,0,0,1,0,0,"-","-","UNINCORPORATED","YUBA","CA",-121.57601,39.1253
"6428578",-121.5499731,39.103625,2014,"5800","4","3","4","03",0,1,"B",,,,,,900,2,"C","C","A","LINDHURST AV","OLIVEHURST AV",0,,"Y","2014-06-26",9285,"2014-02-26",830,"18286",,"1","9","0","2",,"1","022","C","N",,0,0,,,0,,,,"N",2,"A","-",22350,,"N","B","H","-","A","D","0","Y","A","01",0,0,1,0,0,0,0,0,0,"-","-","UNINCORPORATED","YUBA","CA",-121.54988,39.10362
"6424637",-121.0823369,39.3886277,2014,"5800","3","4","3","01",0,2,"A",,,,,"Y",2400,3,"A","C","A","RT 49","RIDGE RD",3168,"S","N","2014-07-02",9230,"2014-03-13",2330,"17889",,"3","9","0","1",,"1","081","-","Y",,0,0,,,0,,,,"Y",2,"A","-",23152,"A","F","A","H","-","D","D","0","Y","D","22",0,1,1,0,0,0,0,0,0,"-","-","UNINCORPORATED","YUBA","CA",-121.07538,39.40512
"6424635",0,0,2014,"5800","3","2","2","01",0,1,"A",,,,,"Y",1800,3,"E","I","A","RT 49","JACKSON ST",2112,"N","N","2014-06-25",9230,"2014-03-11",1535,"014289",,"2","9","0","1",,"1","081","-","Y",,0,0,,,0,,,,"Y",1,"A","-",23152,"F","N","A","H","-","A","D","0","Y","D","22",1,0,0,0,0,0,0,0,0,"-","-","UNINCORPORATED","YUBA","CA",-121.05212,39.45387
"6420640",0,0,2014,"5802","0","2","3","09",0,1,"A",,,,,,900,2,"D","C","A","WHEATLAND RD","WHEATLAND RD 1010",0,,"N","2014-06-12",5802,"2014-02-25",747,"602",,"5","1","0","0",,"0",,"-","N",,0,0,,,0,,,,"N",2,"A","-",21804,"A","N","A","-","-","A","D","0","Y","A","01",0,1,0,0,0,0,0,0,0,"-","-","WHEATLAND","YUBA","CA",0,0
"6408893",-121.2793331,39.3564951,2014,"5800","4","6","4","08",0,2,"B",,,,,,1500,3,"D","C","A","MARYSVILLE RD","RICES CROSSING RD",0,,"Y","2014-07-16",9285,"2014-03-01",1410,"018286",,"2","9","0","2",,"2","081","C","N",,0,0,,,0,,,,"Y",2,"A","-",22107,,"N","B","H","-","A","A","0","Y","A","07",0,0,2,0,0,0,0,0,0,"-","-","UNINCORPORATED","YUBA","CA",-121.27914,39.35786
"6408892",-121.5435718,39.0772625,2014,"5800","4","7","4","09",0,1,"A",,,,,,2100,3,"D","C","A","MCGOWAN PKWY","POWERLINE RD",204,"W","N","2014-06-25",9285,"2014-03-02",2030,"017534",,"2","9","0","2",,"1","022","-","N",,0,0,,,0,,,,"Y",2,"A","-",21801,"A","N","A","H","-","C","D","0","Y","A","01",0,0,1,0,0,0,0,0,0,"-","-","UNINCORPORATED","YUBA","CA",-121.54368,39.07721
"6408337",-121.1755352,39.3645575,2014,"5800","4","6","2","08",0,1,"A",,,,,,1200,3,"F","A","A","MARYSVILLE RD","MERRIAM RD",10032,"E","N","2014-06-28",9285,"2014-03-08",1055,"014241",,"1","9","0","2",,"2","081","-","N",,0,0,,,0,,,,"Y",1,"A","-",22107,,"N","A","H","-","A","D","0","Y","D","22",1,0,0,0,0,0,0,0,0,"-","-","UNINCORPORATED","YUBA","CA",-121.1762,39.3662
"6408336",-121.3180628,39.1982831,2014,"5800","4","7","2","08",0,2,"B",,,,"Y",,1500,3,"-","C","A","HAMMONTON SMARTVILLE RD","SOUTH GOLDEN PKWY",528,"W","N","2014-07-07",9285,"2014-03-02",1301,"018340",,"1","9","0","2",,"1","042","-","N",,0,0,,,0,,,,"Y",2,"A","-",22107,,"N","B","H","-","A","D","0","Y","D","22",1,0,1,0,0,0,0,0,0,"-","-","UNINCORPORATED","YUBA","CA",-121.32168,39.19716
"6407095",-121.5962832,39.137495,2014,"5801","0","6","4","03",0,1,"A",,,"Y",,,1500,2,"F","A","A","3RD ST","I ST",0,,"Y","2014-07-01",5801,"2014-02-01",1229,"363",,"5","3","0","0",,"0",,"-","N",,0,0,,,0,,,,"Y",1,"A","-",22350,,"F","A","H","-","A","D","0","Y","C","02",0,0,1,0,0,0,0,0,1,"-","-","MARYSVILLE","YUBA","CA",0,0
"6405285",-121.4789737,39.2159938,2014,"5800","4","5","4","03",0,2,"A",,,,,,1800,3,"C","C","A","RT 20","KIBBE RD",790,"E","N","2015-11-14",9285,"2014-03-21",1745,"014793",,"2","9","0","1",,"1","062","-","Y","YUB",3,20,"-","-",9.63,"H","-","E","Y",2,"A","-",22350,,"N","A","H","-","A","D","0","Y","A","07",0,0,2,0,0,0,0,0,0,"-","-","UNINCORPORATED","YUBA","CA",-121.48025,39.21535
"6404754",-121.5866953,39.1450395,2014,"5801","0","7","4","09",0,1,"B",,,,"Y",,1200,3,"-","C","A","E ST","9TH ST",0,,"Y","2015-11-10",5801,"2014-03-02",1134,"S2","5801","5","3","0","0",,"0","WEST","-","Y","YUB",3,20,"-","-",1.236,"I","5","E","Y",2,"A","-",21453,"C","N","A","H","-","A","A","0","Y","A","01",0,0,1,0,0,0,0,0,0,"-","-","MARYSVILLE","YUBA","CA",0,0
"6404166",-121.5957232,39.1442751,2014,"5801","0","6","3","09",0,1,"B",,,,,,1500,3,"D","C","A","H ST","9TH ST",0,,"Y","2014-08-27",5801,"2014-03-01",1456,"304","5801","5","3","0","0",,"0",,"-","N",,0,0,,,0,,,,"Y",2,"A","-",21802,"A","F","B","H","-","A","D","0","Y","A","01",0,1,0,0,0,0,0,0,0,"-","-","MARYSVILLE","YUBA","CA",0,0
"6400015",-121.2861449,39.2022882,2014,"5800","4","2","3","09",0,3,"B",,,,,,2100,3,"D","C","A","RT 20","HAMMONTON SMARTVILLE RD",0,,"Y","2015-11-14",9285,"2014-03-04",1929,"19168",,"2","9","0","1",,"1","062","-","Y","YUB",3,20,"-","-",21.295,"I","5","E","Y",2,"A","-",21802,"A","N","A","H","-","D","A","0","Y","A","01",0,2,1,0,0,0,0,0,0,"-","-","UNINCORPORATED","YUBA","CA",-121.28702,39.20218
"6393660",-121.589569,39.1447715,2014,"5801","0","5","4","03",0,1,"C",,,,,,2100,2,"C","C","A","9TH ST","D ST",24,"E","N","2014-06-20",5801,"2014-02-07",1848,"305","YUBA","5","3","0","0",,"0",,"-","N",,0,0,,,0,,,,"N",2,"A","-",22350,,"N","B","H","-","C","A","0","Y","A","01",0,0,1,0,0,0,0,0,0,"-","-","MARYSVILLE","YUBA","CA",0,0
"6385340",-121.3512186,39.3309139,2014,"5800","3","4","3","08",0,1,"C",,,,,,1200,2,"E","I","A","LOMA RICA RD","CROSS STAR TRL",217,"W","N","2014-06-16",9285,"2014-02-06",945,"014480",,"1","9","0","2",,"1","061","-","N",,0,0,,,0,,,,"Y",1,"A","-",22107,,"N","B","H","-","A","D","0","Y","A","01",0,1,0,0,0,0,0,0,0,"-","-","UNINCORPORATED","YUBA","CA",-121.35152,39.33095
"6385336",-121.2901677,39.425754,2014,"5800","4","6","3","08",0,1,"B",,,,,,1800,2,"E","I","A","WILLOW GLEN RD","SKYVIEW CT",24816,"N","N","2014-06-16",9285,"2014-02-08",1520,"014241",,"2","9","0","2",,"2","081","C","N",,0,0,,,0,,,,"Y",1,"A","-",22107,,"N","B","H","-","A","D","0","Y","A","07",0,1,0,0,0,0,0,0,0,"-","-","UNINCORPORATED","YUBA","CA",-121.28936,39.42953
"6385316",0,0,2014,"5800","4","4","3","05",0,1,"C",,,,,,1800,2,"B","C","A","MARYSVILLE RD","OLD DOBBINS RD",528,"E","N","2014-06-16",9285,"2014-02-06",1550,"017393",,"2","9","0","2",,"2","081","-","N",,0,0,,,0,,,,"Y",2,"A","-",21460,"A","N","B","H","-","A","D","0","Y","A","01",0,1,0,0,0,0,0,0,0,"-","-","UNINCORPORATED","YUBA","CA",-121.20264,39.3735
"6385312",-121.2051349,39.3747678,2014,"5800","5","3","3","08",0,1,"B",,,,,,1800,2,"E","I","A","MERRIAM RD","MARYSVILLE RD",160,"N","N","2015-08-12",9285,"2014-02-12",1650,"017393",,"2","9","0","3",,"1","008","-","N",,0,0,,,0,,,,"N",1,"A","-",22107,,"N","A","H","-","A","D","0","Y","A","07",0,1,0,0,0,0,0,0,0,"-","-","UNINCORPORATED","YUBA","CA",-121.20512,39.37505
"6377521",-121.4601458,39.2213517,2014,"5800","4","4","4","08",0,2,"B",,,,,,1200,2,"D","C","A","RT 20","SPRING VALLEY RD",1740,"E","N","2015-11-14",9285,"2014-02-27",914,"14480",,"1","9","0","1",,"1","062","C","Y","YUB",3,20,"-","-",10.74,"H","-","W","Y",2,"A","-",22107,,"N","B","H","-","A","D","0","Y","A","07",0,0,2,0,0,0,0,0,0,"-","-","UNINCORPORATED","YUBA","CA",-121.45994,39.22132
"6377277",0,0,2014,"5800","5","4","4","08",0,1,"A",,,"Y",,,1800,2,"F","A","A","EDGEWATER CIR","BAYWOOD WY",174,"N","N","2014-06-11",9285,"2014-02-20",1730,"18340",,"2","9","0","3",,"1","004","-","N",,0,0,,,0,,,,"Y",1,"A","-",22107,,"N","A","H","-","A","D","0","Y","C","02",0,0,1,0,0,0,0,0,1,"-","-","UNINCORPORATED","YUBA","CA",-121.54633,39.11757
"6377273",-121.2578611,39.3849439,2014,"5800","5","4","2","18",0,1,"A",,,"Y",,,2100,2,"H","H","A","FRENCHTOWN RD","FRENCHTOWN DOBBINS RD",346,"S","N","2014-06-11",9285,"2014-02-20",1845,"18522",,"2","9","0","3",,"1","008","-","N",,0,0,,,0,,,,"N",1,"C","-",0,,"N","A","H","-","D","D","0","Y","-","-",1,0,0,0,0,0,0,0,1,"-","-","UNINCORPORATED","YUBA","CA",-121.25789,39.38488
"6377269",-121.5755173,39.1255996,2014,"5800","4","3","4","01",0,1,"B",,,,,"Y",2100,2,"C","C","A","NORTH BEALE RD","FEATHER RIVER BL",80,"S","N","2014-06-12",9285,"2014-02-26",1837,"18340",,"2","9","0","2",,"1","041","C","N",,0,0,,,0,,,,"Y",4,"A","-",23152,"A","N","B","H","-","C","A","0","Y","A","07",0,0,1,0,0,0,0,0,0,"-","-","UNINCORPORATED","YUBA","CA",-121.57353,39.12565
"6377162",-121.3722292,39.2321194,2014,"5800","4","3","3","18",0,1,"A",,,,,,1800,2,"E","I","A","RT 20","PEORIA RD",9,"W","N","2015-11-14",9285,"2014-02-19",1535,"014480",,"2","9","0","1",,"1","062","-","Y","YUB",3,20,"-","-",15.655,"I","6","W","Y",1,"C","-",0,,"N","A","H","-","A","D","0","Y","-","-",0,1,0,0,0,0,0,0,0,"-","-","UNINCORPORATED","YUBA","CA",-121.37088,39.2334
"6377158",-121.3658084,39.3329252,2014,"5800","3","6","4","08",0,1,"B",,,,,,1800,2,"F","A","A","LOMA RICA RD","LOS VERJELES RD",75,"W","N","2014-06-19",9285,"2014-02-15",1710,"18340",,"2","9","0","2",,"1","061","-","N",,0,0,,,0,,,,"Y",1,"A","-",22107,,"N","A","H","-","A","A","0","Y","D","22",0,0,1,0,0,0,0,0,0,"-","-","UNINCORPORATED","YUBA","CA",-121.36608,39.3329
"6373273",-121.6002007,39.2373791,2014,"5800","3","3","4","08",0,1,"B",,,,,,900,1,"F","A","A","RT 70","MAGNOLIA AV",200,"S","N","2016-01-23",9285,"2014-01-29",832,"16290",,"1","9","0","1",,"1","060","-","Y","YUB",3,70,"-","-",20.91,"H","-","W","Y",1,"A","-",22107,,"N","A","H","-","A","D","0","Y","A","07",0,0,1,0,0,0,0,0,0,"-","-","UNINCORPORATED","YUBA","CA",-121.60051,39.23569
"6373269",-121.5856952,39.1297305,2014,"5800","3","3","4","03",0,2,"C",,,,,,1200,1,"F","A","A","RT 70","FEATHER RIVER BL",0,,"Y","2016-01-23",9285,"2014-01-29",1120,"15048",,"1","9","0","1",,"1","020","-","Y","YUB",3,70,"-","R",11.36,"H","-","E","Y",1,"A","-",22350,,"N","B","H","-","A","D","1","Y","A","01",0,0,2,0,0,0,0,0,0,"-","-","UNINCORPORATED","YUBA","CA",-121.5766,39.12476
"6373265",-121.5739907,39.1129855,2014,"5800","5","5","4","11",0,1,"A","Y",,,,,1500,1,"G","B","E","VINE AV","ALICIA AV",528,"W","N","2014-06-07",9285,"2014-01-24",1315,"15048",,"1","9","0","3",,"1","002","-","N",,0,0,,,0,,,,"N",2,"A","-",21956,"A","N","A","H","-","A","D","0","Y","N","60",0,0,1,0,1,0,0,0,0,"-","-","UNINCORPORATED","YUBA","CA",-121.57375,39.11326
"6373261",-121.4566932,39.0241151,2014,"5800","5","3","4","09",0,2,"A",,,,,,1800,1,"D","C","A","DAIRY RD","OAKLEY LN",0,,"Y","2014-06-07",9285,"2014-01-22",1745,"018340",,"2","9","0","3",,"1","002","-","N",,0,0,,,0,,,,"Y",2,"A","-",21802,"A","N","A","H","-","D","A","0","Y","A","07",0,0,2,0,0,0,0,0,0,"-","-","UNINCORPORATED","YUBA","CA",-121.45678,39.02407
"6363406",-121.5674631,39.165045,2014,"5801","0","3","3","09",0,1,"A",,"Y",,"Y",,1800,1,"D","G","A","NADENE DR","CHELE AV",0,,"Y","2014-06-11",5801,"2014-01-29",1731,"305","YUBAS","5","3","0","0",,"0",,"-","N",,0,0,,,0,,,,"N",2,"A","-",21802,"A","N","B","H","-","C","D","0","Y","L","04",0,1,0,0,0,0,1,0,0,"-","-","MARYSVILLE","YUBA","CA",0,0
"6356790",-121.5568532,39.1685631,2014,"5800","4","1","3","01",0,1,"A",,,,,,2100,1,"E","I","A","RT 20","PLANTZ RD",5808,"W","N","2015-11-14",9285,"2014-01-13",2038,"12427",,"2","9","0","1",,"1","062","-","Y","YUB",3,20,"-","R",3.75,"H","-","E","Y",1,"A","-",23152,"E","N","A","H","-","D","D","0","Y","D","22",0,1,0,0,0,0,0,0,0,"-","-","UNINCORPORATED","YUBA","CA",-121.55727,39.16827
"6356766",0,0,2014,"5800","5","2","4","03",0,1,"A",,,,,,2100,1,"C","C","A","SIMPSON LN","HAMMONTON SMARTVILLE RD",12,,"N","2014-06-05",9285,"2014-01-21",1852,"19168",,"2","9","0","3",,"1","004","-","N",,0,0,,,0,,,,"N",2,"A","-",22350,,"N","A","H","-","C","D","0","Y","A","07",0,0,1,0,0,0,0,0,0,"-","-","UNINCORPORATED","YUBA","CA",-121.55228,38.13435
"6351973",-121.5788732,39.0824049,2014,"5800","4","6","3","01",0,1,"A",,,,,"Y",600,1,"E","I","A","FEATHER RIVER BL","MURPHY RD",2112,"N","N","2014-06-05",9285,"2014-01-11",345,"17534",,"3","9","0","2",,"2","021","-","N",,0,0,,,0,,,,"Y",1,"A","-",23152,"A","N","A","H","-","D","D","0","Y","A","01",0,1,0,0,0,0,0,0,0,"-","-","UNINCORPORATED","YUBA","CA",-121.57892,39.08202
"6351969",-121.4716232,39.0406752,2014,"5800","4","3","4","09",0,1,"B",,,,,,1800,1,"D","C","A","RT 65","S BEALE RD",0,,"Y","2015-11-10",9285,"2014-01-08",1515,"15976",,"2","9","0","2",,"2","025","-","Y","YUB",3,65,"-","-",4.099,"I","5","N","Y",2,"A","-",21802,"A","N","A","H","-","A","A","1","Y","A","01",0,0,1,0,0,0,0,0,0,"-","-","UNINCORPORATED","YUBA","CA",-121.47172,39.04057
"6351961",-121.5466157,39.0995673,2014,"5800","3","6","2","08",0,3,"A",,,,,,1200,1,"F","A","A","RT 70","OLIVEHURST AV",1631,"S","N","2016-01-23",9285,"2014-01-04",1135,"17163",,"1","9","0","1",,"1","020","-","Y","YUB",3,70,"-","R",8.97,"H","-","W","Y",1,"A","-",22107,,"N","A","H","-","A","D","1","Y","A","07",2,1,0,0,0,0,0,0,0,"-","-","UNINCORPORATED","YUBA","CA",-121.54616,39.09896
"6351958",-121.5661743,39.1218085,2014,"5800","5","5","4","10",0,1,"A","Y",,,,,1800,1,"D","B","B","LINDHURST AV","HAMMONTON RD W",94,"S","N","2014-06-06",9285,"2014-01-10",1700,"18522",,"2","9","0","3",,"1","004","-","N",,0,0,,,0,,,,"N",2,"A","-",21950,"A","M","A","H","-","C","A","0","Y","-","99",0,0,1,0,1,0,0,0,0,"-","-","UNINCORPORATED","YUBA","CA",-121.56606,39.12178
"6351957",-121.560968,39.0882146,2014,"5800","5","2","4","05",0,1,"A",,"Y",,,,1200,1,"D","G","A","11TH AV","ARBOGA RD",10,"E","N","2014-06-06",9285,"2014-01-14",1140,"15976",,"1","9","0","3",,"1","002","-","N",,0,0,,,0,,,,"N",2,"A","-",21460,,"F","A","H","-","A","D","0","Y","A","01",0,0,1,0,0,0,1,0,0,"-","-","UNINCORPORATED","YUBA","CA",-121.56096,39.08813
"6351953",-121.5515189,39.0981186,2014,"5800","4","6","4","09",0,4,"A",,,,,,1200,1,"D","C","A","OLIVEHURST AV","6TH AV",45,"N","N","2014-06-06",9285,"2014-01-18",1040,"15048",,"1","9","0","2",,"1","022","-","N",,0,0,,,0,,,,"Y",2,"A","-",21804,"A","N","A","H","-","A","D","0","Y","A","01",0,0,4,0,0,0,0,0,0,"-","-","UNINCORPORATED","YUBA","CA",-121.55132,39.09811
"6340893",-121.5957692,39.2739369,2014,"5800","3","4","4","03",0,2,"A",,,,,,1500,1,"C","C","A","RT 70","RAMIREZ RD",2112,"N","N","2016-01-23",9285,"2014-01-02",1210,"017118",,"1","9","0","1",,"1","060","-","Y","YUB",3,70,"-","-",23.42,"H","-","E","Y",2,"A","-",22350,,"N","A","H","-","A","D","0","Y","A","01",0,0,2,0,0,0,0,0,0,"-","-","UNINCORPORATED","YUBA","CA",-121.59601,39.27214
"6337568",-121.521724,39.1991472,2014,"5800","4","2","4","01",0,1,"A",,,,,"Y",300,1,"E","I","A","RT 20","HALLWOOD BL",2112,"E","N","2015-11-14",9285,"2014-01-14",30,"17080",,"3","9","0","1",,"1","062","-","Y","YUB",3,20,"-","-",6.63,"H","-","E","Y",1,"A","-",23152,"A","N","A","H","-","C","D","0","Y","A","01",0,0,1,0,0,0,0,0,0,"-","-","UNINCORPORATED","YUBA","CA",-121.53385,39.19835
"6337564",-121.4094179,39.2294177,2014,"5800","4","4","3","08",0,1,"A",,,,,,1200,1,"E","I","A","RT 20","BROWNS VALLEY SCHOOL RD",225,"W","N","2015-11-14",9285,"2014-01-09",1100,"14480",,"1","9","0","1",,"1","062","-","Y","YUB",3,20,"-","-",13.56,"H","-","E","Y",1,"A","-",22107,,"N","A","H","-","A","D","0","Y","A","01",0,1,0,0,0,0,0,0,0,"-","-","UNINCORPORATED","YUBA","CA",-121.40779,39.22984
"6337556",-121.557114,39.1275705,2014,"5800","4","4","4","08",0,1,"A",,,,,,1800,1,"E","I","A","NORTH BEALE RD","PARK AV",414,"E","N","2014-06-04",9285,"2014-01-02",1545,"18107",,"2","9","0","2",,"1","041","-","N",,0,0,,,0,,,,"Y",1,"A","-",22107,,"N","A","H","-","A","D","0","Y","A","08",0,0,1,0,0,0,0,0,0,"-","-","UNINCORPORATED","YUBA","CA",-121.55797,39.12746
"6337552",-121.5289776,39.1364793,2014,"5800","4","1","4","11",0,1,"A","Y",,,,,2400,1,"G","B","E","HAMMONTON SMARTVILLE RD","ALBERTA AV",528,"E","N","2014-06-04",9285,"2014-01-06",2213,"19168",,"3","9","0","2",,"1","042","-","N",,0,0,,,0,,,,"N",2,"A","-",21956,,"N","A","H","-","D","D","0","Y","N","60",0,0,1,0,1,0,0,0,0,"-","-","UNINCORPORATED","YUBA","CA",-121.52883,39.13661
"6333089",-121.5589716,39.1132593,2014,"5800","5","4","4","03",0,2,"A",,,,,,1800,1,"C","C","A","ERLE RD","LINDHURST AV",150,"W","N","2014-06-02",9285,"2014-01-02",1710,"018107",,"2","9","0","3",,"1","004","-","N",,0,0,,,0,,,,"Y",2,"A","-",22350,,"N","A","H","-","B","A","0","Y","D","22",0,0,2,0,0,0,0,0,0,"-","-","UNINCORPORATED","YUBA","CA",-121.56064,39.11329