"CASEID","POINT_X","POINT_Y","YEAR_","LOCATION","CHPTYPE","DAYWEEK","CRASHSEV","VIOLCAT","KILLED","INJURED","WEATHER1","PEDCOL","BICCOL","MCCOL","TRUCKCOL","ETOH","TIMECAT","MONTH_","CRASHTYP","INVOLVE","PED","PRIMARYRD","SECONDRD","DISTANCE","DIRECT","INTERSECT_","PROCDATE","JURIS","DATE_","TIME_","BADGE","JURIDIST","SHIFT","POP","SPECIAL","BEATTYPE","LAPDDIV","BEATCLAS","BEATNUMB","WEATHER2","STATEHW","CALTRANC","CALTRAND","STROUTE","ROUTESUF","POSTPRE","POSTMILE","LOCATYPE","RAMP","SIDEHW","TOWAWAY","PARTIES","PCF","VIOLCODE","VIOL","VIOLSUB","HITRUN","ROADSURF","RDCOND1","RDCOND2","LIGHTING","RIGHTWAY","CHPRDTYP","NOTPRIV","STFAULT","CHPFAULT","SEVINJ","OTHERINJ","COP","PEDKILL","PEDINJ","BICKILL","BICINJ","MCKILL","MCINJURE","RAMP1","RAMP2","CITY","COUNTY","STATE","X_CHP","Y_CHP"
"6320260",-121.5450309,39.1278755,2014,"5800","4","6","4","05",0,2,"A",,"Y",,,,1800,1,"D","G","A","NORTH BEALE RD","WOODLAND DR",110,"W","N","2014-06-03",9285,"2014-01-04",1610,"014480",,"2","9","0","2",,"1","041","-","N",,0,0,,,0,,,,"N",3,"A","-",21650,"1","N","A","H","-","A","D","0","Y","L","04",0,0,2,0,0,0,2,0,0,"-","-","UNINCORPORATED","YUBA","CA",-121.54534,39.12779
"6312963",0,0,2014,"5801","0","5","4","09",0,1,"-",,,"Y","Y",,1800,1,"F","A","A","EAST 24TH ST","TRIPLETT WY",11,"W","N","2014-06-05",5801,"2014-01-03",1550,"SAM4","YUBA","5","3","0","0",,"0","5801","-","N",,0,0,,,0,,,,"Y",2,"A","-",21804,"A","N","A","H","-","B","D","0","Y","-","-",0,0,1,0,0,0,0,0,0,"-","-","MARYSVILLE","YUBA","CA",0,0
"6291982",-121.2346777,39.3727175,2014,"5800","5","5","1","08",1,0,"B",,,,,,1200,4,"E","I","A","MARYSVILLE RD","FRENCHTOWN DOBBINS RD",1725,"W","N","2015-02-25",9285,"2014-04-25",1045,"14744",,"1","9","1","3",,"1","008","-","N",,0,0,,,0,,,,"Y",1,"A","-",22107,,"N","A","H","-","A","D","0","Y","H","64",0,0,0,0,0,0,0,0,0,"-","-","UNINCORPORATED","YUBA","CA",-121.23431,39.37336
"6291905",0,0,2014,"5800","5","5","1","08",1,0,"B",,,,,"Y",1200,10,"E","I","A","BARTON N HILL RD","TAMBI LN",2640,"E","N","2015-02-02",9285,"2014-10-31",956,"14480",,"1","9","0","3",,"1","008","-","N",,0,0,,,0,,,,"Y",1,"A","-",22107,,"N","A","H","-","A","D","0","Y","A","07",0,0,0,0,0,0,0,0,0,"-","-","UNINCORPORATED","YUBA","CA",-121.12903,39.55203
"6291780",0,0,2014,"5801","0","4","1","03",1,2,"B",,,,,,900,11,"D","C","A","SIMPSON LN","MARYSVILLE CITY LIMITS",220,"W","N","2014-12-22",5801,"2014-11-13",754,"S1",,"5","3","0","0",,"0",,"C","N",,0,0,,,0,,,,"Y",3,"A","-",22350,,"N","B","H","-","A","D","0","Y","A","01",1,0,1,0,0,0,0,0,0,"-","-","MARYSVILLE","YUBA","CA",0,0
"6290727",-121.5526883,39.1360914,2014,"5800","5","3","1","03",1,0,"A",,,,,,1500,1,"F","A","A","SIMPSON LN","SIMPSON DANTONI RD",213,"N","N","2014-06-12",9285,"2014-01-01",1415,"15048",,"2","9","0","3",,"1","004","-","N",,0,0,,,0,,,,"Y",1,"A","-",22350,,"F","A","H","-","A","D","0","Y","A","07",0,0,0,0,0,0,0,0,0,"-","-","UNINCORPORATED","YUBA","CA",-121.55249,39.13561
"90272577",0,0,2016,"5800","4","3","4","03",0,1,"A",,,,,,2100,9,"C","C","A","N. BEALE RD.","WALMART CENTER",0,,"Y","2016-09-21",9285,"2016-09-14",2030,"019760",,"2","9","0","2",,"1","041","-","N",,0,0,,,0,,,,"N",2,"A","-",22350,,"N","A","H","-","C","A","0","Y","A","01",0,0,1,0,0,0,0,0,0,"-","-","UNINCORPORATED","YUBA","CA",-121.57165,39.12451
"90274693",-121.0503613,39.450587,2016,"5800","5","1","2","03",0,1,"A",,,"Y",,,1200,9,"F","A","A","PIKE CITY ROAD","SPENCER ST",5280,"S","N","2016-09-23",9230,"2016-09-12",1010,"020411",,"1","9","0","3",,"2","080","-","N",,0,0,,,0,,,,"N",1,"A","-",22350,,"N","A","H","-","A","D","0","Y","C","06",1,0,0,0,0,0,0,0,1,"-","-","UNINCORPORATED","YUBA","CA",-121.04709,39.44521
"90275355",0,0,2016,"5800","5","5","4","08",0,1,"A",,,,,,1200,9,"E","I","A","RIVEROAKS DRIVE","HIDDEN CREEK WAY",491,"N","N","2016-09-26",9285,"2016-09-16",955,"017118",,"1","9","0","3",,"1","002","-","N",,0,0,,,0,,,,"Y",1,"A","-",22107,,"N","A","H","-","A","D","0","Y","A","01",0,0,1,0,0,0,0,0,0,"-","-","UNINCORPORATED","YUBA","CA",-121.55068,39.00984
"90275368",0,0,2016,"5800","4","5","3","08",0,1,"A",,,,,,1500,9,"E","I","A","MARYSVILLE RD","ROAD 270",800,"W","N","2016-09-26",9285,"2016-09-16",1430,"018986",,"2","9","0","2",,"2","081","-","N",,0,0,,,0,,,,"Y",1,"A","-",22107,,"N","A","H","-","A","D","0","Y","A","07",0,1,0,0,0,0,0,0,0,"-","-","UNINCORPORATED","YUBA","CA",-121.30539,39.36073
"90275608",-121.5445231,39.0970933,2016,"5800","3","6","3","08",0,1,"A",,,,,,900,9,"E","I","A","SOUTHBOUND STATE ROUTE 70","OLIVEHURST AVE",2640,"S","N","2016-09-26",9285,"2016-09-17",608,"017534",,"1","9","0","1",,"1","020","-","Y",,0,0,,,0,,,,"Y",1,"A","-",22107,,"N","A","H","-","B","D","0","Y","A","01",0,1,0,0,0,0,0,0,0,"-","-","UNINCORPORATED","YUBA","CA",-121.54273,39.09475
"90275948",-121.2206446,39.3638631,2016,"5800","5","7","4","03",0,1,"A",,,,,,1800,9,"C","C","A","TEXAS HILL ROAD","YUBA NEVADA ROAD",6,"E","N","2016-09-26",9285,"2016-09-18",1550,"017393",,"2","9","0","3",,"1","008","-","N",,0,0,,,0,,,,"N",2,"A","-",22350,,"N","A","H","-","A","D","0","Y","A","01",0,0,1,0,0,0,0,0,0,"-","-","UNINCORPORATED","YUBA","CA",-121.27084,39.36369
"90275969",0,0,2016,"5800","3","1","3","01",0,1,"A",,,,,"Y",300,9,"F","A","A","SR-70 (N/B) FROM FEATHER RIVER BLVD.","FEATHER RIVER BLVD.",320,"S","N","2016-09-26",9285,"2016-09-19",1,"018291",,"3","9","0","1",,"1","020","-","Y",,0,0,,,0,,,,"Y",1,"A","-",23152,"A","N","A","H","-","C","D","0","Y","D","22",0,1,0,0,0,0,0,0,0,"-","-","UNINCORPORATED","YUBA","CA",-121.57549,39.12433
"90275982",-121.5591793,39.1275287,2016,"5800","4","1","4","03",0,1,"A",,,,,,900,9,"C","C","A","NORTH BEALE ROAD","PARK AVE",172,"W","N","2016-09-26",9285,"2016-09-19",708,"017534",,"1","9","0","2",,"1","041","-","N",,0,0,,,0,,,,"Y",2,"A","-",22350,,"N","A","H","-","A","D","0","Y","A","01",0,0,1,0,0,0,0,0,0,"-","-","UNINCORPORATED","YUBA","CA",-121.55934,39.12769
"90276082",0,0,2016,"5800","3","5","3","07",0,1,"A",,,,,,900,9,"C","C","A","SR-70 N/B","FEATHER RIVER BLVD",420,"S","N","2016-09-26",9285,"2016-09-23",630,"018475",,"1","9","0","1",,"1","020","-","Y",,0,0,,,0,,,,"Y",2,"A","-",21658,"A","N","A","H","-","A","D","0","Y","A","07",0,1,0,0,0,0,0,0,0,"-","-","UNINCORPORATED","YUBA","CA",-121.57627,39.12451
"90276092",0,0,2016,"5800","3","5","4","03",0,1,"A",,,,,,900,9,"C","C","A","SR-70 N/B","FEATHER RIVER BLVD",1600,"N","N","2016-09-26",9285,"2016-09-23",805,"018475",,"1","9","0","1",,"1","020","-","Y",,0,0,,,0,,,,"Y",3,"A","-",22350,,"N","A","H","-","A","D","0","Y","A","01",0,0,1,0,0,0,0,0,0,"-","-","UNINCORPORATED","YUBA","CA",-121.58168,39.12734
"90278853",-121.3077361,39.1173092,2016,"5800","5","6","3","08",0,2,"A",,,,,,1500,9,"E","I","A","WALDO RD","SPENCEVILLE RD",2300,"N","N","2016-09-29",9285,"2016-09-24",1415,"018475",,"2","9","0","3",,"1","006","-","N",,0,0,,,0,,,,"Y",1,"A","-",22107,,"F","A","H","-","A","D","0","Y","A","01",0,2,0,0,0,0,0,0,0,"-","-","UNINCORPORATED","YUBA","CA",-121.30773,39.11755
"90282126",0,0,2016,"5800","3","4","4","03",0,1,"A",,,,,,1800,9,"C","C","A","SR-70 N/B","FEATHER RIVER BLVD",2700,"N","N","2016-10-03",9285,"2016-09-22",1530,"018475",,"2","9","0","1",,"1","020","-","N",,0,0,,,0,,,,"N",2,"A","-",22350,,"M","A","H","-","A","D","0","Y","A","01",0,0,1,0,0,0,0,0,0,"-","-","UNINCORPORATED","YUBA","CA",-121.58478,39.12924
"90282356",-121.5731156,39.1190922,2016,"5800","4","3","4","11",0,1,"A","Y",,,,"Y",2100,9,"G","B","E","ARBOGA RD","JANET AVE",47,"N","N","2016-10-03",9285,"2016-09-28",1940,"019760",,"2","9","0","2",,"1","022","-","N",,0,0,,,0,,,,"N",2,"A","-",21954,"A","N","A","H","-","D","D","0","Y","N","60",0,0,1,0,1,0,0,0,0,"-","-","UNINCORPORATED","YUBA","CA",-121.57317,39.11912
"90282471",-121.5475944,39.1352921,2016,"5800","4","6","3","08",0,2,"A",,,"Y",,,2100,9,"D","C","A","HAMMONTON SMARTVILLE RD","MAPES WAY",115,"E","N","2016-10-03",9285,"2016-09-24",1835,"018632",,"2","9","0","2",,"1","042","-","N",,0,0,,,0,,,,"Y",2,"A","-",22107,,"N","A","H","-","A","D","0","Y","A","01",0,2,0,0,0,0,0,0,2,"-","-","UNINCORPORATED","YUBA","CA",-121.54759,39.13527
"90283253",-121.4140732,39.2279026,2016,"5800","4","7","4","21",0,4,"A",,,,,,1500,10,"C","C","A","MARYSVILLE ROAD","SR-20",10,"N","N","2016-10-04",9285,"2016-10-02",1445,"018291",,"2","9","0","2",,"1","061","-","Y",,0,0,,,0,,,,"N",2,"A","-",22106,,"N","A","H","-","A","A","0","Y","A","01",0,0,4,0,0,0,0,0,0,"-","-","UNINCORPORATED","YUBA","CA",-121.41415,39.22792
"90283670",-121.5603,39.1274985,2016,"5800","4","3","3","08",0,1,"A",,"Y",,,,1800,9,"C","G","A","NORTH BEALE RD","LOWE AVE",245,"E","N","2016-10-04",9285,"2016-09-21",1602,"014401",,"2","9","0","2",,"1","041","-","N",,0,0,,,0,,,,"N",2,"A","-",22107,,"N","A","H","-","A","D","0","Y","A","01",0,1,0,0,0,0,1,0,0,"-","-","UNINCORPORATED","YUBA","CA",-121.56048,39.12761
"90283691",-121.5948793,39.1934155,2016,"5800","3","3","3","08",0,3,"A",,,,,,1800,9,"E","I","A","STATE ROUTE 70","ELLIS ROAD",1584,"S","N","2016-10-04",9285,"2016-09-21",1535,"017534",,"2","9","0","1",,"1","060","-","Y",,0,0,,,0,,,,"Y",1,"A","-",22107,,"N","A","H","-","A","D","0","Y","A","07",0,1,2,0,0,0,0,0,0,"-","-","UNINCORPORATED","YUBA","CA",-121.59493,39.19295
"90283747",0,0,2016,"5800","5","7","4","09",0,1,"A",,,,,,900,10,"D","C","A","ERLE ROAD","SB SR 70 OFF-RAMP",35,"E","N","2016-10-04",9285,"2016-10-02",835,"017534",,"1","9","0","3",,"1","004","-","Y",,0,0,,,0,,,,"Y",2,"A","-",21801,"A","N","A","H","-","A","D","0","Y","A","01",0,0,1,0,0,0,0,0,0,"-","-","UNINCORPORATED","YUBA","CA",-121.56028,39.11311
"90283753",0,0,2016,"5800","5","3","4","03",0,1,"A",,,,,,900,9,"C","C","A","OLIVE AVE","MCGOWAN PKY",27,"W","N","2016-10-04",9285,"2016-09-28",740,"018475",,"1","9","0","3",,"1","002","-","N",,0,0,,,0,,,,"N",2,"A","-",22350,,"N","A","H","-","A","A","0","Y","A","01",0,0,1,0,0,0,0,0,0,"-","-","UNINCORPORATED","YUBA","CA",-121.53065,39.07753
"90284485",-121.5287819,39.128174,2016,"5800","4","3","3","09",0,1,"A",,"Y",,,,1800,9,"D","G","A","N. BEALE ROAD","ALBERTA AVE",528,"E","N","2016-10-05",9285,"2016-09-21",1754,"018986",,"2","9","0","2",,"1","041","-","N",,0,0,,,0,,,,"N",2,"A","-",21804,"A","N","A","D","-","A","D","0","Y","L","04",0,1,0,0,0,0,1,0,0,"-","-","UNINCORPORATED","YUBA","CA",-121.52825,39.12804
"90285142",0,0,2016,"5800","5","6","1","08",1,0,"A",,,,,,900,9,"F","A","A","FORTY MILE ROAD","WHEATLAND ROAD",1822,"N","N","2016-10-06",9285,"2016-09-03",610,"018561",,"1","9","0","3",,"1","004","-","N",,0,0,,,0,,,,"Y",1,"A","-",22107,,"N","A","H","-","B","D","0","Y","A","01",0,0,0,0,0,0,0,0,0,"-","-","UNINCORPORATED","YUBA","CA",-121.49066,38.99507
"90286001",-121.5232875,39.1981552,2016,"5800","3","5","3","18",0,1,"A",,,,,,900,9,"E","J","A","SR-20","HALLWOOD BLVD",2640,"W","N","2016-10-06",9285,"2016-09-23",640,"015976",,"1","9","1","1",,"1","062","-","Y",,0,0,,,0,,,,"N",1,"C","-",0,,"N","A","H","-","A","D","0","Y","-","-",0,1,0,0,0,0,0,0,0,"-","-","UNINCORPORATED","YUBA","CA",-121.51838,39.20123
"90289296",-121.5236532,39.1282251,2016,"5800","4","1","4","09",0,3,"A",,,,,,1800,9,"D","C","A","NORTH BEALE RD","GRIFFITH AVE",0,,"Y","2016-10-11",9285,"2016-09-26",1705,"014401",,"2","9","0","2",,"1","041","-","N",,0,0,,,0,,,,"Y",2,"A","-",21802,"A","N","A","H","-","A","A","0","Y","A","07",0,0,3,0,0,0,0,0,0,"-","-","UNINCORPORATED","YUBA","CA",-121.52344,39.1283
"90289303",0,0,2016,"5800","5","5","3","03",0,1,"A",,,,,,1800,9,"C","C","A","FORTY MILE ROAD","PLUMAS SCHOOL ROAD",528,"S","N","2016-10-11",9285,"2016-09-30",1730,"017393",,"2","9","0","3",,"1","002","-","N",,0,0,,,0,,,,"Y",2,"A","-",22350,,"N","A","H","-","A","D","0","Y","A","01",0,1,0,0,0,0,0,0,0,"-","-","UNINCORPORATED","YUBA","CA",-121.51016,39.07424
"90289333",-121.3382816,39.3378353,2016,"5800","4","6","3","06",0,1,"A",,,"Y",,,1500,10,"B","C","A","MARYSVILLE ROAD","COLLINS LAKE RD",2112,"S","N","2016-10-11",9285,"2016-10-01",1418,"017393",,"2","9","0","2",,"2","081","-","N",,0,0,,,0,,,,"Y",2,"A","-",21750,,"N","A","H","-","A","D","0","Y","C","02",0,1,0,0,0,0,0,0,1,"-","-","UNINCORPORATED","YUBA","CA",-121.33821,39.33849
"90289416",0,0,2016,"5800","5","2","4","03",0,1,"B",,,,,,900,10,"C","C","A","SIMPSON LANE","HAMMONTON SMARTSVILLE ROAD",175,"N","N","2016-10-11",9285,"2016-10-04",625,"017534",,"1","9","0","3",,"1","004","-","N",,0,0,,,0,,,,"Y",2,"A","-",22350,,"N","A","H","-","B","A","0","Y","A","01",0,0,1,0,0,0,0,0,0,"-","-","UNINCORPORATED","YUBA","CA",-121.55244,39.13433
"90289423",-121.4611641,39.0462679,2016,"5800","5","1","4","05",0,1,"A",,,,,,1800,9,"E","I","A","SOUTH BEALE ROAD","SR-65",3696,"E","N","2016-10-17",9285,"2016-09-26",1555,"018561",,"2","9","0","3",,"1","004","-","N",,0,0,,,0,,,,"Y",1,"A","-",21650,,"N","A","H","-","A","D","0","Y","A","01",0,0,1,0,0,0,0,0,0,"-","-","UNINCORPORATED","YUBA","CA",-121.46516,39.0459
"90291118",0,0,2016,"5800","3","1","4","08",0,1,"B",,,,,,900,10,"E","I","A","SR-70 (S/B)","SADDLEBACK DR",300,"N","N","2016-10-13",9285,"2016-10-03",758,"018291",,"1","9","0","1",,"1","060","-","Y",,0,0,,,0,,,,"Y",1,"A","-",22107,,"N","A","H","-","A","D","0","Y","A","01",0,0,1,0,0,0,0,0,0,"-","-","UNINCORPORATED","YUBA","CA",-121.5949,39.19068
"90293756",-121.5949047,39.291248,2016,"5800","3","5","3","08",0,2,"B",,,,,,1200,10,"E","I","A","STATE ROUTE 70","CHANDLER ROAD",3696,"S","N","2016-10-17",9285,"2016-10-07",1130,"015491",,"1","9","0","1",,"1","060","-","Y",,0,0,,,0,,,,"N",1,"A","-",22107,,"N","A","H","-","A","D","0","Y","A","07",0,1,1,0,0,0,0,0,0,"-","-","UNINCORPORATED","YUBA","CA",-121.59531,39.28137
"90295430",-121.5320309,39.0778951,2016,"5800","5","2","4","10",0,1,"A","Y",,,,,900,10,"G","B","B","VIA GRANDE","VIA NOVATO",5,"W","N","2016-10-19",9285,"2016-10-11",750,"017534",,"1","9","0","3",,"1","002","-","N",,0,0,,,0,,,,"N",2,"A","-",21950,"A","N","A","A","-","A","A","0","Y","A","01",0,0,1,0,1,0,0,0,0,"-","-","UNINCORPORATED","YUBA","CA",-121.53211,39.07782
"90295445",-121.5236532,39.1282251,2016,"5800","5","6","4","09",0,4,"C",,,,,,1800,10,"D","C","A","GRIFFITH AVENUE","NORTH BEALE ROAD",0,,"Y","2016-10-19",9285,"2016-10-15",1705,"017534",,"2","9","0","3",,"1","004","-","N",,0,0,,,0,,,,"Y",2,"A","-",21802,"A","N","B","H","-","B","A","0","Y","A","01",0,0,4,0,0,0,0,0,0,"-","-","UNINCORPORATED","YUBA","CA",-121.5236,39.1282
"90295476",-121.5439707,38.9778081,2016,"5800","4","2","4","07",0,2,"A",,,,,,1800,10,"B","C","A","FEATHER RIVER BOULEVARD","STATE ROUTE 70",210,"W","N","2016-10-19",9285,"2016-10-11",1525,"017534",,"2","9","0","2",,"2","021","-","Y",,0,0,,,0,,,,"Y",2,"A","-",21658,"A","N","A","H","-","A","D","0","Y","A","07",0,0,2,0,0,0,0,0,0,"-","-","UNINCORPORATED","YUBA","CA",-121.34399,39.07262
"90296854",-121.4140732,39.2279163,2016,"5800","4","3","4","03",0,1,"A",,,,,,1200,9,"C","C","A","MARYSVILLE RD","SR-20",15,"N","N","2016-10-20",9285,"2016-09-28",1151,"018986",,"1","9","0","2",,"1","061","-","Y",,0,0,,,0,,,,"N",2,"A","-",22350,,"N","A","H","-","A","A","0","Y","A","01",0,0,1,0,0,0,0,0,0,"-","-","UNINCORPORATED","YUBA","CA",-121.41423,39.22806
"90298853",-121.5427332,39.0835751,2016,"5800","5","6","3","05",0,1,"A",,"Y",,,,2100,10,"D","G","A","14TH STREET","POWERLINE RD",0,,"Y","2016-10-24",9285,"2016-10-08",1953,"019760",,"2","9","0","3",,"1","002","-","N",,0,0,,,0,,,,"N",2,"A","-",21650,,"N","A","H","-","C","A","0","Y","L","04",0,1,0,0,0,0,1,0,0,"-","-","UNINCORPORATED","YUBA","CA",-121.54282,38.08355
"90298864",-121.5128732,39.213255,2016,"5800","3","6","3","09",0,3,"A",,,,,,1200,10,"D","C","A","SR-20","WOODRUFF LN",0,,"Y","2016-10-24",9285,"2016-10-01",1110,"018561",,"1","9","0","1",,"1","062","-","Y",,0,0,,,0,,,,"Y",2,"A","-",21802,"A","N","A","H","-","A","A","0","Y","A","07",0,1,2,0,0,0,0,0,0,"-","-","UNINCORPORATED","YUBA","CA",-121.51285,39.21331
"90298900",0,0,2016,"5800","4","6","3","01",0,1,"A",,,,,"Y",1800,10,"E","A","A","N. BEALE ROAD","LINDHURST AVENUE",150,"E","N","2016-10-24",9285,"2016-10-08",1604,"018561",,"2","9","0","2",,"1","041","-","N",,0,0,,,0,,,,"Y",1,"A","-",23152,"A","N","A","H","-","A","A","0","Y","A","01",0,1,0,0,0,0,0,0,0,"-","-","UNINCORPORATED","YUBA","CA",-121.57026,39.12517
"90298975",-121.5424584,39.0913371,2016,"5800","5","2","4","03",0,2,"A",,,,,,900,10,"C","C","A","POWERLINE ROAD","9TH AVENUE",43,"S","N","2016-10-24",9285,"2016-10-18",752,"017534",,"1","9","0","3",,"1","002","-","N",,0,0,,,0,,,,"Y",2,"A","-",22350,,"N","A","H","-","A","D","0","Y","A","01",0,0,2,0,0,0,0,0,0,"-","-","UNINCORPORATED","YUBA","CA",-121.54251,39.09143
"90299145",-121.4075415,39.230021,2016,"5800","3","5","3","03",0,1,"A",,,,,,1800,10,"C","C","A","STATE ROUTE 20","BROWNS VALLEY SCHOOL ROAD",173,"W","N","2016-10-24",9285,"2016-10-21",1625,"015491",,"2","9","0","1",,"1","062","-","Y",,0,0,,,0,,,,"Y",2,"A","-",22350,,"N","A","H","-","A","D","0","Y","A","01",0,1,0,0,0,0,0,0,0,"-","-","UNINCORPORATED","YUBA","CA",-121.40765,39.22996
"90301551",-121.3359704,39.2209287,2016,"5800","3","3","2","08",0,1,"A",,,,,,2100,10,"E","I","A","STATE HIGHWAY 20","TIMBUCTOO RD",806,"W","N","2016-10-26",9285,"2016-10-19",1925,"019830",,"2","9","0","1",,"1","062","-","Y",,0,0,,,0,,,,"Y",1,"A","-",22107,,"N","A","H","-","D","D","0","Y","A","01",1,0,0,0,0,0,0,0,0,"-","-","UNINCORPORATED","YUBA","CA",-121.31289,39.21042
"90301564",-121.558679,39.1275423,2016,"5800","4","3","4","03",0,2,"A",,,,,,1500,10,"C","C","A","N. BEALE RD","PARK AVE",30,"W","N","2016-10-26",9285,"2016-10-19",1235,"018475",,"1","9","0","2",,"1","041","-","N",,0,0,,,0,,,,"N",3,"A","-",22350,,"N","A","H","-","A","D","0","Y","D","22",0,0,2,0,0,0,0,0,0,"-","-","UNINCORPORATED","YUBA","CA",-121.55866,39.12753
"90302993",-121.4551199,39.0292348,2016,"5800","4","7","4","03",0,1,"A",,,,,,1500,10,"C","C","A","SR-65","DAIRY RD",1584,"N","N","2016-10-27",9285,"2016-10-23",1413,"018561",,"2","9","0","2",,"2","025","-","Y",,0,0,,,0,,,,"Y",2,"A","-",22350,,"N","A","H","-","A","D","0","Y","A","01",0,0,1,0,0,0,0,0,0,"-","-","UNINCORPORATED","YUBA","CA",-121.45558,39.0294
"90303025",-121.2992504,39.4521279,2016,"5800","4","5","3","08",0,1,"B",,,,,,1800,10,"E","I","A","LA PORTE RD","AERO WAY",1500,"S","N","2016-10-27",9285,"2016-10-14",1759,"018986",,"2","9","0","2",,"2","082","-","N",,0,0,,,0,,,,"Y",1,"A","-",22107,,"N","B","H","-","B","D","0","Y","A","07",0,1,0,0,0,0,0,0,0,"-","-","UNINCORPORATED","YUBA","CA",-121.30076,39.45237
"90303117",-121.5535176,39.1369245,2016,"5800","5","5","4","03",0,1,"B",,,,,,900,10,"D","C","A","SIMPSON LANE","SIMPSON DANTONI RD",600,"N","N","2016-10-27",9285,"2016-10-14",825,"017118",,"1","9","0","3",,"1","004","C","N",,0,0,,,0,,,,"Y",2,"A","-",22350,,"N","B","H","-","A","D","0","Y","A","01",0,0,1,0,0,0,0,0,0,"-","-","UNINCORPORATED","YUBA","CA",-121.55342,39.13693
"90303386",-121.5477318,39.100644,2016,"5800","3","1","4","03",0,1,"C",,,,,,2100,10,"C","C","A","SR-70","OLIVEHURST AVENUE ",1056,"S","N","2016-10-27",9285,"2016-10-24",1820,"018632",,"2","9","0","1",,"1","020","-","Y",,0,0,,,0,,,,"Y",2,"A","-",22350,,"N","B","H","-","D","D","0","Y","D","22",0,0,1,0,0,0,0,0,0,"-","-","UNINCORPORATED","YUBA","CA",-121.54738,39.10067
"90307152",0,0,2016,"5800","3","2","4","03",0,2,"B",,,,,,1800,10,"C","C","A","SR-70 E/B","SCHULER LN",350,"N","N","2016-10-31",9285,"2016-10-25",1525,"018475",,"2","9","0","1",,"1","060","-","Y",,0,0,,,0,,,,"Y",2,"A","-",22350,,"N","B","H","-","A","D","0","Y","A","01",0,0,2,0,0,0,0,0,0,"-","-","UNINCORPORATED","YUBA","CA",-121.59995,39.24034
"90310148",-121.5727693,39.176789,2016,"5800","5","5","4","08",0,2,"A",,,,,,2100,10,"F","A","A","JACK SLOUGH RD","KIMBALL LN",1056,"S","N","2016-11-03",9285,"2016-10-21",1850,"019223",,"2","9","0","3",,"1","006","-","N",,0,0,,,0,,,,"Y",1,"A","-",22107,,"N","A","H","-","B","D","0","Y","A","07",0,0,2,0,0,0,0,0,0,"-","-","UNINCORPORATED","YUBA","CA",-121.5723,39.17736
"90310157",-121.2204611,39.4845737,2016,"5800","4","7","4","04",0,2,"B",,,"Y",,,1500,10,"C","C","A","LA PORTE ROAD","OREGON HILL RD",10,"E","N","2016-11-03",9285,"2016-10-23",1401,"018986",,"2","9","0","2",,"2","082","-","N",,0,0,,,0,,,,"Y",2,"A","-",21703,,"N","A","H","-","A","D","0","Y","C","02",0,0,2,0,0,0,0,0,2,"-","-","UNINCORPORATED","YUBA","CA",-121.22032,39.48482
"90310560",-121.590877,39.1758496,2016,"5800","3","3","3","03",0,2,"A",,,,,,900,11,"C","C","A","STATE ROUTE 70","SILVA AVENUE",2000,"S","N","2016-11-03",9285,"2016-11-02",810,"015491",,"1","9","0","1",,"1","060","-","Y",,0,0,,,0,,,,"Y",2,"A","-",22350,,"N","A","H","-","A","D","0","Y","A","01",0,1,1,0,0,0,0,0,0,"-","-","UNINCORPORATED","YUBA","CA",-121.59096,39.17621
"90312342",-121.5496307,39.1032421,2016,"5800","4","6","4","01",0,1,"A",,,,,"Y",1800,10,"C","C","A","LINDHURST AVE","OLIVEHURST AVE",170,"S","N","2016-11-07",9285,"2016-10-22",1520,"018561",,"2","9","0","2",,"1","022","-","Y",,0,0,,,0,,,,"Y",2,"A","-",23152,"A","M","A","H","-","A","D","0","Y","D","22",0,0,1,0,0,0,0,0,0,"-","-","UNINCORPORATED","YUBA","CA",-121.54956,39.10313
"90312351",-121.5793446,39.1013438,2016,"5800","4","1","4","03",0,1,"C",,,,,,2100,10,"E","I","A","FEATHER RIVER BLVD.","MYRNA AVE",35,"S","N","2016-11-07",9285,"2016-10-31",1924,"019798",,"2","9","0","2",,"2","021","-","N",,0,0,,,0,,,,"Y",1,"A","-",22350,,"N","B","H","-","D","D","0","Y","A","01",0,0,1,0,0,0,0,0,0,"-","-","UNINCORPORATED","YUBA","CA",-121.57917,39.10139
"90312358",0,0,2016,"5800","4","3","2","11",0,1,"A","Y",,,,,2400,10,"G","B","D","N. BEALE RD.","LINDHURST AVE",569,"E","N","2016-11-07",9285,"2016-10-26",2120,"019760",,"2","9","0","2",,"1","041","-","N",,0,0,,,0,,,,"N",2,"A","-",21954,"A","N","A","H","-","C","D","0","Y","N","60",1,0,0,0,1,0,0,0,0,"-","-","UNINCORPORATED","YUBA","CA",-121.56945,39.12543