"CASEID","POINT_X","POINT_Y","YEAR_","LOCATION","CHPTYPE","DAYWEEK","CRASHSEV","VIOLCAT","KILLED","INJURED","WEATHER1","PEDCOL","BICCOL","MCCOL","TRUCKCOL","ETOH","TIMECAT","MONTH_","CRASHTYP","INVOLVE","PED","PRIMARYRD","SECONDRD","DISTANCE","DIRECT","INTERSECT_","PROCDATE","JURIS","DATE_","TIME_","BADGE","JURIDIST","SHIFT","POP","SPECIAL","BEATTYPE","LAPDDIV","BEATCLAS","BEATNUMB","WEATHER2","STATEHW","CALTRANC","CALTRAND","STROUTE","ROUTESUF","POSTPRE","POSTMILE","LOCATYPE","RAMP","SIDEHW","TOWAWAY","PARTIES","PCF","VIOLCODE","VIOL","VIOLSUB","HITRUN","ROADSURF","RDCOND1","RDCOND2","LIGHTING","RIGHTWAY","CHPRDTYP","NOTPRIV","STFAULT","CHPFAULT","SEVINJ","OTHERINJ","COP","PEDKILL","PEDINJ","BICKILL","BICINJ","MCKILL","MCINJURE","RAMP1","RAMP2","CITY","COUNTY","STATE","X_CHP","Y_CHP"
"90312363",-121.5565899,39.0953852,2016,"5800","4","5","4","21",0,1,"B",,,,,,1800,10,"B","C","A","7TH AVENUE","BEAVER LN",106,"E","N","2016-11-07",9285,"2016-10-28",1551,"017118",,"2","9","0","2",,"1","022","C","N",,0,0,,,0,,,,"N",2,"A","-",22106,,"N","B","H","-","A","D","0","Y","A","01",0,0,1,0,0,0,0,0,0,"-","-","UNINCORPORATED","YUBA","CA",-121.55643,39.09539
"90312418",-121.58202,39.1273215,2016,"5800","3","5","4","03",0,2,"A",,,,,,900,11,"C","C","A","STATE ROUTE 70 NORTHBOUND","FEATHER RIVER BOULEVARD",1735,"N","N","2016-11-07",9285,"2016-11-04",805,"015491",,"1","9","0","1",,"1","020","-","Y",,0,0,,,0,,,,"N",2,"A","-",22350,,"N","A","H","-","A","D","0","Y","A","01",0,0,2,0,0,0,0,0,0,"-","-","UNINCORPORATED","YUBA","CA",-121.58196,39.12747
"90312435",-121.4347531,39.0164851,2016,"5800","4","7","3","01",0,1,"A",,,,,"Y",300,10,"D","C","A","SR-65 SB","EVERGREEN DR",0,,"Y","2016-11-07",9285,"2016-10-09",145,"019253",,"3","9","0","2",,"2","025","-","Y",,0,0,,,0,,,,"Y",2,"A","-",23152,"A","N","A","H","-","D","D","0","Y","A","01",0,1,0,0,0,0,0,0,0,"-","-","UNINCORPORATED","YUBA","CA",-121.4349,39.01654
"90313528",-121.3766911,39.046902,2016,"5800","5","2","4","01",0,1,"B",,,,,,300,11,"E","I","A","SPENCEVILLE RD","ERIC LN",7920,"W","N","2016-11-08",9285,"2016-11-01",255,"018636",,"3","9","0","3",,"1","002","C","N",,0,0,,,0,,,,"Y",1,"A","-",23152,"E","N","B","H","-","D","D","0","Y","A","07",0,0,1,0,0,0,0,0,0,"-","-","UNINCORPORATED","YUBA","CA",-121.37645,39.04702
"90313543",-121.5544951,39.1133289,2016,"5800","5","1","4","09",0,1,"C",,,,,,2100,10,"C","C","A","ERLE RD","EDGEWATER CIR",80,"W","N","2016-11-08",9285,"2016-10-24",1818,"019830",,"2","9","0","3",,"1","004","-","N",,0,0,,,0,,,,"N",2,"A","-",21802,"A","N","B","H","-","C","D","0","Y","A","01",0,0,1,0,0,0,0,0,0,"-","-","UNINCORPORATED","YUBA","CA",-121.54529,39.11355
"90313559",0,0,2016,"5800","5","2","3","01",0,1,"A",,,,,"Y",2100,11,"E","J","A","CHUCK YEAGER RD.","BIG OAK VALLEY RD",322,"N","N","2016-11-08",9285,"2016-11-01",2045,"019830",,"2","9","0","3",,"1","004","-","N",,0,0,,,0,,,,"Y",1,"A","-",23152,"A","N","A","H","-","D","D","0","Y","D","22",0,1,0,0,0,0,0,0,0,"-","-","UNINCORPORATED","YUBA","CA",-121.30167,39.1899
"90314759",0,0,2016,"5800","4","2","4","03",0,1,"A",,,,,,900,11,"C","C","A","SR-65 (S/B)","EVERGREEN DR.",1500,"N","N","2016-11-09",9285,"2016-11-08",745,"018291",,"1","9","0","2",,"2","025","-","Y",,0,0,,,0,,,,"N",2,"A","-",22350,,"N","A","H","-","A","D","0","Y","A","08",0,0,1,0,0,0,0,0,0,"-","-","UNINCORPORATED","YUBA","CA",-121.44116,39.02026
"90316186",-121.3505479,39.0628756,2016,"5800","5","5","4","09",0,1,"B",,,,,,900,10,"B","C","A","CAMP FAR WEST RD","SPENCEVILLE RD",870,"S","N","2016-11-10",9285,"2016-10-28",745,"017118",,"1","9","0","3",,"1","002","C","N",,0,0,,,0,,,,"Y",2,"A","-",21801,"A","N","B","H","-","A","D","0","Y","D","22",0,0,1,0,0,0,0,0,0,"-","-","UNINCORPORATED","YUBA","CA",-121.21041,39.03501
"90316495",-121.5431174,39.0772705,2016,"5800","4","3","4","00",0,1,"A",,"Y",,,,1800,11,"H","G","A","MCGOWAN PARKWAY","POWERLINE ROAD",75,"W","N","2016-11-10",9285,"2016-11-02",1500,"017118",,"2","9","0","2",,"1","022","-","N",,0,0,,,0,,,,"N",2,"D","-",0,,"N","A","H","-","A","A","0","Y","-","-",0,0,1,0,0,0,1,0,0,"-","-","UNINCORPORATED","YUBA","CA",-121.32354,39.04384
"90320513",0,0,2016,"5800","4","1","3","12",0,3,"C",,,,,,2100,10,"A","C","A","N. BEALE ROAD","HAMMONTON SMARTSVILLE RD.",0,,"Y","2016-11-16",9285,"2016-10-31",2054,"019798",,"2","9","0","2",,"1","041","-","N",,0,0,,,0,,,,"Y",2,"A","-",21453,"A","N","B","H","-","C","A","0","Y","A","01",0,1,2,0,0,0,0,0,0,"-","-","UNINCORPORATED","YUBA","CA",-121.5557,39.12757
"90320563",0,0,2016,"5800","3","7","4","01",0,1,"A",,,,,"Y",2100,11,"E","I","A","SR-70 S/B","BOYER RD",1875,"S","N","2016-11-16",9285,"2016-11-06",1915,"019253",,"2","9","0","1",,"1","060","-","Y",,0,0,,,0,,,,"Y",1,"A","-",23152,"A","N","A","H","-","D","D","0","Y","A","01",0,0,1,0,0,0,0,0,0,"-","-","UNINCORPORATED","YUBA","CA",-121.5992,39.2513
"90321313",-121.4069732,39.230195,2016,"5800","3","3","2","03",0,1,"A",,,,,"Y",1800,11,"C","C","A","SR-20 ","BROWNS VALLEY SCHOOL RD",0,,"Y","2016-12-12",9285,"2016-11-09",1640,"017191",,"2","9","0","1",,"1","062","-","Y",,0,0,,,0,,,,"Y",3,"A","-",22350,,"N","A","H","-","B","D","0","Y","D","22",1,0,0,0,0,0,0,0,0,"-","-","UNINCORPORATED","YUBA","CA",-121.4073,39.2304
"90321721",-121.6009795,39.2261536,2016,"5800","3","4","2","06",0,1,"A",,,"Y","Y",,900,11,"B","C","A","STATE ROUTE 70","WOODRUFF LANE",2260,"N","N","2016-11-17",9285,"2016-11-10",830,"015491",,"1","9","0","1",,"1","060","-","Y",,0,0,,,0,,,,"Y",2,"A","-",21751,,"N","A","H","-","A","D","0","Y","C","02",1,0,0,0,0,0,0,0,1,"-","-","UNINCORPORATED","YUBA","CA",-121.60112,39.22539
"90321744",-121.5309573,39.135853,2016,"5800","4","2","3","03",0,1,"C",,,,,,1500,11,"E","I","A","HAMMONTON SMARTVILLE RD","ALBERTA AVE",78,"W","N","2016-11-17",9285,"2016-11-15",1228,"014401",,"1","9","0","2",,"1","042","-","N",,0,0,,,0,,,,"Y",1,"A","-",22350,,"N","B","H","-","A","D","0","Y","A","01",0,1,0,0,0,0,0,0,0,"-","-","UNINCORPORATED","YUBA","CA",-121.53103,39.13593
"90325687",-121.5469532,39.0933551,2016,"5800","5","2","4","09",0,2,"A",,,,,,900,11,"D","C","A","8TH AVENUE","FLEMING WAY",0,,"Y","2016-11-21",9285,"2016-11-08",836,"018291",,"1","9","0","3",,"1","002","-","N",,0,0,,,0,,,,"Y",2,"A","-",21802,"A","N","A","H","-","A","A","0","Y","A","01",0,0,2,0,0,0,0,0,0,"-","-","UNINCORPORATED","YUBA","CA",-121.54698,39.09337
"90325690",-121.4723616,39.218961,2016,"5800","3","5","4","03",0,6,"A",,,,,,1500,11,"C","C","A","STATE ROUTE 20","SPRING VALLEY ROAD",1945,"W","N","2016-11-21",9285,"2016-11-11",1234,"015491",,"1","9","0","1",,"1","062","-","Y",,0,0,,,0,,,,"Y",2,"A","-",22350,,"N","A","H","-","A","D","0","Y","A","01",0,0,6,0,0,0,0,0,0,"-","-","UNINCORPORATED","YUBA","CA",-121.47239,39.21893
"90327546",-121.492435,39.0855773,2016,"5800","5","6","3","08",0,1,"A",,,,,,2400,11,"E","I","A","VIRGINIA RD","STONEY WAY",2850,"S","N","2016-11-22",9285,"2016-11-12",2328,"018636",,"3","9","0","3",,"1","004","-","N",,0,0,,,0,,,,"Y",1,"A","-",22107,,"N","A","H","-","D","D","0","Y","A","01",0,1,0,0,0,0,0,0,0,"-","-","UNINCORPORATED","YUBA","CA",-121.49263,39.08558
"90327913",0,0,2016,"5800","5","4","4","01",0,1,"A",,,,,"Y",2100,11,"F","A","A","ALGODON RD","RIVER OAKS BLVD",200,"W","N","2016-11-22",9285,"2016-11-10",1900,"019760",,"2","9","0","3",,"1","002","-","N",,0,0,,,0,,,,"Y",1,"A","-",23152,"A","N","A","H","-","D","D","0","Y","A","07",0,0,1,0,0,0,0,0,0,"-","-","UNINCORPORATED","YUBA","CA",-121.55261,39.02603
"90329030",-121.451909,39.0269932,2016,"5800","4","5","4","03",0,4,"A",,,,,,1200,11,"C","C","A","SR-65","DAIRY RD",360,"N","N","2016-11-23",9285,"2016-11-04",940,"015976",,"1","9","0","2",,"2","025","-","Y",,0,0,,,0,,,,"Y",3,"A","-",22350,,"N","A","D","-","A","A","0","Y","A","01",0,0,4,0,0,0,0,0,0,"-","-","UNINCORPORATED","YUBA","CA",-121.4535,39.02805
"90330538",-121.5683011,39.1234537,2016,"5800","5","2","4","09",0,1,"A",,,,,,2100,11,"D","C","A","LINDHURST AVE","SCALES AVE",375,"N","N","2016-11-28",9285,"2016-11-22",1815,"019830",,"2","9","0","3",,"1","004","-","N",,0,0,,,0,,,,"N",2,"A","-",21801,"A","N","A","H","-","C","D","0","Y","A","01",0,0,1,0,0,0,0,0,0,"-","-","UNINCORPORATED","YUBA","CA",-121.56844,39.12348
"90331152",-121.3051507,39.3607703,2016,"5800","4","2","1","01",1,2,"A",,,,,"Y",2400,11,"A","C","A","MARYSVILLE ROAD","CO ROAD 270",1742,"W","N","2016-12-27",9285,"2016-11-15",2253,"018636",,"3","9","0","2",,"2","081","-","N",,0,0,,,0,,,,"Y",2,"A","-",23152,"A","N","A","H","-","D","D","0","Y","D","22",1,0,1,0,0,0,0,0,0,"-","-","UNINCORPORATED","YUBA","CA",-121.30838,39.36163
"90331250",-121.5670786,39.1215143,2016,"5800","4","6","3","03",0,1,"B",,,,,,1500,11,"E","I","A","HAMMONTON SMARTVILLE ROAD","HAMMONTON ROAD",815,"E","N","2016-11-28",9285,"2016-11-19",1430,"015491",,"2","9","0","2",,"1","042","C","N",,0,0,,,0,,,,"Y",1,"A","-",22350,,"N","B","H","-","A","D","0","Y","D","22",0,1,0,0,0,0,0,0,0,"-","-","UNINCORPORATED","YUBA","CA",-121.44904,39.16631
"90331470",-121.4724571,39.285544,2016,"5800","4","2","4","08",0,1,"A",,,,,,900,11,"F","I","A","LOMA RICA RD","IOWA CITY RD",1109,"S","N","2016-11-29",9285,"2016-11-15",709,"014401",,"1","9","0","2",,"1","061","-","N",,0,0,,,0,,,,"Y",1,"A","-",22107,,"N","A","H","-","A","D","0","Y","A","08",0,0,1,0,0,0,0,0,0,"-","-","UNINCORPORATED","YUBA","CA",-121.47279,39.28509
"90334192",-121.5714632,39.1179651,2016,"5800","4","5","4","09",0,1,"A",,,,,,1800,11,"D","C","A","ARBOGA ROAD","GRAND AVE",0,,"Y","2016-12-01",9285,"2016-11-18",1540,"016343",,"2","9","0","2",,"1","022","-","N",,0,0,,,0,,,,"Y",2,"A","-",21802,"A","N","A","H","-","A","D","0","Y","A","01",0,0,1,0,0,0,0,0,0,"-","-","UNINCORPORATED","YUBA","CA",-121.57144,39.11796
"90334243",-121.5803047,39.1040472,2016,"5800","4","5","4","01",0,1,"B",,,,,,2400,11,"F","A","A","FEATHER RIVER BOULEVARD","VIRGINIA AVE",552,"N","N","2016-12-01",9285,"2016-11-18",2119,"020170",,"2","9","0","2",,"2","021","-","N",,0,0,,,0,,,,"Y",1,"A","-",23152,"E","N","A","H","-","D","D","0","Y","D","22",0,0,1,0,0,0,0,0,0,"-","-","UNINCORPORATED","YUBA","CA",-121.58029,39.10512
"90334350",-121.5128484,39.2132705,2016,"5800","3","1","4","09",0,2,"A",,,,,,1800,11,"B","C","A","SR-20","WOODRUFF LANE",9,"E","N","2016-12-01",9285,"2016-11-21",1750,"017393",,"2","9","0","1",,"1","062","-","Y",,0,0,,,0,,,,"Y",2,"A","-",21801,"A","N","A","H","-","D","D","0","Y","A","01",0,0,2,0,0,0,0,0,0,"-","-","UNINCORPORATED","YUBA","CA",-121.51269,39.21329
"90334849",-121.4069732,39.230195,2016,"5800","3","3","4","03",0,1,"A",,,,,,2100,11,"C","C","A","SR-20","BROWNS VALLEY SCHOOL RD",0,,"Y","2016-12-01",9285,"2016-11-23",1800,"019760",,"2","9","0","1",,"1","062","-","Y",,0,0,,,0,,,,"Y",2,"A","-",22350,,"N","A","H","-","D","D","0","Y","D","22",0,0,1,0,0,0,0,0,0,"-","-","UNINCORPORATED","YUBA","CA",-120.40707,39.23015
"90336519",-121.2668523,39.4401103,2016,"5800","4","4","3","08",0,1,"A",,,,,,1800,11,"E","I","A","NEW YORK HOUSE ROAD","FORSYTHE RD",257,"N","N","2016-12-05",9285,"2016-11-17",1736,"018986",,"2","9","0","2",,"2","082","-","N",,0,0,,,0,,,,"N",1,"A","-",22107,,"N","A","H","-","D","D","0","Y","A","08",0,1,0,0,0,0,0,0,0,"-","-","UNINCORPORATED","YUBA","CA",-121.26571,39.4406
"90336969",0,0,2016,"5800","3","2","4","03",0,1,"A",,,,,,1500,11,"C","C","A","SR-70 (N/B)","1ST ST. U/C",200,"S","N","2016-12-05",9285,"2016-11-29",1422,"018291",,"2","9","0","1",,"1","020","-","Y",,0,0,,,0,,,,"N",2,"A","-",22350,,"N","A","H","-","A","D","0","Y","A","01",0,0,1,0,0,0,0,0,0,"-","-","UNINCORPORATED","YUBA","CA",-121.5897,39.13521
"90340408",0,0,2016,"5800","3","2","4","03",0,1,"A",,,,,,1800,12,"C","C","A","SR-70 N/B","FEATHER RIVER BLVD",80,"S","N","2016-12-08",9285,"2016-12-06",1627,"018475",,"2","9","0","1",,"1","020","-","Y",,0,0,,,0,,,,"Y",2,"A","-",22350,,"N","A","H","-","A","D","0","Y","A","01",0,0,1,0,0,0,0,0,0,"-","-","UNINCORPORATED","YUBA","CA",-121.57698,39.12444
"90342395",-121.5443937,39.096651,2016,"5800","5","6","3","08",0,1,"B",,,,,,2400,11,"E","I","A","POWERLINE RD","TURPEN ST",15,"S","N","2016-12-12",9285,"2016-11-19",2210,"019253",,"3","9","0","3",,"1","002","C","N",,0,0,,,0,,,,"Y",1,"A","-",22107,,"N","B","H","-","C","D","0","Y","A","08",0,1,0,0,0,0,0,0,0,"-","-","UNINCORPORATED","YUBA","CA",-121.54443,39.09666
"90342417",-121.5467049,39.0772109,2016,"5800","4","3","3","01",0,1,"A",,,,,"Y",300,12,"C","E","A","MCGOWAN PKY","FLEMING WAY",150,"E","N","2016-12-12",9285,"2016-12-07",220,"019760",,"3","9","0","2",,"1","022","-","N",,0,0,,,0,,,,"N",3,"A","-",23152,"A","N","A","H","-","D","D","0","Y","A","01",0,1,0,0,0,0,0,0,0,"-","-","UNINCORPORATED","YUBA","CA",-121.54653,39.0773
"90342946",0,0,2016,"5800","3","6","2","08",0,1,"A",,,,,,1800,10,"B","C","A","SR-70 (N/B)","MCGOWAN PKY",4224,"S","N","2016-12-13",9285,"2016-10-01",1700,"018291",,"2","9","0","1",,"1","020","-","Y",,0,0,,,0,,,,"Y",2,"A","-",22107,,"F","A","H","-","A","D","0","Y","A","01",1,0,0,0,0,0,0,0,0,"-","-","UNINCORPORATED","YUBA","CA",-121.54175,39.06885
"90344229",-121.3687432,39.3137151,2016,"5800","4","2","2","09",0,1,"A",,,,,,1200,12,"D","C","A","MARYSVILLE RD","SCOTT GRANT RD",0,,"Y","2016-12-14",9285,"2016-12-06",1150,"018475",,"1","9","0","2",,"1","061","-","N",,0,0,,,0,,,,"Y",2,"A","-",21802,"A","N","A","H","-","A","A","0","Y","D","22",1,0,0,0,0,0,0,0,0,"-","-","UNINCORPORATED","YUBA","CA",-121.36886,39.31344
"90344310",-121.4816325,39.1531043,2016,"5800","4","6","3","08",0,2,"A",,,,,,600,11,"E","I","A","HAMMONTON SMARTVILLE RD","BROPHY RD",1456,"E","N","2016-12-14",9285,"2016-11-26",530,"019223",,"3","9","0","2",,"1","042","-","N",,0,0,,,0,,,,"Y",1,"A","-",22107,,"N","A","H","-","D","D","0","Y","J","41",0,1,1,0,0,0,0,0,0,"-","-","UNINCORPORATED","YUBA","CA",-121.48161,39.15308
"90344343",-121.5528936,39.104752,2016,"5800","3","3","4","03",0,1,"A",,,,,,900,12,"C","C","A","STATE ROUTE 70 NORTHBOUND","OLIVEHURST AVE",1056,"N","N","2016-12-14",9285,"2016-12-07",805,"017534",,"1","9","0","1",,"1","020","-","Y",,0,0,,,0,,,,"Y",2,"A","-",22350,,"N","A","H","-","A","D","0","Y","A","01",0,0,1,0,0,0,0,0,0,"-","-","UNINCORPORATED","YUBA","CA",-121.55291,39.10527
"90344404",-121.5516168,39.0947068,2016,"5800","4","5","4","00",0,2,"B",,,,,,1800,11,"A","C","A","OLIVEHURST AVE","7TH AVE",207,"S","N","2016-12-14",9285,"2016-11-25",1715,"015976",,"2","9","0","2",,"1","022","-","N",,0,0,,,0,,,,"N",2,"D","-",0,,"N","A","H","-","C","D","0","Y","-","-",0,0,2,0,0,0,0,0,0,"-","-","UNINCORPORATED","YUBA","CA",-121.55155,39.09478
"90344411",0,0,2016,"5800","5","4","3","09",0,1,"A",,,"Y",,,1800,12,"F","A","A","GRIEGO AVENUE","SUNDARI AVENUE",0,,"Y","2016-12-14",9285,"2016-12-01",1640,"017118",,"2","9","0","3",,"1","002","-","N",,0,0,,,0,,,,"N",3,"A","-",21801,"A","F","A","H","-","A","D","0","Y","-","99",0,1,0,0,0,0,0,0,1,"-","-","UNINCORPORATED","YUBA","CA",-121.55261,39.08454
"90345473",0,0,2016,"5800","3","3","3","01",0,1,"A",,,,,,900,11,"F","I","A","SR-20 W/B","HALLWOOD BLVD",4600,"W","N","2016-12-15",9285,"2016-11-30",749,"018522",,"1","9","0","1",,"1","062","-","Y",,0,0,,,0,,,,"Y",1,"A","-",23152,"E","N","B","H","-","A","D","0","Y","A","08",0,1,0,0,0,0,0,0,0,"-","-","UNINCORPORATED","YUBA","CA",-121.52878,39.19475
"90347488",-121.1721284,39.3608496,2016,"5800","4","5","4","08",0,1,"B",,,,,,1800,11,"A","C","A","MARYSVILLE RD","OREGON HILL RD",6864,"W","N","2016-12-19",9285,"2016-11-25",1702,"018986",,"2","9","0","2",,"2","081","-","N",,0,0,,,0,,,,"Y",2,"A","-",22107,,"N","B","H","-","D","D","0","Y","A","08",0,0,1,0,0,0,0,0,0,"-","-","UNINCORPORATED","YUBA","CA",-121.17384,39.36132
"90347794",-121.5864814,39.1301691,2016,"5800","3","1","4","03",0,2,"A",,,,,,1500,11,"C","C","A","STATE ROUTE 70","1ST STREET",2322,"S","N","2016-12-19",9285,"2016-11-28",1445,"017900",,"2","9","0","1",,"1","020","-","Y",,0,0,,,0,,,,"Y",3,"A","-",22350,,"N","A","H","-","A","D","0","Y","A","07",0,0,2,0,0,0,0,0,0,"-","-","UNINCORPORATED","YUBA","CA",-121.58606,39.13005
"90347808",-121.5802677,39.1042564,2016,"5800","4","4","1","03",1,1,"C",,,,,,900,12,"D","C","A","FEATHER RIVER BLVD","GRAND AVENUE",923,"S","N","2016-12-19",9285,"2016-12-08",732,"016343",,"1","9","0","2",,"2","021","-","N",,0,0,,,0,,,,"Y",2,"A","-",22350,,"N","B","H","-","A","D","0","Y","A","01",0,1,0,0,0,0,0,0,0,"-","-","UNINCORPORATED","YUBA","CA",-121.58027,39.10439
"90349858",-121.0846087,39.3952048,2016,"5800","3","1","3","01",0,1,"A",,,,,"Y",2100,12,"E","I","A","SR-49","RIDGE RD",528,"S","N","2016-12-21",9230,"2016-12-12",1800,"019235",,"2","9","0","1",,"1","081","-","Y",,0,0,,,0,,,,"Y",1,"A","-",23152,"A","N","B","H","-","D","A","0","Y","D","22",0,1,0,0,0,0,0,0,0,"-","-","UNINCORPORATED","YUBA","CA",-121.07277,39.41154
"90349949",0,0,2016,"5800","5","5","4","01",0,1,"A",,,,,"Y",2400,12,"E","I","A","TALAK WAY W/B","NISENAN LANE",0,,"Y","2016-12-21",9285,"2016-12-16",2130,"020170",,"2","9","0","3",,"1","002","-","N",,0,0,,,0,,,,"N",1,"A","-",23152,"A","N","A","H","-","D","A","0","Y","A","01",0,0,1,0,0,0,0,0,0,"-","-","UNINCORPORATED","YUBA","CA",-121.3394,39.06668
"90350002",-121.3517431,39.0650751,2016,"5800","5","1","2","09",0,2,"B",,,"Y",,,900,12,"D","C","A","CAMP FAR WEST ROAD","SPENCEVILLE ROAD",0,,"Y","2016-12-21",9285,"2016-12-12",625,"017534",,"1","9","0","3",,"1","002","-","N",,0,0,,,0,,,,"Y",2,"A","-",21802,"A","N","A","H","-","D","A","0","Y","A","01",1,1,0,0,0,0,0,0,1,"-","-","UNINCORPORATED","YUBA","CA",-121.35222,39.06488
"90350375",0,0,2016,"5800","3","4","4","03",0,2,"B",,,,,,1500,12,"F","A","A","N/B SR-70 ONRAMP FROM FEATHER RIVER BLD","FEATHER RIVER BLVD",240,"S","N","2016-12-21",9285,"2016-12-08",1210,"017118",,"1","9","0","1",,"1","020","C","Y",,0,0,,,0,,,,"Y",1,"A","-",22350,,"N","B","H","-","A","D","0","Y","D","22",0,0,2,0,0,0,0,0,0,"-","-","UNINCORPORATED","YUBA","CA",-121.5759,39.12409
"90350379",0,0,2016,"5800","3","5","4","03",0,2,"B",,,,,,900,12,"E","I","A","N/B SR-70 FROM OLIVEHURST AVENUE","OLIVEHURST AVENUE",125,"S","N","2016-12-21",9285,"2016-12-09",742,"017118",,"1","9","0","1",,"1","020","C","Y",,0,0,,,0,,,,"Y",1,"A","-",22350,,"N","B","H","-","A","D","0","Y","D","22",0,0,2,0,0,0,0,0,0,"-","-","UNINCORPORATED","YUBA","CA",-121.54958,39.10285
"90356880",-121.5414446,39.0773058,2016,"5800","4","6","4","09",0,1,"A",,,,"Y",,1500,12,"D","C","A","MCGOWAN PKWY","POWERLINE RD.",400,"E","N","2016-12-29",9285,"2016-12-24",1350,"018291",,"1","9","0","2",,"1","022","-","N",,0,0,,,0,,,,"Y",2,"A","-",21801,"A","N","A","H","-","A","A","0","Y","G","25",0,0,1,0,0,0,0,0,0,"-","-","UNINCORPORATED","YUBA","CA",-121.54091,39.07731
"90356903",-121.5424197,39.0928152,2016,"5800","5","1","4","08",0,1,"A",,,,,,2100,11,"F","A","A","POWERLINE RD","8TH AVE",150,"S","N","2016-12-29",9285,"2016-11-28",2051,"018636",,"2","9","0","3",,"1","002","-","N",,0,0,,,0,,,,"Y",1,"A","-",22107,,"N","A","H","-","C","D","0","Y","A","01",0,0,1,0,0,0,0,0,0,"-","-","UNINCORPORATED","YUBA","CA",-121.54244,39.09279
"90357264",0,0,2016,"5800","4","6","2","08",0,1,"A",,,,,"Y",1200,12,"E","I","A","WILLOW GLEN RD","MEADOW LN",5690,"N","N","2016-12-29",9285,"2016-12-24",930,"018475",,"1","9","0","2",,"2","081","-","N",,0,0,,,0,,,,"Y",1,"A","-",22107,,"N","A","H","-","A","D","0","Y","D","22",1,0,0,0,0,0,0,0,0,"-","-","UNINCORPORATED","YUBA","CA",-121.31536,39.3941
"90359478",-121.3204169,39.3788374,2016,"5800","4","5","4","08",0,1,"B",,,,,,1800,12,"E","I","A","WILLOW GLEN RD","SKY GLEN DR",30,"N","N","2017-01-03",9285,"2016-12-09",1715,"018986",,"2","9","0","2",,"2","081","-","N",,0,0,,,0,,,,"Y",1,"A","-",22107,,"N","B","H","-","D","D","0","Y","A","01",0,0,1,0,0,0,0,0,0,"-","-","UNINCORPORATED","YUBA","CA",-121.3203,39.37906
"90359488",-121.3978624,39.2551952,2016,"5800","4","7","2","01",0,1,"A",,,,,"Y",1800,12,"E","I","A","MARYSVILLE RD","BALD MOUNTAIN RD",2640,"S","N","2017-01-03",9285,"2016-12-18",1608,"018522",,"2","9","0","2",,"1","061","-","N",,0,0,,,0,,,,"Y",1,"A","-",23152,"A","N","A","H","-","A","D","0","Y","A","01",1,0,0,0,0,0,0,0,0,"-","-","UNINCORPORATED","YUBA","CA",-121.39895,39.25384
"90359527",0,0,2016,"5800","5","6","4","01",0,1,"A",,,,,,600,12,"E","I","A","STONE WOOD LOOP","RIVER ROCK DRIVE",0,,"Y","2017-01-03",9285,"2016-12-24",500,"019223",,"3","9","0","3",,"1","004","-","N",,0,0,,,0,,,,"Y",1,"A","-",23152,"E","N","A","H","-","C","A","0","Y","A","01",0,0,1,0,0,0,0,0,0,"-","-","UNINCORPORATED","YUBA","CA",0,0
"90360709",-121.4590988,39.0280393,2016,"5800","5","5","3","08",0,1,"A",,,,,,1500,12,"E","I","A","OAKLEY LN","DAIRY ROAD",1584,"N","N","2017-01-04",9285,"2016-12-30",1431,"018522",,"2","9","0","3",,"1","002","-","N",,0,0,,,0,,,,"Y",1,"A","-",22107,,"N","A","H","-","A","D","0","Y","A","07",0,1,0,0,0,0,0,0,0,"-","-","UNINCORPORATED","YUBA","CA",-121.45933,39.02855
"90360714",-121.5455591,39.1801697,2016,"5800","3","2","4","03",0,1,"A",,,,,,1500,12,"C","C","A","SR-20","PLANTZ RD",490,"W","N","2017-01-04",9285,"2016-12-27",1205,"018475",,"1","9","0","1",,"1","062","-","Y",,0,0,,,0,,,,"Y",2,"A","-",22350,,"N","A","H","-","A","D","0","Y","A","01",0,0,1,0,0,0,0,0,0,"-","-","UNINCORPORATED","YUBA","CA",-121.54567,39.1802
"90360803",0,0,2016,"5800","4","5","4","11",0,1,"B","Y",,,,,1800,12,"G","B","D","NORTH BEALE ROAD","LINDHURST AVE",105,"E","N","2017-01-04",9285,"2016-12-23",1527,"018986",,"2","9","0","2",,"1","041","-","N",,0,0,,,0,,,,"Y",2,"A","-",21954,"A","N","A","H","-","A","D","0","Y","N","60",0,0,1,0,1,0,0,0,0,"-","-","UNINCORPORATED","YUBA","CA",-121.57072,39.12484
"90360812",-121.4391231,39.169065,2016,"5800","4","2","3","09",0,1,"A",,,,,,1200,12,"D","C","A","HAMMONTON SMARTVILLE RD","DOOLITTLE DR",0,,"Y","2017-01-04",9285,"2016-12-27",1100,"018475",,"1","9","0","2",,"1","042","-","N",,0,0,,,0,,,,"Y",3,"A","-",21801,"A","N","A","H","-","A","A","0","Y","A","07",0,1,0,0,0,0,0,0,0,"-","-","UNINCORPORATED","YUBA","CA",-121.43907,39.16906